{
  "data": [
    {
      "orientation": "v",
      "width": [0.95, 0.95, 0.95, 0.95, 0.949999999999999, 0.949999999999999, 0.949999999999999, 0.949999999999999, 0.949999999999999, 0.949999999999999, 0.949999999999999, 0.949999999999999, 0.949999999999999, 0.949999999999999, 0.949999999999999, 0.950000000000001, 0.950000000000003, 0.950000000000003, 0.950000000000003, 0.950000000000003, 0.950000000000003, 0.950000000000003, 0.950000000000003, 0.950000000000003, 0.950000000000003, 0.950000000000003, 0.950000000000003, 0.950000000000003, 0.950000000000003, 0.950000000000003, 0.950000000000003, 0.950000000000003],
      "base": [0, 0, 0, 0, 0, 0, 0, 0, 0, 0, 0, 0, 0, 0, 0, 0, 0, 0, 0, 0, 0, 0, 0, 0, 0, 0, 0, 0, 0, 0, 0, 0],
      "x": [1, 2, 3, 4, 5, 6, 7, 8, 9, 10, 11, 12, 13, 14, 15, 16, 17, 18, 19, 20, 21, 22, 23, 24, 25, 26, 27, 28, 29, 30, 31, 32],
      "y": [0.461977186311787, 0.268060836501901, 0.245247148288973, 0.155893536121673, 0.150190114068441, 0.127376425855513, 0.123574144486692, 0.123574144486692, 0.110266159695817, 0.102661596958175, 0.102661596958175, 0.0855513307984791, 0.0855513307984791, 0.0779467680608365, 0.0760456273764259, 0.0741444866920152, 0.0684410646387833, 0.0684410646387833, 0.05893536121673, 0.0551330798479087, 0.0418250950570342, 0.032319391634981, 0.0285171102661597, 0.0209125475285171, 0.0190114068441065, 0.0133079847908745, 0.0114068441064639, 0.00950570342205323, 0.00950570342205323, 0.00760456273764259, 0.00570342205323194, 0.00380228136882129],
      "text": ["Category: Visualisation<br />Count: 243<br />Percent: 46.2", "Category: Clustering<br />Count: 141<br />Percent: 26.8", "Category: Dimensionality Reduction<br />Count: 129<br />Percent: 24.5", "Category: Normalisation<br />Count: 82<br />Percent: 15.6", "Category: Ordering<br />Count: 79<br />Percent: 15", "Category: Quality Control<br />Count: 67<br />Percent: 12.7", "Category: Differential Expression<br />Count: 65<br />Percent: 12.4", "Category: Interactive<br />Count: 65<br />Percent: 12.4", "Category: Gene Networks<br />Count: 58<br />Percent: 11", "Category: Integration<br />Count: 54<br />Percent: 10.3", "Category: Marker Genes<br />Count: 54<br />Percent: 10.3", "Category: Classification<br />Count: 45<br />Percent: 8.6", "Category: Simulation<br />Count: 45<br />Percent: 8.6", "Category: Variable Genes<br />Count: 41<br />Percent: 7.8", "Category: Gene Filtering<br />Count: 40<br />Percent: 7.6", "Category: Imputation<br />Count: 39<br />Percent: 7.4", "Category: Gene Sets<br />Count: 36<br />Percent: 6.8", "Category: Quantification<br />Count: 36<br />Percent: 6.8", "Category: UMIs<br />Count: 31<br />Percent: 5.9", "Category: Expression Patterns<br />Count: 29<br />Percent: 5.5", "Category: Alignment<br />Count: 22<br />Percent: 4.2", "Category: Variants<br />Count: 17<br />Percent: 3.2", "Category: Cell Cycle<br />Count: 15<br />Percent: 2.9", "Category: Immune<br />Count: 11<br />Percent: 2.1", "Category: Alternative Splicing<br />Count: 10<br />Percent: 1.9", "Category: Rare Cells<br />Count: 7<br />Percent: 1.3", "Category: Assembly<br />Count: 6<br />Percent: 1.1", "Category: Allele Specific<br />Count: 5<br />Percent: 1", "Category: Stem Cells<br />Count: 5<br />Percent: 1", "Category: Transformation<br />Count: 4<br />Percent: 0.8", "Category: Modality<br />Count: 3<br />Percent: 0.6", "Category: Haplotypes<br />Count: 2<br />Percent: 0.4"],
      "type": "bar",
      "marker": {
        "autocolorscale": false,
        "color": "rgba(122,82,199,1)",
        "line": {
          "width": 1.88976377952756,
          "color": "transparent"
        }
      },
      "showlegend": false,
      "xaxis": "x",
      "yaxis": "y",
      "hoverinfo": "text",
      "frame": null
    }
  ],
  "layout": {
    "margin": {
      "t": 50,
      "r": 30,
      "b": 50,
      "l": 70
    },
    "font": {
      "color": "rgba(0,0,0,1)",
      "family": "",
      "size": 18.5969281859693
    },
    "xaxis": {
      "domain": [0, 1],
      "automargin": true,
      "type": "linear",
      "autorange": false,
      "range": [0.4, 32.6],
      "tickmode": "array",
      "ticktext": ["Visualisation", "Clustering", "Dimensionality Reduction", "Normalisation", "Ordering", "Quality Control", "Differential Expression", "Interactive", "Gene Networks", "Integration", "Marker Genes", "Classification", "Simulation", "Variable Genes", "Gene Filtering", "Imputation", "Gene Sets", "Quantification", "UMIs", "Expression Patterns", "Alignment", "Variants", "Cell Cycle", "Immune", "Alternative Splicing", "Rare Cells", "Assembly", "Allele Specific", "Stem Cells", "Transformation", "Modality", "Haplotypes"],
      "tickvals": [1, 2, 3, 4, 5, 6, 7, 8, 9, 10, 11, 12, 13, 14, 15, 16, 17, 18, 19, 20, 21, 22, 23, 24, 25, 26, 27, 28, 29, 30, 31, 32],
      "categoryorder": "array",
      "categoryarray": ["Visualisation", "Clustering", "Dimensionality Reduction", "Normalisation", "Ordering", "Quality Control", "Differential Expression", "Interactive", "Gene Networks", "Integration", "Marker Genes", "Classification", "Simulation", "Variable Genes", "Gene Filtering", "Imputation", "Gene Sets", "Quantification", "UMIs", "Expression Patterns", "Alignment", "Variants", "Cell Cycle", "Immune", "Alternative Splicing", "Rare Cells", "Assembly", "Allele Specific", "Stem Cells", "Transformation", "Modality", "Haplotypes"],
      "nticks": null,
      "ticks": "outside",
      "tickcolor": "rgba(0,0,0,1)",
      "ticklen": 4.64923204649232,
      "tickwidth": 0.66417600664176,
      "showticklabels": true,
      "tickfont": {
        "color": "rgba(0,0,0,1)",
        "family": "",
        "size": 15.9402241594022
      },
      "tickangle": -60,
      "showline": true,
      "linecolor": "rgba(0,0,0,1)",
      "linewidth": 0.66417600664176,
      "showgrid": false,
      "gridcolor": null,
      "gridwidth": 0,
      "zeroline": false,
      "anchor": "y",
      "title": {
        "text": "",
        "font": {
          "color": null,
          "family": null,
          "size": 0
        }
      },
      "hoverformat": ".2f"
    },
    "yaxis": {
      "domain": [0, 1],
      "automargin": true,
      "type": "linear",
      "autorange": false,
      "range": [-0.0230988593155894, 0.485076045627376],
      "tickmode": "array",
      "ticktext": ["0.0%", "10.0%", "20.0%", "30.0%", "40.0%"],
      "tickvals": [0, 0.1, 0.2, 0.3, 0.4],
      "categoryorder": "array",
      "categoryarray": ["0.0%", "10.0%", "20.0%", "30.0%", "40.0%"],
      "nticks": null,
      "ticks": "outside",
      "tickcolor": "rgba(0,0,0,1)",
      "ticklen": 4.64923204649232,
      "tickwidth": 0.66417600664176,
      "showticklabels": true,
      "tickfont": {
        "color": "rgba(0,0,0,1)",
        "family": "",
        "size": 15.9402241594022
      },
      "tickangle": -0,
      "showline": true,
      "linecolor": "rgba(0,0,0,1)",
      "linewidth": 0.66417600664176,
      "showgrid": false,
      "gridcolor": null,
      "gridwidth": 0,
      "zeroline": false,
      "anchor": "x",
      "title": {
        "text": "Percentage of tools",
        "font": {
          "color": "rgba(0,0,0,1)",
          "family": "",
          "size": 18.5969281859693
        }
      },
      "hoverformat": ".2f"
    },
    "shapes": [
      {
        "type": "rect",
        "fillcolor": null,
        "line": {
          "color": null,
          "width": 0,
          "linetype": []
        },
        "yref": "paper",
        "xref": "paper",
        "x0": 0,
        "x1": 1,
        "y0": 0,
        "y1": 1
      }
    ],
    "showlegend": false,
    "legend": {
      "bgcolor": null,
      "bordercolor": null,
      "borderwidth": 0,
      "font": {
        "color": "rgba(0,0,0,1)",
        "family": "",
        "size": 15.9402241594022
      }
    },
    "hovermode": "closest",
    "height": 600,
    "barmode": "relative",
    "autosize": true
  },
  "config": {
    "doubleClick": "reset",
    "showSendToCloud": false,