{
  "data": [
    {
      "orientation": "v",
      "width": [0.95, 0.95, 0.95, 0.95, 0.949999999999999, 0.949999999999999, 0.949999999999999, 0.949999999999999, 0.949999999999999, 0.949999999999999, 0.949999999999999, 0.949999999999999, 0.949999999999999, 0.949999999999999, 0.949999999999999, 0.950000000000001, 0.950000000000003, 0.950000000000003, 0.950000000000003, 0.950000000000003, 0.950000000000003, 0.950000000000003, 0.950000000000003, 0.950000000000003, 0.950000000000003, 0.950000000000003, 0.950000000000003, 0.950000000000003, 0.950000000000003, 0.950000000000003, 0.950000000000003, 0.950000000000003, 0.950000000000003],
      "base": [0, 0, 0, 0, 0, 0, 0, 0, 0, 0, 0, 0, 0, 0, 0, 0, 0, 0, 0, 0, 0, 0, 0, 0, 0, 0, 0, 0, 0, 0, 0, 0, 0],
      "x": [1, 2, 3, 4, 5, 6, 7, 8, 9, 10, 11, 12, 13, 14, 15, 16, 17, 18, 19, 20, 21, 22, 23, 24, 25, 26, 27, 28, 29, 30, 31, 32, 33],
      "y": [0.411902897415818, 0.244322631166797, 0.243539545810493, 0.143304620203602, 0.119812059514487, 0.115113547376664, 0.115113547376664, 0.104933437744714, 0.101018010963195, 0.100234925606891, 0.0853563038371182, 0.0736100234925607, 0.0704776820673453, 0.0642129992169146, 0.062646828504307, 0.0618637431480031, 0.0610806577916993, 0.0462020360219264, 0.0415035238841034, 0.0360219263899765, 0.0344557556773688, 0.0328895849647612, 0.0274079874706343, 0.0219263899765074, 0.0219263899765074, 0.0180109631949883, 0.0125293657008614, 0.00704776820673453, 0.0062646828504307, 0.00548159749412686, 0.00548159749412686, 0.00469851213782302, 0.00156617071260767],
      "text": ["Category: Visualisation<br />Prop: 0.411902897<br />Count: 526<br />Percent: 41.2", "Category: Clustering<br />Prop: 0.244322631<br />Count: 312<br />Percent: 24.4", "Category: Dimensionality Reduction<br />Prop: 0.243539546<br />Count: 311<br />Percent: 24.4", "Category: Integration<br />Prop: 0.143304620<br />Count: 183<br />Percent: 14.3", "Category: Gene Networks<br />Prop: 0.119812060<br />Count: 153<br />Percent: 12", "Category: Classification<br />Prop: 0.115113547<br />Count: 147<br />Percent: 11.5", "Category: Ordering<br />Prop: 0.115113547<br />Count: 147<br />Percent: 11.5", "Category: Differential Expression<br />Prop: 0.104933438<br />Count: 134<br />Percent: 10.5", "Category: Quality Control<br />Prop: 0.101018011<br />Count: 129<br />Percent: 10.1", "Category: Normalisation<br />Prop: 0.100234926<br />Count: 128<br />Percent: 10", "Category: Marker Genes<br />Prop: 0.085356304<br />Count: 109<br />Percent: 8.5", "Category: Interactive<br />Prop: 0.073610023<br />Count: 94<br />Percent: 7.4", "Category: Gene Sets<br />Prop: 0.070477682<br />Count: 90<br />Percent: 7", "Category: Imputation<br />Prop: 0.064212999<br />Count: 82<br />Percent: 6.4", "Category: Simulation<br />Prop: 0.062646829<br />Count: 80<br />Percent: 6.3", "Category: Quantification<br />Prop: 0.061863743<br />Count: 79<br />Percent: 6.2", "Category: Variable Genes<br />Prop: 0.061080658<br />Count: 78<br />Percent: 6.1", "Category: Gene Filtering<br />Prop: 0.046202036<br />Count: 59<br />Percent: 4.6", "Category: Variants<br />Prop: 0.041503524<br />Count: 53<br />Percent: 4.2", "Category: Alignment<br />Prop: 0.036021926<br />Count: 46<br />Percent: 3.6", "Category: UMIs<br />Prop: 0.034455756<br />Count: 44<br />Percent: 3.4", "Category: Expression Patterns<br />Prop: 0.032889585<br />Count: 42<br />Percent: 3.3", "Category: Alternative Splicing<br />Prop: 0.027407987<br />Count: 35<br />Percent: 2.7", "Category: Cell Cycle<br />Prop: 0.021926390<br />Count: 28<br />Percent: 2.2", "Category: Immune<br />Prop: 0.021926390<br />Count: 28<br />Percent: 2.2", "Category: Perturbations<br />Prop: 0.018010963<br />Count: 23<br />Percent: 1.8", "Category: Rare Cells<br />Prop: 0.012529366<br />Count: 16<br />Percent: 1.3", "Category: Assembly<br />Prop: 0.007047768<br />Count: 9<br />Percent: 0.7", "Category: Transformation<br />Prop: 0.006264683<br />Count: 8<br />Percent: 0.6", "Category: Modality<br />Prop: 0.005481597<br />Count: 7<br />Percent: 0.5", "Category: Stem Cells<br />Prop: 0.005481597<br />Count: 7<br />Percent: 0.5", "Category: Allele Specific<br />Prop: 0.004698512<br />Count: 6<br />Percent: 0.5", "Category: Haplotypes<br />Prop: 0.001566171<br />Count: 2<br />Percent: 0.2"],
      "type": "bar",
      "textposition": "none",
      "marker": {
        "autocolorscale": false,
        "color": "rgba(122,82,199,1)",
        "line": {
          "width": 1.88976377952756,
          "color": "transparent"
        }
      },
      "showlegend": false,
      "xaxis": "x",
      "yaxis": "y",
      "hoverinfo": "text",
      "frame": null
    }
  ],
  "layout": {
    "margin": {
      "t": 0,
      "r": 10,
      "b": 0,
      "l": 55
    },
    "font": {
      "color": "rgba(0,0,0,1)",
      "family": "",
      "size": 18.5969281859693
    },
    "xaxis": {
      "domain": [0, 1],
      "automargin": true,
      "type": "linear",
      "autorange": false,
      "range": [0.4, 33.6],
      "tickmode": "array",
      "ticktext": ["Visualisation", "Clustering", "Dimensionality Reduction", "Integration", "Gene Networks", "Classification", "Ordering", "Differential Expression", "Quality Control", "Normalisation", "Marker Genes", "Interactive", "Gene Sets", "Imputation", "Simulation", "Quantification", "Variable Genes", "Gene Filtering", "Variants", "Alignment", "UMIs", "Expression Patterns", "Alternative Splicing", "Cell Cycle", "Immune", "Perturbations", "Rare Cells", "Assembly", "Transformation", "Modality", "Stem Cells", "Allele Specific", "Haplotypes"],
      "tickvals": [1, 2, 3, 4, 5, 6, 7, 8, 9, 10, 11, 12, 13, 14, 15, 16, 17, 18, 19, 20, 21, 22, 23, 24, 25, 26, 27, 28, 29, 30, 31, 32, 33],
      "categoryorder": "array",
      "categoryarray": ["Visualisation", "Clustering", "Dimensionality Reduction", "Integration", "Gene Networks", "Classification", "Ordering", "Differential Expression", "Quality Control", "Normalisation", "Marker Genes", "Interactive", "Gene Sets", "Imputation", "Simulation", "Quantification", "Variable Genes", "Gene Filtering", "Variants", "Alignment", "UMIs", "Expression Patterns", "Alternative Splicing", "Cell Cycle", "Immune", "Perturbations", "Rare Cells", "Assembly", "Transformation", "Modality", "Stem Cells", "Allele Specific", "Haplotypes"],
      "nticks": null,
      "ticks": "outside",
      "tickcolor": "rgba(0,0,0,1)",
      "ticklen": 4.64923204649232,
      "tickwidth": 0.66417600664176,
      "showticklabels": true,
      "tickfont": {
        "color": "rgba(0,0,0,1)",
        "family": "",
        "size": 7
      },
      "tickangle": -60,
      "showline": true,
      "linecolor": "rgba(0,0,0,1)",
      "linewidth": 0.66417600664176,
      "showgrid": false,
      "gridcolor": null,
      "gridwidth": 0,
      "zeroline": false,
      "anchor": "y",
      "title": {
        "text": "",
        "font": {
          "color": null,
          "family": null,
          "size": 9
        }
      },
      "hoverformat": ".2f",
      "fixedrange": true
    },
    "yaxis": {
      "domain": [0, 1],
      "automargin": true,
      "type": "linear",
      "autorange": false,
      "range": [-0.0205951448707909, 0.432498042286609],
      "tickmode": "array",
      "ticktext": ["0%", "10%", "20%", "30%", "40%"],
      "tickvals": [0, 0.1, 0.2, 0.3, 0.4],
      "categoryorder": "array",
      "categoryarray": ["0%", "10%", "20%", "30%", "40%"],
      "nticks": null,
      "ticks": "outside",
      "tickcolor": "rgba(0,0,0,1)",
      "ticklen": 4.64923204649232,
      "tickwidth": 0.66417600664176,
      "showticklabels": true,
      "tickfont": {
        "color": "rgba(0,0,0,1)",
        "family": "",
        "size": 7
      },
      "tickangle": -0,
      "showline": true,
      "linecolor": "rgba(0,0,0,1)",
      "linewidth": 0.66417600664176,
      "showgrid": false,
      "gridcolor": null,
      "gridwidth": 0,
      "zeroline": false,
      "anchor": "x",