{
  "data": [
    {
      "orientation": "v",
      "width": [0.95, 0.95, 0.95, 0.95, 0.949999999999999, 0.949999999999999, 0.949999999999999, 0.949999999999999, 0.949999999999999, 0.949999999999999, 0.949999999999999, 0.949999999999999, 0.949999999999999, 0.949999999999999, 0.949999999999999, 0.950000000000001, 0.950000000000003, 0.950000000000003, 0.950000000000003, 0.950000000000003, 0.950000000000003, 0.950000000000003, 0.950000000000003, 0.950000000000003, 0.950000000000003, 0.950000000000003, 0.950000000000003, 0.950000000000003, 0.950000000000003, 0.950000000000003, 0.950000000000003, 0.950000000000003, 0.950000000000003],
      "base": [0, 0, 0, 0, 0, 0, 0, 0, 0, 0, 0, 0, 0, 0, 0, 0, 0, 0, 0, 0, 0, 0, 0, 0, 0, 0, 0, 0, 0, 0, 0, 0, 0],
      "x": [1, 2, 3, 4, 5, 6, 7, 8, 9, 10, 11, 12, 13, 14, 15, 16, 17, 18, 19, 20, 21, 22, 23, 24, 25, 26, 27, 28, 29, 30, 31, 32, 33],
      "y": [0.41253051261188, 0.246541903986981, 0.242473555736371, 0.140764849471115, 0.117168429617575, 0.114727420667209, 0.113913751017087, 0.107404393816111, 0.1033360455655, 0.100895036615134, 0.0862489829129374, 0.0764849471114727, 0.0691619202603743, 0.065093572009764, 0.0634662327095199, 0.0618388934092758, 0.0602115541090317, 0.0463791700569569, 0.0423108218063466, 0.0366151342554923, 0.0349877949552482, 0.0341741253051261, 0.0268510984540277, 0.0219690805532954, 0.0203417412530513, 0.0170870626525631, 0.0122050447518308, 0.00732302685109845, 0.00569568755085435, 0.00569568755085435, 0.00569568755085435, 0.0048820179007323, 0.0016273393002441],
      "text": ["Category: Visualisation<br />Count: 507<br />Percent: 41.3", "Category: Clustering<br />Count: 303<br />Percent: 24.7", "Category: Dimensionality Reduction<br />Count: 298<br />Percent: 24.2", "Category: Integration<br />Count: 173<br />Percent: 14.1", "Category: Gene Networks<br />Count: 144<br />Percent: 11.7", "Category: Classification<br />Count: 141<br />Percent: 11.5", "Category: Ordering<br />Count: 140<br />Percent: 11.4", "Category: Differential Expression<br />Count: 132<br />Percent: 10.7", "Category: Quality Control<br />Count: 127<br />Percent: 10.3", "Category: Normalisation<br />Count: 124<br />Percent: 10.1", "Category: Marker Genes<br />Count: 106<br />Percent: 8.6", "Category: Interactive<br />Count: 94<br />Percent: 7.6", "Category: Gene Sets<br />Count: 85<br />Percent: 6.9", "Category: Imputation<br />Count: 80<br />Percent: 6.5", "Category: Simulation<br />Count: 78<br />Percent: 6.3", "Category: Quantification<br />Count: 76<br />Percent: 6.2", "Category: Variable Genes<br />Count: 74<br />Percent: 6", "Category: Gene Filtering<br />Count: 57<br />Percent: 4.6", "Category: Variants<br />Count: 52<br />Percent: 4.2", "Category: Alignment<br />Count: 45<br />Percent: 3.7", "Category: UMIs<br />Count: 43<br />Percent: 3.5", "Category: Expression Patterns<br />Count: 42<br />Percent: 3.4", "Category: Alternative Splicing<br />Count: 33<br />Percent: 2.7", "Category: Cell Cycle<br />Count: 27<br />Percent: 2.2", "Category: Immune<br />Count: 25<br />Percent: 2", "Category: Perturbations<br />Count: 21<br />Percent: 1.7", "Category: Rare Cells<br />Count: 15<br />Percent: 1.2", "Category: Assembly<br />Count: 9<br />Percent: 0.7", "Category: Modality<br />Count: 7<br />Percent: 0.6", "Category: Stem Cells<br />Count: 7<br />Percent: 0.6", "Category: Transformation<br />Count: 7<br />Percent: 0.6", "Category: Allele Specific<br />Count: 6<br />Percent: 0.5", "Category: Haplotypes<br />Count: 2<br />Percent: 0.2"],
      "type": "bar",
      "marker": {
        "autocolorscale": false,
        "color": "rgba(122,82,199,1)",
        "line": {
          "width": 1.88976377952756,
          "color": "transparent"
        }
      },
      "showlegend": false,
      "xaxis": "x",
      "yaxis": "y",
      "hoverinfo": "text",
      "frame": null
    }
  ],
  "layout": {
    "margin": {
      "t": 50,
      "r": 30,
      "b": 50,
      "l": 70
    },
    "font": {
      "color": "rgba(0,0,0,1)",
      "family": "",
      "size": 18.5969281859693
    },
    "xaxis": {
      "domain": [0, 1],
      "automargin": true,
      "type": "linear",
      "autorange": false,
      "range": [0.4, 33.6],
      "tickmode": "array",
      "ticktext": ["Visualisation", "Clustering", "Dimensionality Reduction", "Integration", "Gene Networks", "Classification", "Ordering", "Differential Expression", "Quality Control", "Normalisation", "Marker Genes", "Interactive", "Gene Sets", "Imputation", "Simulation", "Quantification", "Variable Genes", "Gene Filtering", "Variants", "Alignment", "UMIs", "Expression Patterns", "Alternative Splicing", "Cell Cycle", "Immune", "Perturbations", "Rare Cells", "Assembly", "Modality", "Stem Cells", "Transformation", "Allele Specific", "Haplotypes"],
      "tickvals": [1, 2, 3, 4, 5, 6, 7, 8, 9, 10, 11, 12, 13, 14, 15, 16, 17, 18, 19, 20, 21, 22, 23, 24, 25, 26, 27, 28, 29, 30, 31, 32, 33],
      "categoryorder": "array",
      "categoryarray": ["Visualisation", "Clustering", "Dimensionality Reduction", "Integration", "Gene Networks", "Classification", "Ordering", "Differential Expression", "Quality Control", "Normalisation", "Marker Genes", "Interactive", "Gene Sets", "Imputation", "Simulation", "Quantification", "Variable Genes", "Gene Filtering", "Variants", "Alignment", "UMIs", "Expression Patterns", "Alternative Splicing", "Cell Cycle", "Immune", "Perturbations", "Rare Cells", "Assembly", "Modality", "Stem Cells", "Transformation", "Allele Specific", "Haplotypes"],
      "nticks": null,
      "ticks": "outside",
      "tickcolor": "rgba(0,0,0,1)",
      "ticklen": 4.64923204649232,
      "tickwidth": 0.66417600664176,
      "showticklabels": true,
      "tickfont": {
        "color": "rgba(0,0,0,1)",
        "family": "",
        "size": 15.9402241594022
      },
      "tickangle": -60,
      "showline": true,
      "linecolor": "rgba(0,0,0,1)",
      "linewidth": 0.66417600664176,
      "showgrid": false,
      "gridcolor": null,
      "gridwidth": 0,
      "zeroline": false,
      "anchor": "y",
      "title": {
        "text": "",
        "font": {
          "color": null,
          "family": null,
          "size": 0
        }
      },
      "hoverformat": ".2f"
    },
    "yaxis": {
      "domain": [0, 1],
      "automargin": true,
      "type": "linear",
      "autorange": false,
      "range": [-0.020626525630594, 0.433157038242474],
      "tickmode": "array",
      "ticktext": ["0.0%", "10.0%", "20.0%", "30.0%", "40.0%"],
      "tickvals": [0, 0.1, 0.2, 0.3, 0.4],
      "categoryorder": "array",
      "categoryarray": ["0.0%", "10.0%", "20.0%", "30.0%", "40.0%"],
      "nticks": null,
      "ticks": "outside",
      "tickcolor": "rgba(0,0,0,1)",
      "ticklen": 4.64923204649232,
      "tickwidth": 0.66417600664176,
      "showticklabels": true,
      "tickfont": {
        "color": "rgba(0,0,0,1)",
        "family": "",
        "size": 15.9402241594022
      },
      "tickangle": -0,
      "showline": true,
      "linecolor": "rgba(0,0,0,1)",
      "linewidth": 0.66417600664176,
      "showgrid": false,
      "gridcolor": null,
      "gridwidth": 0,
      "zeroline": false,
      "anchor": "x",
      "title": {
        "text": "Percentage of tools",
        "font": {
          "color": "rgba(0,0,0,1)",
          "family": "",
          "size": 18.5969281859693
        }
      },
      "hoverformat": ".2f"
    },
    "shapes": [
      {
        "type": "rect",
        "fillcolor": null,
        "line": {
          "color": null,
          "width": 0,
          "linetype": []
        },
        "yref": "paper",
        "xref": "paper",
        "x0": 0,
        "x1": 1,
        "y0": 0,
        "y1": 1
      }
    ],
    "showlegend": false,
    "legend": {
      "bgcolor": null,
      "bordercolor": null,
      "borderwidth": 0,
      "font": {
        "color": "rgba(0,0,0,1)",
        "family": "",
        "size": 15.9402241594022
      }
    },
    "hovermode": "closest",