{
  "data": [
    {
      "orientation": "v",
      "width": [0.95, 0.95, 0.95, 0.95, 0.949999999999999, 0.949999999999999, 0.949999999999999, 0.949999999999999, 0.949999999999999, 0.949999999999999, 0.949999999999999, 0.949999999999999, 0.949999999999999, 0.949999999999999, 0.949999999999999, 0.950000000000001, 0.950000000000003, 0.950000000000003, 0.950000000000003, 0.950000000000003, 0.950000000000003, 0.950000000000003, 0.950000000000003, 0.950000000000003, 0.950000000000003, 0.950000000000003, 0.950000000000003, 0.950000000000003, 0.950000000000003, 0.950000000000003, 0.950000000000003, 0.950000000000003],
      "base": [0, 0, 0, 0, 0, 0, 0, 0, 0, 0, 0, 0, 0, 0, 0, 0, 0, 0, 0, 0, 0, 0, 0, 0, 0, 0, 0, 0, 0, 0, 0, 0],
      "x": [1, 2, 3, 4, 5, 6, 7, 8, 9, 10, 11, 12, 13, 14, 15, 16, 17, 18, 19, 20, 21, 22, 23, 24, 25, 26, 27, 28, 29, 30, 31, 32],
      "y": [0.443983402489627, 0.261410788381743, 0.253112033195021, 0.136929460580913, 0.130013831258645, 0.128630705394191, 0.116182572614108, 0.112033195020747, 0.110650069156293, 0.106500691562932, 0.103734439834025, 0.0954356846473029, 0.0843706777316736, 0.0746887966804979, 0.0719225449515906, 0.0677731673582296, 0.0622406639004149, 0.0594744121715076, 0.0497925311203319, 0.0470262793914246, 0.037344398340249, 0.037344398340249, 0.024896265560166, 0.020746887966805, 0.016597510373444, 0.012448132780083, 0.00829875518672199, 0.00829875518672199, 0.00691562932226833, 0.00553250345781466, 0.00553250345781466, 0.00276625172890733],
      "text": ["Category: Visualisation<br />Count: 321<br />Percent: 44.4", "Category: Clustering<br />Count: 189<br />Percent: 26.1", "Category: Dimensionality Reduction<br />Count: 183<br />Percent: 25.3", "Category: Ordering<br />Count: 99<br />Percent: 13.7", "Category: Normalisation<br />Count: 94<br />Percent: 13", "Category: Integration<br />Count: 93<br />Percent: 12.9", "Category: Differential Expression<br />Count: 84<br />Percent: 11.6", "Category: Quality Control<br />Count: 81<br />Percent: 11.2", "Category: Classification<br />Count: 80<br />Percent: 11.1", "Category: Interactive<br />Count: 77<br />Percent: 10.7", "Category: Gene Networks<br />Count: 75<br />Percent: 10.4", "Category: Marker Genes<br />Count: 69<br />Percent: 9.5", "Category: Imputation<br />Count: 61<br />Percent: 8.4", "Category: Gene Sets<br />Count: 54<br />Percent: 7.5", "Category: Simulation<br />Count: 52<br />Percent: 7.2", "Category: Variable Genes<br />Count: 49<br />Percent: 6.8", "Category: Gene Filtering<br />Count: 45<br />Percent: 6.2", "Category: Quantification<br />Count: 43<br />Percent: 5.9", "Category: UMIs<br />Count: 36<br />Percent: 5", "Category: Expression Patterns<br />Count: 34<br />Percent: 4.7", "Category: Alignment<br />Count: 27<br />Percent: 3.7", "Category: Variants<br />Count: 27<br />Percent: 3.7", "Category: Cell Cycle<br />Count: 18<br />Percent: 2.5", "Category: Immune<br />Count: 15<br />Percent: 2.1", "Category: Alternative Splicing<br />Count: 12<br />Percent: 1.7", "Category: Rare Cells<br />Count: 9<br />Percent: 1.2", "Category: Allele Specific<br />Count: 6<br />Percent: 0.8", "Category: Assembly<br />Count: 6<br />Percent: 0.8", "Category: Stem Cells<br />Count: 5<br />Percent: 0.7", "Category: Modality<br />Count: 4<br />Percent: 0.6", "Category: Transformation<br />Count: 4<br />Percent: 0.6", "Category: Haplotypes<br />Count: 2<br />Percent: 0.3"],
      "type": "bar",
      "marker": {
        "autocolorscale": false,
        "color": "rgba(122,82,199,1)",
        "line": {
          "width": 1.88976377952756,
          "color": "transparent"
        }
      },
      "showlegend": false,
      "xaxis": "x",
      "yaxis": "y",
      "hoverinfo": "text",
      "frame": null
    }
  ],
  "layout": {
    "margin": {
      "t": 50,
      "r": 30,
      "b": 50,
      "l": 70
    },
    "font": {
      "color": "rgba(0,0,0,1)",
      "family": "",
      "size": 18.5969281859693
    },
    "xaxis": {
      "domain": [0, 1],
      "automargin": true,
      "type": "linear",
      "autorange": false,
      "range": [0.4, 32.6],
      "tickmode": "array",
      "ticktext": ["Visualisation", "Clustering", "Dimensionality Reduction", "Ordering", "Normalisation", "Integration", "Differential Expression", "Quality Control", "Classification", "Interactive", "Gene Networks", "Marker Genes", "Imputation", "Gene Sets", "Simulation", "Variable Genes", "Gene Filtering", "Quantification", "UMIs", "Expression Patterns", "Alignment", "Variants", "Cell Cycle", "Immune", "Alternative Splicing", "Rare Cells", "Allele Specific", "Assembly", "Stem Cells", "Modality", "Transformation", "Haplotypes"],
      "tickvals": [1, 2, 3, 4, 5, 6, 7, 8, 9, 10, 11, 12, 13, 14, 15, 16, 17, 18, 19, 20, 21, 22, 23, 24, 25, 26, 27, 28, 29, 30, 31, 32],
      "categoryorder": "array",
      "categoryarray": ["Visualisation", "Clustering", "Dimensionality Reduction", "Ordering", "Normalisation", "Integration", "Differential Expression", "Quality Control", "Classification", "Interactive", "Gene Networks", "Marker Genes", "Imputation", "Gene Sets", "Simulation", "Variable Genes", "Gene Filtering", "Quantification", "UMIs", "Expression Patterns", "Alignment", "Variants", "Cell Cycle", "Immune", "Alternative Splicing", "Rare Cells", "Allele Specific", "Assembly", "Stem Cells", "Modality", "Transformation", "Haplotypes"],
      "nticks": null,
      "ticks": "outside",
      "tickcolor": "rgba(0,0,0,1)",
      "ticklen": 4.64923204649232,
      "tickwidth": 0.66417600664176,
      "showticklabels": true,
      "tickfont": {
        "color": "rgba(0,0,0,1)",
        "family": "",
        "size": 15.9402241594022
      },
      "tickangle": -60,
      "showline": true,
      "linecolor": "rgba(0,0,0,1)",
      "linewidth": 0.66417600664176,
      "showgrid": false,
      "gridcolor": null,
      "gridwidth": 0,
      "zeroline": false,
      "anchor": "y",
      "title": {
        "text": "",
        "font": {
          "color": null,
          "family": null,
          "size": 0
        }
      },
      "hoverformat": ".2f"
    },
    "yaxis": {
      "domain": [0, 1],
      "automargin": true,
      "type": "linear",
      "autorange": false,
      "range": [-0.0221991701244813, 0.466182572614108],
      "tickmode": "array",
      "ticktext": ["0.0%", "10.0%", "20.0%", "30.0%", "40.0%"],
      "tickvals": [0, 0.1, 0.2, 0.3, 0.4],
      "categoryorder": "array",
      "categoryarray": ["0.0%", "10.0%", "20.0%", "30.0%", "40.0%"],
      "nticks": null,
      "ticks": "outside",
      "tickcolor": "rgba(0,0,0,1)",
      "ticklen": 4.64923204649232,
      "tickwidth": 0.66417600664176,
      "showticklabels": true,
      "tickfont": {
        "color": "rgba(0,0,0,1)",
        "family": "",
        "size": 15.9402241594022
      },
      "tickangle": -0,
      "showline": true,
      "linecolor": "rgba(0,0,0,1)",
      "linewidth": 0.66417600664176,
      "showgrid": false,
      "gridcolor": null,
      "gridwidth": 0,
      "zeroline": false,
      "anchor": "x",
      "title": {
        "text": "Percentage of tools",
        "font": {
          "color": "rgba(0,0,0,1)",
          "family": "",
          "size": 18.5969281859693
        }
      },
      "hoverformat": ".2f"
    },
    "shapes": [
      {
        "type": "rect",
        "fillcolor": null,
        "line": {
          "color": null,
          "width": 0,
          "linetype": []
        },
        "yref": "paper",
        "xref": "paper",
        "x0": 0,
        "x1": 1,
        "y0": 0,
        "y1": 1
      }
    ],
    "showlegend": false,
    "legend": {
      "bgcolor": null,
      "bordercolor": null,
      "borderwidth": 0,
      "font": {
        "color": "rgba(0,0,0,1)",
        "family": "",
        "size": 15.9402241594022
      }
    },
    "hovermode": "closest",
    "height": 600,
    "barmode": "relative",
    "autosize": true
  },
  "config": {
    "doubleClick": "reset",
    "showSendToCloud": false,