{
  "data": [
    {
      "orientation": "v",
      "width": [0.95, 0.95, 0.95, 0.95, 0.949999999999999, 0.949999999999999, 0.949999999999999, 0.949999999999999, 0.949999999999999, 0.949999999999999, 0.949999999999999, 0.949999999999999, 0.949999999999999, 0.949999999999999, 0.949999999999999, 0.950000000000001, 0.950000000000003, 0.950000000000003, 0.950000000000003, 0.950000000000003, 0.950000000000003, 0.950000000000003, 0.950000000000003, 0.950000000000003, 0.950000000000003, 0.950000000000003, 0.950000000000003, 0.950000000000003, 0.950000000000003, 0.950000000000003, 0.950000000000003, 0.950000000000003, 0.950000000000003],
      "base": [0, 0, 0, 0, 0, 0, 0, 0, 0, 0, 0, 0, 0, 0, 0, 0, 0, 0, 0, 0, 0, 0, 0, 0, 0, 0, 0, 0, 0, 0, 0, 0, 0],
      "x": [1, 2, 3, 4, 5, 6, 7, 8, 9, 10, 11, 12, 13, 14, 15, 16, 17, 18, 19, 20, 21, 22, 23, 24, 25, 26, 27, 28, 29, 30, 31, 32, 33],
      "y": [0.425675675675676, 0.25, 0.248873873873874, 0.132882882882883, 0.129504504504505, 0.113738738738739, 0.112612612612613, 0.109234234234234, 0.109234234234234, 0.101351351351351, 0.0923423423423423, 0.0900900900900901, 0.0777027027027027, 0.0698198198198198, 0.0698198198198198, 0.0630630630630631, 0.0551801801801802, 0.0540540540540541, 0.0427927927927928, 0.0405405405405405, 0.0405405405405405, 0.0349099099099099, 0.0202702702702703, 0.0202702702702703, 0.0191441441441441, 0.0123873873873874, 0.0112612612612613, 0.00788288288288288, 0.00675675675675676, 0.00675675675675676, 0.00563063063063063, 0.0045045045045045, 0.00225225225225225],
      "text": ["Category: Visualisation<br />Count: 378<br />Percent: 42.6", "Category: Clustering<br />Count: 222<br />Percent: 25", "Category: Dimensionality Reduction<br />Count: 221<br />Percent: 24.9", "Category: Integration<br />Count: 118<br />Percent: 13.3", "Category: Ordering<br />Count: 115<br />Percent: 13", "Category: Normalisation<br />Count: 101<br />Percent: 11.4", "Category: Differential Expression<br />Count: 100<br />Percent: 11.3", "Category: Classification<br />Count: 97<br />Percent: 10.9", "Category: Gene Networks<br />Count: 97<br />Percent: 10.9", "Category: Quality Control<br />Count: 90<br />Percent: 10.1", "Category: Interactive<br />Count: 82<br />Percent: 9.2", "Category: Marker Genes<br />Count: 80<br />Percent: 9", "Category: Imputation<br />Count: 69<br />Percent: 7.8", "Category: Gene Sets<br />Count: 62<br />Percent: 7", "Category: Simulation<br />Count: 62<br />Percent: 7", "Category: Variable Genes<br />Count: 56<br />Percent: 6.3", "Category: Gene Filtering<br />Count: 49<br />Percent: 5.5", "Category: Quantification<br />Count: 48<br />Percent: 5.4", "Category: UMIs<br />Count: 38<br />Percent: 4.3", "Category: Expression Patterns<br />Count: 36<br />Percent: 4.1", "Category: Variants<br />Count: 36<br />Percent: 4.1", "Category: Alignment<br />Count: 31<br />Percent: 3.5", "Category: Cell Cycle<br />Count: 18<br />Percent: 2", "Category: Immune<br />Count: 18<br />Percent: 2", "Category: Alternative Splicing<br />Count: 17<br />Percent: 1.9", "Category: Perturbations<br />Count: 11<br />Percent: 1.2", "Category: Rare Cells<br />Count: 10<br />Percent: 1.1", "Category: Assembly<br />Count: 7<br />Percent: 0.8", "Category: Allele Specific<br />Count: 6<br />Percent: 0.7", "Category: Stem Cells<br />Count: 6<br />Percent: 0.7", "Category: Modality<br />Count: 5<br />Percent: 0.6", "Category: Transformation<br />Count: 4<br />Percent: 0.5", "Category: Haplotypes<br />Count: 2<br />Percent: 0.2"],
      "type": "bar",
      "marker": {
        "autocolorscale": false,
        "color": "rgba(122,82,199,1)",
        "line": {
          "width": 1.88976377952756,
          "color": "transparent"
        }
      },
      "showlegend": false,
      "xaxis": "x",
      "yaxis": "y",
      "hoverinfo": "text",
      "frame": null
    }
  ],
  "layout": {
    "margin": {
      "t": 50,
      "r": 30,
      "b": 50,
      "l": 70
    },
    "font": {
      "color": "rgba(0,0,0,1)",
      "family": "",
      "size": 18.5969281859693
    },
    "xaxis": {
      "domain": [0, 1],
      "automargin": true,
      "type": "linear",
      "autorange": false,
      "range": [0.4, 33.6],
      "tickmode": "array",
      "ticktext": ["Visualisation", "Clustering", "Dimensionality Reduction", "Integration", "Ordering", "Normalisation", "Differential Expression", "Classification", "Gene Networks", "Quality Control", "Interactive", "Marker Genes", "Imputation", "Gene Sets", "Simulation", "Variable Genes", "Gene Filtering", "Quantification", "UMIs", "Expression Patterns", "Variants", "Alignment", "Cell Cycle", "Immune", "Alternative Splicing", "Perturbations", "Rare Cells", "Assembly", "Allele Specific", "Stem Cells", "Modality", "Transformation", "Haplotypes"],
      "tickvals": [1, 2, 3, 4, 5, 6, 7, 8, 9, 10, 11, 12, 13, 14, 15, 16, 17, 18, 19, 20, 21, 22, 23, 24, 25, 26, 27, 28, 29, 30, 31, 32, 33],
      "categoryorder": "array",
      "categoryarray": ["Visualisation", "Clustering", "Dimensionality Reduction", "Integration", "Ordering", "Normalisation", "Differential Expression", "Classification", "Gene Networks", "Quality Control", "Interactive", "Marker Genes", "Imputation", "Gene Sets", "Simulation", "Variable Genes", "Gene Filtering", "Quantification", "UMIs", "Expression Patterns", "Variants", "Alignment", "Cell Cycle", "Immune", "Alternative Splicing", "Perturbations", "Rare Cells", "Assembly", "Allele Specific", "Stem Cells", "Modality", "Transformation", "Haplotypes"],
      "nticks": null,
      "ticks": "outside",
      "tickcolor": "rgba(0,0,0,1)",
      "ticklen": 4.64923204649232,
      "tickwidth": 0.66417600664176,
      "showticklabels": true,
      "tickfont": {
        "color": "rgba(0,0,0,1)",
        "family": "",
        "size": 15.9402241594022
      },
      "tickangle": -60,
      "showline": true,
      "linecolor": "rgba(0,0,0,1)",
      "linewidth": 0.66417600664176,
      "showgrid": false,
      "gridcolor": null,
      "gridwidth": 0,
      "zeroline": false,
      "anchor": "y",
      "title": {
        "text": "",
        "font": {
          "color": null,
          "family": null,
          "size": 0
        }
      },
      "hoverformat": ".2f"
    },
    "yaxis": {
      "domain": [0, 1],
      "automargin": true,
      "type": "linear",
      "autorange": false,
      "range": [-0.0212837837837838, 0.446959459459459],
      "tickmode": "array",
      "ticktext": ["0.0%", "10.0%", "20.0%", "30.0%", "40.0%"],
      "tickvals": [0, 0.1, 0.2, 0.3, 0.4],
      "categoryorder": "array",
      "categoryarray": ["0.0%", "10.0%", "20.0%", "30.0%", "40.0%"],
      "nticks": null,
      "ticks": "outside",
      "tickcolor": "rgba(0,0,0,1)",
      "ticklen": 4.64923204649232,
      "tickwidth": 0.66417600664176,
      "showticklabels": true,
      "tickfont": {
        "color": "rgba(0,0,0,1)",
        "family": "",
        "size": 15.9402241594022
      },
      "tickangle": -0,
      "showline": true,
      "linecolor": "rgba(0,0,0,1)",
      "linewidth": 0.66417600664176,
      "showgrid": false,
      "gridcolor": null,
      "gridwidth": 0,
      "zeroline": false,
      "anchor": "x",
      "title": {
        "text": "Percentage of tools",
        "font": {
          "color": "rgba(0,0,0,1)",
          "family": "",
          "size": 18.5969281859693
        }
      },
      "hoverformat": ".2f"
    },
    "shapes": [
      {
        "type": "rect",
        "fillcolor": null,
        "line": {
          "color": null,
          "width": 0,
          "linetype": []
        },
        "yref": "paper",
        "xref": "paper",
        "x0": 0,
        "x1": 1,
        "y0": 0,
        "y1": 1
      }
    ],
    "showlegend": false,
    "legend": {
      "bgcolor": null,
      "bordercolor": null,
      "borderwidth": 0,
      "font": {
        "color": "rgba(0,0,0,1)",
        "family": "",
        "size": 15.9402241594022
      }
    },
    "hovermode": "closest",
    "height": 600,