{
  "data": [
    {
      "orientation": "v",
      "width": [0.95, 0.95, 0.95, 0.95, 0.949999999999999, 0.949999999999999, 0.949999999999999, 0.949999999999999, 0.949999999999999, 0.949999999999999, 0.949999999999999, 0.949999999999999, 0.949999999999999, 0.949999999999999, 0.949999999999999, 0.950000000000001, 0.950000000000003, 0.950000000000003, 0.950000000000003, 0.950000000000003, 0.950000000000003, 0.950000000000003, 0.950000000000003, 0.950000000000003, 0.950000000000003, 0.950000000000003, 0.950000000000003, 0.950000000000003, 0.950000000000003, 0.950000000000003, 0.950000000000003, 0.950000000000003],
      "base": [0, 0, 0, 0, 0, 0, 0, 0, 0, 0, 0, 0, 0, 0, 0, 0, 0, 0, 0, 0, 0, 0, 0, 0, 0, 0, 0, 0, 0, 0, 0, 0],
      "x": [1, 2, 3, 4, 5, 6, 7, 8, 9, 10, 11, 12, 13, 14, 15, 16, 17, 18, 19, 20, 21, 22, 23, 24, 25, 26, 27, 28, 29, 30, 31, 32],
      "y": [0.434010152284264, 0.25253807106599, 0.25, 0.133248730964467, 0.130710659898477, 0.121827411167513, 0.111675126903553, 0.109137055837563, 0.107868020304569, 0.106598984771574, 0.100253807106599, 0.0913705583756345, 0.0812182741116751, 0.0723350253807107, 0.0710659898477157, 0.065989847715736, 0.0596446700507614, 0.0558375634517767, 0.0456852791878173, 0.0444162436548223, 0.0342639593908629, 0.0342639593908629, 0.0228426395939086, 0.0190355329949239, 0.0177664974619289, 0.0114213197969543, 0.00888324873096447, 0.00761421319796954, 0.00634517766497462, 0.0050761421319797, 0.0050761421319797, 0.00253807106598985],
      "text": ["Category: Visualisation<br />Prop: 0.434010152<br />Count: 342<br />Percent: 43.4", "Category: Clustering<br />Prop: 0.252538071<br />Count: 199<br />Percent: 25.3", "Category: Dimensionality Reduction<br />Prop: 0.250000000<br />Count: 197<br />Percent: 25", "Category: Integration<br />Prop: 0.133248731<br />Count: 105<br />Percent: 13.3", "Category: Ordering<br />Prop: 0.130710660<br />Count: 103<br />Percent: 13.1", "Category: Normalisation<br />Prop: 0.121827411<br />Count: 96<br />Percent: 12.2", "Category: Differential Expression<br />Prop: 0.111675127<br />Count: 88<br />Percent: 11.2", "Category: Classification<br />Prop: 0.109137056<br />Count: 86<br />Percent: 10.9", "Category: Quality Control<br />Prop: 0.107868020<br />Count: 85<br />Percent: 10.8", "Category: Gene Networks<br />Prop: 0.106598985<br />Count: 84<br />Percent: 10.7", "Category: Interactive<br />Prop: 0.100253807<br />Count: 79<br />Percent: 10", "Category: Marker Genes<br />Prop: 0.091370558<br />Count: 72<br />Percent: 9.1", "Category: Imputation<br />Prop: 0.081218274<br />Count: 64<br />Percent: 8.1", "Category: Gene Sets<br />Prop: 0.072335025<br />Count: 57<br />Percent: 7.2", "Category: Simulation<br />Prop: 0.071065990<br />Count: 56<br />Percent: 7.1", "Category: Variable Genes<br />Prop: 0.065989848<br />Count: 52<br />Percent: 6.6", "Category: Gene Filtering<br />Prop: 0.059644670<br />Count: 47<br />Percent: 6", "Category: Quantification<br />Prop: 0.055837563<br />Count: 44<br />Percent: 5.6", "Category: UMIs<br />Prop: 0.045685279<br />Count: 36<br />Percent: 4.6", "Category: Expression Patterns<br />Prop: 0.044416244<br />Count: 35<br />Percent: 4.4", "Category: Alignment<br />Prop: 0.034263959<br />Count: 27<br />Percent: 3.4", "Category: Variants<br />Prop: 0.034263959<br />Count: 27<br />Percent: 3.4", "Category: Cell Cycle<br />Prop: 0.022842640<br />Count: 18<br />Percent: 2.3", "Category: Immune<br />Prop: 0.019035533<br />Count: 15<br />Percent: 1.9", "Category: Alternative Splicing<br />Prop: 0.017766497<br />Count: 14<br />Percent: 1.8", "Category: Rare Cells<br />Prop: 0.011421320<br />Count: 9<br />Percent: 1.1", "Category: Assembly<br />Prop: 0.008883249<br />Count: 7<br />Percent: 0.9", "Category: Allele Specific<br />Prop: 0.007614213<br />Count: 6<br />Percent: 0.8", "Category: Stem Cells<br />Prop: 0.006345178<br />Count: 5<br />Percent: 0.6", "Category: Modality<br />Prop: 0.005076142<br />Count: 4<br />Percent: 0.5", "Category: Transformation<br />Prop: 0.005076142<br />Count: 4<br />Percent: 0.5", "Category: Haplotypes<br />Prop: 0.002538071<br />Count: 2<br />Percent: 0.3"],
      "type": "bar",
      "marker": {
        "autocolorscale": false,
        "color": "rgba(122,82,199,1)",
        "line": {
          "width": 1.88976377952756,
          "color": "transparent"
        }
      },
      "showlegend": false,
      "xaxis": "x",
      "yaxis": "y",
      "hoverinfo": "text",
      "frame": null
    }
  ],
  "layout": {
    "margin": {
      "t": 0,
      "r": 10,
      "b": 0,
      "l": 55
    },
    "font": {
      "color": "rgba(0,0,0,1)",
      "family": "",
      "size": 18.5969281859693
    },
    "xaxis": {
      "domain": [0, 1],
      "automargin": true,
      "type": "linear",
      "autorange": false,
      "range": [0.4, 32.6],
      "tickmode": "array",
      "ticktext": ["Visualisation", "Clustering", "Dimensionality Reduction", "Integration", "Ordering", "Normalisation", "Differential Expression", "Classification", "Quality Control", "Gene Networks", "Interactive", "Marker Genes", "Imputation", "Gene Sets", "Simulation", "Variable Genes", "Gene Filtering", "Quantification", "UMIs", "Expression Patterns", "Alignment", "Variants", "Cell Cycle", "Immune", "Alternative Splicing", "Rare Cells", "Assembly", "Allele Specific", "Stem Cells", "Modality", "Transformation", "Haplotypes"],
      "tickvals": [1, 2, 3, 4, 5, 6, 7, 8, 9, 10, 11, 12, 13, 14, 15, 16, 17, 18, 19, 20, 21, 22, 23, 24, 25, 26, 27, 28, 29, 30, 31, 32],
      "categoryorder": "array",
      "categoryarray": ["Visualisation", "Clustering", "Dimensionality Reduction", "Integration", "Ordering", "Normalisation", "Differential Expression", "Classification", "Quality Control", "Gene Networks", "Interactive", "Marker Genes", "Imputation", "Gene Sets", "Simulation", "Variable Genes", "Gene Filtering", "Quantification", "UMIs", "Expression Patterns", "Alignment", "Variants", "Cell Cycle", "Immune", "Alternative Splicing", "Rare Cells", "Assembly", "Allele Specific", "Stem Cells", "Modality", "Transformation", "Haplotypes"],
      "nticks": null,
      "ticks": "outside",
      "tickcolor": "rgba(0,0,0,1)",
      "ticklen": 4.64923204649232,
      "tickwidth": 0.66417600664176,
      "showticklabels": true,
      "tickfont": {
        "color": "rgba(0,0,0,1)",
        "family": "",
        "size": 7
      },
      "tickangle": -60,
      "showline": true,
      "linecolor": "rgba(0,0,0,1)",
      "linewidth": 0.66417600664176,
      "showgrid": false,
      "gridcolor": null,
      "gridwidth": 0,
      "zeroline": false,
      "anchor": "y",
      "title": {
        "text": "",
        "font": {
          "color": null,
          "family": null,
          "size": 9
        }
      },
      "hoverformat": ".2f",
      "fixedrange": true
    },
    "yaxis": {
      "domain": [0, 1],
      "automargin": true,
      "type": "linear",
      "autorange": false,
      "range": [-0.0217005076142132, 0.455710659898477],
      "tickmode": "array",
      "ticktext": ["0.0%", "10.0%", "20.0%", "30.0%", "40.0%"],
      "tickvals": [0, 0.1, 0.2, 0.3, 0.4],
      "categoryorder": "array",
      "categoryarray": ["0.0%", "10.0%", "20.0%", "30.0%", "40.0%"],
      "nticks": null,
      "ticks": "outside",
      "tickcolor": "rgba(0,0,0,1)",
      "ticklen": 4.64923204649232,
      "tickwidth": 0.66417600664176,
      "showticklabels": true,
      "tickfont": {
        "color": "rgba(0,0,0,1)",
        "family": "",
        "size": 7
      },
      "tickangle": -0,
      "showline": true,
      "linecolor": "rgba(0,0,0,1)",
      "linewidth": 0.66417600664176,
      "showgrid": false,
      "gridcolor": null,
      "gridwidth": 0,
      "zeroline": false,
      "anchor": "x",
      "title": {
        "text": "Percentage of tools",
        "font": {
          "color": "rgba(0,0,0,1)",
          "family": "",
          "size": 9
        }
      },
      "hoverformat": ".2f",