{
  "data": [
    {
      "orientation": "v",
      "width": [0.95, 0.95, 0.95, 0.95, 0.949999999999999, 0.949999999999999, 0.949999999999999, 0.949999999999999, 0.949999999999999, 0.949999999999999, 0.949999999999999, 0.949999999999999, 0.949999999999999, 0.949999999999999, 0.949999999999999, 0.950000000000001, 0.950000000000003, 0.950000000000003, 0.950000000000003, 0.950000000000003, 0.950000000000003, 0.950000000000003, 0.950000000000003, 0.950000000000003, 0.950000000000003, 0.950000000000003, 0.950000000000003, 0.950000000000003, 0.950000000000003, 0.950000000000003, 0.950000000000003, 0.950000000000003, 0.950000000000003],
      "base": [0, 0, 0, 0, 0, 0, 0, 0, 0, 0, 0, 0, 0, 0, 0, 0, 0, 0, 0, 0, 0, 0, 0, 0, 0, 0, 0, 0, 0, 0, 0, 0, 0],
      "x": [1, 2, 3, 4, 5, 6, 7, 8, 9, 10, 11, 12, 13, 14, 15, 16, 17, 18, 19, 20, 21, 22, 23, 24, 25, 26, 27, 28, 29, 30, 31, 32, 33],
      "y": [0.409390444810544, 0.245469522240527, 0.244645799011532, 0.140856672158155, 0.116968698517298, 0.116144975288303, 0.113673805601318, 0.107084019769357, 0.101317957166392, 0.101317957166392, 0.0864909390444811, 0.0774299835255354, 0.0683690280065898, 0.0658978583196046, 0.0642504118616145, 0.0617792421746293, 0.0609555189456343, 0.0461285008237232, 0.0420098846787479, 0.0370675453047776, 0.0354200988467875, 0.0345963756177924, 0.0263591433278418, 0.0214168039538715, 0.0197693574958814, 0.0172981878088962, 0.0123558484349259, 0.00658978583196046, 0.0057660626029654, 0.0057660626029654, 0.0057660626029654, 0.00494233937397035, 0.00164744645799012],
      "text": ["Category: Visualisation<br />Prop: 0.409390445<br />Count: 497<br />Percent: 40.9", "Category: Clustering<br />Prop: 0.245469522<br />Count: 298<br />Percent: 24.5", "Category: Dimensionality Reduction<br />Prop: 0.244645799<br />Count: 297<br />Percent: 24.5", "Category: Integration<br />Prop: 0.140856672<br />Count: 171<br />Percent: 14.1", "Category: Gene Networks<br />Prop: 0.116968699<br />Count: 142<br />Percent: 11.7", "Category: Classification<br />Prop: 0.116144975<br />Count: 141<br />Percent: 11.6", "Category: Ordering<br />Prop: 0.113673806<br />Count: 138<br />Percent: 11.4", "Category: Differential Expression<br />Prop: 0.107084020<br />Count: 130<br />Percent: 10.7", "Category: Normalisation<br />Prop: 0.101317957<br />Count: 123<br />Percent: 10.1", "Category: Quality Control<br />Prop: 0.101317957<br />Count: 123<br />Percent: 10.1", "Category: Marker Genes<br />Prop: 0.086490939<br />Count: 105<br />Percent: 8.6", "Category: Interactive<br />Prop: 0.077429984<br />Count: 94<br />Percent: 7.7", "Category: Gene Sets<br />Prop: 0.068369028<br />Count: 83<br />Percent: 6.8", "Category: Imputation<br />Prop: 0.065897858<br />Count: 80<br />Percent: 6.6", "Category: Simulation<br />Prop: 0.064250412<br />Count: 78<br />Percent: 6.4", "Category: Quantification<br />Prop: 0.061779242<br />Count: 75<br />Percent: 6.2", "Category: Variable Genes<br />Prop: 0.060955519<br />Count: 74<br />Percent: 6.1", "Category: Gene Filtering<br />Prop: 0.046128501<br />Count: 56<br />Percent: 4.6", "Category: Variants<br />Prop: 0.042009885<br />Count: 51<br />Percent: 4.2", "Category: Alignment<br />Prop: 0.037067545<br />Count: 45<br />Percent: 3.7", "Category: UMIs<br />Prop: 0.035420099<br />Count: 43<br />Percent: 3.5", "Category: Expression Patterns<br />Prop: 0.034596376<br />Count: 42<br />Percent: 3.5", "Category: Alternative Splicing<br />Prop: 0.026359143<br />Count: 32<br />Percent: 2.6", "Category: Cell Cycle<br />Prop: 0.021416804<br />Count: 26<br />Percent: 2.1", "Category: Immune<br />Prop: 0.019769357<br />Count: 24<br />Percent: 2", "Category: Perturbations<br />Prop: 0.017298188<br />Count: 21<br />Percent: 1.7", "Category: Rare Cells<br />Prop: 0.012355848<br />Count: 15<br />Percent: 1.2", "Category: Assembly<br />Prop: 0.006589786<br />Count: 8<br />Percent: 0.7", "Category: Modality<br />Prop: 0.005766063<br />Count: 7<br />Percent: 0.6", "Category: Stem Cells<br />Prop: 0.005766063<br />Count: 7<br />Percent: 0.6", "Category: Transformation<br />Prop: 0.005766063<br />Count: 7<br />Percent: 0.6", "Category: Allele Specific<br />Prop: 0.004942339<br />Count: 6<br />Percent: 0.5", "Category: Haplotypes<br />Prop: 0.001647446<br />Count: 2<br />Percent: 0.2"],
      "type": "bar",
      "marker": {
        "autocolorscale": false,
        "color": "rgba(122,82,199,1)",
        "line": {
          "width": 1.88976377952756,
          "color": "transparent"
        }
      },
      "showlegend": false,
      "xaxis": "x",
      "yaxis": "y",
      "hoverinfo": "text",
      "frame": null
    }
  ],
  "layout": {
    "margin": {
      "t": 0,
      "r": 10,
      "b": 0,
      "l": 55
    },
    "font": {
      "color": "rgba(0,0,0,1)",
      "family": "",
      "size": 18.5969281859693
    },
    "xaxis": {
      "domain": [0, 1],
      "automargin": true,
      "type": "linear",
      "autorange": false,
      "range": [0.4, 33.6],
      "tickmode": "array",
      "ticktext": ["Visualisation", "Clustering", "Dimensionality Reduction", "Integration", "Gene Networks", "Classification", "Ordering", "Differential Expression", "Normalisation", "Quality Control", "Marker Genes", "Interactive", "Gene Sets", "Imputation", "Simulation", "Quantification", "Variable Genes", "Gene Filtering", "Variants", "Alignment", "UMIs", "Expression Patterns", "Alternative Splicing", "Cell Cycle", "Immune", "Perturbations", "Rare Cells", "Assembly", "Modality", "Stem Cells", "Transformation", "Allele Specific", "Haplotypes"],
      "tickvals": [1, 2, 3, 4, 5, 6, 7, 8, 9, 10, 11, 12, 13, 14, 15, 16, 17, 18, 19, 20, 21, 22, 23, 24, 25, 26, 27, 28, 29, 30, 31, 32, 33],
      "categoryorder": "array",
      "categoryarray": ["Visualisation", "Clustering", "Dimensionality Reduction", "Integration", "Gene Networks", "Classification", "Ordering", "Differential Expression", "Normalisation", "Quality Control", "Marker Genes", "Interactive", "Gene Sets", "Imputation", "Simulation", "Quantification", "Variable Genes", "Gene Filtering", "Variants", "Alignment", "UMIs", "Expression Patterns", "Alternative Splicing", "Cell Cycle", "Immune", "Perturbations", "Rare Cells", "Assembly", "Modality", "Stem Cells", "Transformation", "Allele Specific", "Haplotypes"],
      "nticks": null,
      "ticks": "outside",
      "tickcolor": "rgba(0,0,0,1)",
      "ticklen": 4.64923204649232,
      "tickwidth": 0.66417600664176,
      "showticklabels": true,
      "tickfont": {
        "color": "rgba(0,0,0,1)",
        "family": "",
        "size": 7
      },
      "tickangle": -60,
      "showline": true,
      "linecolor": "rgba(0,0,0,1)",
      "linewidth": 0.66417600664176,
      "showgrid": false,
      "gridcolor": null,
      "gridwidth": 0,
      "zeroline": false,
      "anchor": "y",
      "title": {
        "text": "",
        "font": {
          "color": null,
          "family": null,
          "size": 9
        }
      },
      "hoverformat": ".2f",
      "fixedrange": true
    },
    "yaxis": {
      "domain": [0, 1],
      "automargin": true,
      "type": "linear",
      "autorange": false,
      "range": [-0.0204695222405272, 0.429859967051071],
      "tickmode": "array",
      "ticktext": ["0.0%", "10.0%", "20.0%", "30.0%", "40.0%"],
      "tickvals": [0, 0.1, 0.2, 0.3, 0.4],
      "categoryorder": "array",
      "categoryarray": ["0.0%", "10.0%", "20.0%", "30.0%", "40.0%"],
      "nticks": null,
      "ticks": "outside",
      "tickcolor": "rgba(0,0,0,1)",
      "ticklen": 4.64923204649232,
      "tickwidth": 0.66417600664176,
      "showticklabels": true,
      "tickfont": {
        "color": "rgba(0,0,0,1)",
        "family": "",
        "size": 7
      },
      "tickangle": -0,
      "showline": true,
      "linecolor": "rgba(0,0,0,1)",
      "linewidth": 0.66417600664176,
      "showgrid": false,
      "gridcolor": null,
      "gridwidth": 0,
      "zeroline": false,
      "anchor": "x",