{
  "data": [
    {
      "orientation": "v",
      "width": [0.95, 0.95, 0.95, 0.95, 0.949999999999999, 0.949999999999999, 0.949999999999999, 0.949999999999999, 0.949999999999999, 0.949999999999999, 0.949999999999999, 0.949999999999999, 0.949999999999999, 0.949999999999999, 0.949999999999999, 0.950000000000001, 0.950000000000003, 0.950000000000003, 0.950000000000003, 0.950000000000003, 0.950000000000003, 0.950000000000003, 0.950000000000003, 0.950000000000003, 0.950000000000003, 0.950000000000003, 0.950000000000003, 0.950000000000003, 0.950000000000003, 0.950000000000003, 0.950000000000003, 0.950000000000003],
      "base": [0, 0, 0, 0, 0, 0, 0, 0, 0, 0, 0, 0, 0, 0, 0, 0, 0, 0, 0, 0, 0, 0, 0, 0, 0, 0, 0, 0, 0, 0, 0, 0],
      "x": [1, 2, 3, 4, 5, 6, 7, 8, 9, 10, 11, 12, 13, 14, 15, 16, 17, 18, 19, 20, 21, 22, 23, 24, 25, 26, 27, 28, 29, 30, 31, 32],
      "y": [0.457746478873239, 0.265845070422535, 0.25, 0.151408450704225, 0.147887323943662, 0.121478873239437, 0.119718309859155, 0.117957746478873, 0.109154929577465, 0.109154929577465, 0.10387323943662, 0.0897887323943662, 0.0809859154929577, 0.0809859154929577, 0.0757042253521127, 0.0721830985915493, 0.0704225352112676, 0.0651408450704225, 0.0545774647887324, 0.0528169014084507, 0.0404929577464789, 0.0387323943661972, 0.0264084507042254, 0.0193661971830986, 0.0193661971830986, 0.0158450704225352, 0.0105633802816901, 0.00880281690140845, 0.00880281690140845, 0.00704225352112676, 0.00704225352112676, 0.00352112676056338],
      "text": ["Category: Visualisation<br />Count: 260<br />Percent: 45.8", "Category: Clustering<br />Count: 151<br />Percent: 26.6", "Category: Dimensionality Reduction<br />Count: 142<br />Percent: 25", "Category: Normalisation<br />Count: 86<br />Percent: 15.1", "Category: Ordering<br />Count: 84<br />Percent: 14.8", "Category: Interactive<br />Count: 69<br />Percent: 12.1", "Category: Quality Control<br />Count: 68<br />Percent: 12", "Category: Differential Expression<br />Count: 67<br />Percent: 11.8", "Category: Gene Networks<br />Count: 62<br />Percent: 10.9", "Category: Integration<br />Count: 62<br />Percent: 10.9", "Category: Marker Genes<br />Count: 59<br />Percent: 10.4", "Category: Classification<br />Count: 51<br />Percent: 9", "Category: Imputation<br />Count: 46<br />Percent: 8.1", "Category: Simulation<br />Count: 46<br />Percent: 8.1", "Category: Variable Genes<br />Count: 43<br />Percent: 7.6", "Category: Gene Sets<br />Count: 41<br />Percent: 7.2", "Category: Gene Filtering<br />Count: 40<br />Percent: 7", "Category: Quantification<br />Count: 37<br />Percent: 6.5", "Category: UMIs<br />Count: 31<br />Percent: 5.5", "Category: Expression Patterns<br />Count: 30<br />Percent: 5.3", "Category: Variants<br />Count: 23<br />Percent: 4", "Category: Alignment<br />Count: 22<br />Percent: 3.9", "Category: Cell Cycle<br />Count: 15<br />Percent: 2.6", "Category: Alternative Splicing<br />Count: 11<br />Percent: 1.9", "Category: Immune<br />Count: 11<br />Percent: 1.9", "Category: Rare Cells<br />Count: 9<br />Percent: 1.6", "Category: Assembly<br />Count: 6<br />Percent: 1.1", "Category: Allele Specific<br />Count: 5<br />Percent: 0.9", "Category: Stem Cells<br />Count: 5<br />Percent: 0.9", "Category: Modality<br />Count: 4<br />Percent: 0.7", "Category: Transformation<br />Count: 4<br />Percent: 0.7", "Category: Haplotypes<br />Count: 2<br />Percent: 0.4"],
      "type": "bar",
      "marker": {
        "autocolorscale": false,
        "color": "rgba(122,82,199,1)",
        "line": {
          "width": 1.88976377952756,
          "color": "transparent"
        }
      },
      "showlegend": false,
      "xaxis": "x",
      "yaxis": "y",
      "hoverinfo": "text",
      "frame": null
    }
  ],
  "layout": {
    "margin": {
      "t": 50,
      "r": 30,
      "b": 50,
      "l": 70
    },
    "font": {
      "color": "rgba(0,0,0,1)",
      "family": "",
      "size": 18.5969281859693
    },
    "xaxis": {
      "domain": [0, 1],
      "automargin": true,
      "type": "linear",
      "autorange": false,
      "range": [0.4, 32.6],
      "tickmode": "array",
      "ticktext": ["Visualisation", "Clustering", "Dimensionality Reduction", "Normalisation", "Ordering", "Interactive", "Quality Control", "Differential Expression", "Gene Networks", "Integration", "Marker Genes", "Classification", "Imputation", "Simulation", "Variable Genes", "Gene Sets", "Gene Filtering", "Quantification", "UMIs", "Expression Patterns", "Variants", "Alignment", "Cell Cycle", "Alternative Splicing", "Immune", "Rare Cells", "Assembly", "Allele Specific", "Stem Cells", "Modality", "Transformation", "Haplotypes"],
      "tickvals": [1, 2, 3, 4, 5, 6, 7, 8, 9, 10, 11, 12, 13, 14, 15, 16, 17, 18, 19, 20, 21, 22, 23, 24, 25, 26, 27, 28, 29, 30, 31, 32],
      "categoryorder": "array",
      "categoryarray": ["Visualisation", "Clustering", "Dimensionality Reduction", "Normalisation", "Ordering", "Interactive", "Quality Control", "Differential Expression", "Gene Networks", "Integration", "Marker Genes", "Classification", "Imputation", "Simulation", "Variable Genes", "Gene Sets", "Gene Filtering", "Quantification", "UMIs", "Expression Patterns", "Variants", "Alignment", "Cell Cycle", "Alternative Splicing", "Immune", "Rare Cells", "Assembly", "Allele Specific", "Stem Cells", "Modality", "Transformation", "Haplotypes"],
      "nticks": null,
      "ticks": "outside",
      "tickcolor": "rgba(0,0,0,1)",
      "ticklen": 4.64923204649232,
      "tickwidth": 0.66417600664176,
      "showticklabels": true,
      "tickfont": {
        "color": "rgba(0,0,0,1)",
        "family": "",
        "size": 15.9402241594022
      },
      "tickangle": -60,
      "showline": true,
      "linecolor": "rgba(0,0,0,1)",
      "linewidth": 0.66417600664176,
      "showgrid": false,
      "gridcolor": null,
      "gridwidth": 0,
      "zeroline": false,
      "anchor": "y",
      "title": {
        "text": "",
        "font": {
          "color": null,
          "family": null,
          "size": 0
        }
      },
      "hoverformat": ".2f"
    },
    "yaxis": {
      "domain": [0, 1],
      "automargin": true,
      "type": "linear",
      "autorange": false,
      "range": [-0.022887323943662, 0.480633802816901],
      "tickmode": "array",
      "ticktext": ["0.0%", "10.0%", "20.0%", "30.0%", "40.0%"],
      "tickvals": [0, 0.1, 0.2, 0.3, 0.4],
      "categoryorder": "array",
      "categoryarray": ["0.0%", "10.0%", "20.0%", "30.0%", "40.0%"],
      "nticks": null,
      "ticks": "outside",
      "tickcolor": "rgba(0,0,0,1)",
      "ticklen": 4.64923204649232,
      "tickwidth": 0.66417600664176,
      "showticklabels": true,
      "tickfont": {
        "color": "rgba(0,0,0,1)",
        "family": "",
        "size": 15.9402241594022
      },
      "tickangle": -0,
      "showline": true,
      "linecolor": "rgba(0,0,0,1)",
      "linewidth": 0.66417600664176,
      "showgrid": false,
      "gridcolor": null,
      "gridwidth": 0,
      "zeroline": false,
      "anchor": "x",
      "title": {
        "text": "Percentage of tools",
        "font": {
          "color": "rgba(0,0,0,1)",
          "family": "",
          "size": 18.5969281859693
        }
      },
      "hoverformat": ".2f"
    },
    "shapes": [
      {
        "type": "rect",
        "fillcolor": null,
        "line": {
          "color": null,
          "width": 0,
          "linetype": []
        },
        "yref": "paper",
        "xref": "paper",
        "x0": 0,
        "x1": 1,
        "y0": 0,
        "y1": 1
      }
    ],
    "showlegend": false,
    "legend": {
      "bgcolor": null,
      "bordercolor": null,
      "borderwidth": 0,
      "font": {
        "color": "rgba(0,0,0,1)",
        "family": "",
        "size": 15.9402241594022
      }
    },
    "hovermode": "closest",
    "height": 600,
    "barmode": "relative",
    "autosize": true
  },
  "config": {
    "doubleClick": "reset",
    "showSendToCloud": false,
    "responsive": true
  },