{
  "data": [
    {
      "orientation": "v",
      "width": [0.95, 0.95, 0.95, 0.95, 0.949999999999999, 0.949999999999999, 0.949999999999999, 0.949999999999999, 0.949999999999999, 0.949999999999999, 0.949999999999999, 0.949999999999999, 0.949999999999999, 0.949999999999999, 0.949999999999999, 0.950000000000001, 0.950000000000003, 0.950000000000003, 0.950000000000003, 0.950000000000003, 0.950000000000003, 0.950000000000003, 0.950000000000003, 0.950000000000003, 0.950000000000003, 0.950000000000003, 0.950000000000003, 0.950000000000003, 0.950000000000003, 0.950000000000003, 0.950000000000003, 0.950000000000003, 0.950000000000003],
      "base": [0, 0, 0, 0, 0, 0, 0, 0, 0, 0, 0, 0, 0, 0, 0, 0, 0, 0, 0, 0, 0, 0, 0, 0, 0, 0, 0, 0, 0, 0, 0, 0, 0],
      "x": [1, 2, 3, 4, 5, 6, 7, 8, 9, 10, 11, 12, 13, 14, 15, 16, 17, 18, 19, 20, 21, 22, 23, 24, 25, 26, 27, 28, 29, 30, 31, 32, 33],
      "y": [0.406413994169096, 0.250728862973761, 0.221574344023324, 0.159766763848396, 0.131195335276968, 0.118950437317784, 0.111953352769679, 0.100874635568513, 0.0956268221574344, 0.0950437317784256, 0.0839650145772595, 0.0775510204081633, 0.0664723032069971, 0.0635568513119533, 0.0623906705539359, 0.0618075801749271, 0.0606413994169096, 0.046064139941691, 0.0384839650145773, 0.0338192419825073, 0.0332361516034985, 0.0297376093294461, 0.0279883381924198, 0.0250728862973761, 0.0244897959183673, 0.0209912536443149, 0.0110787172011662, 0.00699708454810496, 0.00583090379008746, 0.00524781341107872, 0.00466472303206997, 0.00408163265306122, 0.00116618075801749],
      "text": ["Category: Visualisation<br />Prop: 0.406413994<br />Count: 697<br />Percent: 40.6", "Category: Dimensionality Reduction<br />Prop: 0.250728863<br />Count: 430<br />Percent: 25.1", "Category: Clustering<br />Prop: 0.221574344<br />Count: 380<br />Percent: 22.2", "Category: Integration<br />Prop: 0.159766764<br />Count: 274<br />Percent: 16", "Category: Gene Networks<br />Prop: 0.131195335<br />Count: 225<br />Percent: 13.1", "Category: Classification<br />Prop: 0.118950437<br />Count: 204<br />Percent: 11.9", "Category: Ordering<br />Prop: 0.111953353<br />Count: 192<br />Percent: 11.2", "Category: Quality Control<br />Prop: 0.100874636<br />Count: 173<br />Percent: 10.1", "Category: Differential Expression<br />Prop: 0.095626822<br />Count: 164<br />Percent: 9.6", "Category: Normalisation<br />Prop: 0.095043732<br />Count: 163<br />Percent: 9.5", "Category: Marker Genes<br />Prop: 0.083965015<br />Count: 144<br />Percent: 8.4", "Category: Gene Sets<br />Prop: 0.077551020<br />Count: 133<br />Percent: 7.8", "Category: Interactive<br />Prop: 0.066472303<br />Count: 114<br />Percent: 6.6", "Category: Quantification<br />Prop: 0.063556851<br />Count: 109<br />Percent: 6.4", "Category: Imputation<br />Prop: 0.062390671<br />Count: 107<br />Percent: 6.2", "Category: Variable Genes<br />Prop: 0.061807580<br />Count: 106<br />Percent: 6.2", "Category: Simulation<br />Prop: 0.060641399<br />Count: 104<br />Percent: 6.1", "Category: Variants<br />Prop: 0.046064140<br />Count: 79<br />Percent: 4.6", "Category: Gene Filtering<br />Prop: 0.038483965<br />Count: 66<br />Percent: 3.8", "Category: UMIs<br />Prop: 0.033819242<br />Count: 58<br />Percent: 3.4", "Category: Alignment<br />Prop: 0.033236152<br />Count: 57<br />Percent: 3.3", "Category: Expression Patterns<br />Prop: 0.029737609<br />Count: 51<br />Percent: 3", "Category: Perturbations<br />Prop: 0.027988338<br />Count: 48<br />Percent: 2.8", "Category: Alternative Splicing<br />Prop: 0.025072886<br />Count: 43<br />Percent: 2.5", "Category: Immune<br />Prop: 0.024489796<br />Count: 42<br />Percent: 2.4", "Category: Cell Cycle<br />Prop: 0.020991254<br />Count: 36<br />Percent: 2.1", "Category: Rare Cells<br />Prop: 0.011078717<br />Count: 19<br />Percent: 1.1", "Category: Transformation<br />Prop: 0.006997085<br />Count: 12<br />Percent: 0.7", "Category: Assembly<br />Prop: 0.005830904<br />Count: 10<br />Percent: 0.6", "Category: Stem Cells<br />Prop: 0.005247813<br />Count: 9<br />Percent: 0.5", "Category: Modality<br />Prop: 0.004664723<br />Count: 8<br />Percent: 0.5", "Category: Allele Specific<br />Prop: 0.004081633<br />Count: 7<br />Percent: 0.4", "Category: Haplotypes<br />Prop: 0.001166181<br />Count: 2<br />Percent: 0.1"],
      "type": "bar",
      "textposition": "none",
      "marker": {
        "autocolorscale": false,
        "color": "rgba(122,82,199,1)",
        "line": {
          "width": 1.88976377952756,
          "color": "transparent"
        }
      },
      "showlegend": false,
      "xaxis": "x",
      "yaxis": "y",
      "hoverinfo": "text",
      "frame": null
    }
  ],
  "layout": {
    "margin": {
      "t": 0,
      "r": 10,
      "b": 0,
      "l": 55
    },
    "font": {
      "color": "rgba(0,0,0,1)",
      "family": "",
      "size": 18.5969281859693
    },
    "xaxis": {
      "domain": [0, 1],
      "automargin": true,
      "type": "linear",
      "autorange": false,
      "range": [0.4, 33.6],
      "tickmode": "array",
      "ticktext": ["Visualisation", "Dimensionality Reduction", "Clustering", "Integration", "Gene Networks", "Classification", "Ordering", "Quality Control", "Differential Expression", "Normalisation", "Marker Genes", "Gene Sets", "Interactive", "Quantification", "Imputation", "Variable Genes", "Simulation", "Variants", "Gene Filtering", "UMIs", "Alignment", "Expression Patterns", "Perturbations", "Alternative Splicing", "Immune", "Cell Cycle", "Rare Cells", "Transformation", "Assembly", "Stem Cells", "Modality", "Allele Specific", "Haplotypes"],
      "tickvals": [1, 2, 3, 4, 5, 6, 7, 8, 9, 10, 11, 12, 13, 14, 15, 16, 17, 18, 19, 20, 21, 22, 23, 24, 25, 26, 27, 28, 29, 30, 31, 32, 33],
      "categoryorder": "array",
      "categoryarray": ["Visualisation", "Dimensionality Reduction", "Clustering", "Integration", "Gene Networks", "Classification", "Ordering", "Quality Control", "Differential Expression", "Normalisation", "Marker Genes", "Gene Sets", "Interactive", "Quantification", "Imputation", "Variable Genes", "Simulation", "Variants", "Gene Filtering", "UMIs", "Alignment", "Expression Patterns", "Perturbations", "Alternative Splicing", "Immune", "Cell Cycle", "Rare Cells", "Transformation", "Assembly", "Stem Cells", "Modality", "Allele Specific", "Haplotypes"],
      "nticks": null,
      "ticks": "outside",
      "tickcolor": "rgba(0,0,0,1)",
      "ticklen": 4.64923204649232,
      "tickwidth": 0.66417600664176,
      "showticklabels": true,
      "tickfont": {
        "color": "rgba(0,0,0,1)",
        "family": "",
        "size": 7
      },
      "tickangle": -60,
      "showline": true,
      "linecolor": "rgba(0,0,0,1)",
      "linewidth": 0.66417600664176,
      "showgrid": false,
      "gridcolor": null,
      "gridwidth": 0,
      "zeroline": false,
      "anchor": "y",
      "title": {
        "text": "",
        "font": {
          "color": null,
          "family": null,
          "size": 9
        }
      },
      "hoverformat": ".2f",
      "fixedrange": true
    },
    "yaxis": {
      "domain": [0, 1],
      "automargin": true,
      "type": "linear",
      "autorange": false,
      "range": [-0.0203206997084548, 0.426734693877551],
      "tickmode": "array",
      "ticktext": ["0%", "10%", "20%", "30%", "40%"],
      "tickvals": [0, 0.1, 0.2, 0.3, 0.4],
      "categoryorder": "array",
      "categoryarray": ["0%", "10%", "20%", "30%", "40%"],
      "nticks": null,
      "ticks": "outside",
      "tickcolor": "rgba(0,0,0,1)",
      "ticklen": 4.64923204649232,
      "tickwidth": 0.66417600664176,
      "showticklabels": true,
      "tickfont": {
        "color": "rgba(0,0,0,1)",
        "family": "",
        "size": 7
      },
      "tickangle": -0,
      "showline": true,
      "linecolor": "rgba(0,0,0,1)",
      "linewidth": 0.66417600664176,
      "showgrid": false,
      "gridcolor": null,
      "gridwidth": 0,
      "zeroline": false,
      "anchor": "x",