{
  "data": [
    {
      "orientation": "v",
      "width": [0.95, 0.95, 0.95, 0.95, 0.949999999999999, 0.949999999999999, 0.949999999999999, 0.949999999999999, 0.949999999999999, 0.949999999999999, 0.949999999999999, 0.949999999999999, 0.949999999999999, 0.949999999999999, 0.949999999999999, 0.950000000000001, 0.950000000000003, 0.950000000000003, 0.950000000000003, 0.950000000000003, 0.950000000000003, 0.950000000000003, 0.950000000000003, 0.950000000000003, 0.950000000000003, 0.950000000000003, 0.950000000000003, 0.950000000000003, 0.950000000000003, 0.950000000000003, 0.950000000000003, 0.950000000000003],
      "base": [0, 0, 0, 0, 0, 0, 0, 0, 0, 0, 0, 0, 0, 0, 0, 0, 0, 0, 0, 0, 0, 0, 0, 0, 0, 0, 0, 0, 0, 0, 0, 0],
      "x": [1, 2, 3, 4, 5, 6, 7, 8, 9, 10, 11, 12, 13, 14, 15, 16, 17, 18, 19, 20, 21, 22, 23, 24, 25, 26, 27, 28, 29, 30, 31, 32],
      "y": [0.44851904090268, 0.263751763046544, 0.253878702397743, 0.133991537376587, 0.131170662905501, 0.126939351198872, 0.115655853314528, 0.111424541607898, 0.111424541607898, 0.107193229901269, 0.105782792665726, 0.0973201692524683, 0.0860366713681241, 0.07475317348378, 0.073342736248237, 0.0691114245416079, 0.0620592383638928, 0.0592383638928068, 0.0493653032440056, 0.0465444287729196, 0.0366713681241185, 0.0366713681241185, 0.0239774330042313, 0.0211565585331453, 0.0169252468265162, 0.0126939351198872, 0.00846262341325811, 0.00846262341325811, 0.00705218617771509, 0.00564174894217207, 0.00564174894217207, 0.00282087447108604],
      "text": ["Category: Visualisation<br />Count: 318<br />Percent: 44.9", "Category: Clustering<br />Count: 187<br />Percent: 26.4", "Category: Dimensionality Reduction<br />Count: 180<br />Percent: 25.4", "Category: Ordering<br />Count: 95<br />Percent: 13.4", "Category: Normalisation<br />Count: 93<br />Percent: 13.1", "Category: Integration<br />Count: 90<br />Percent: 12.7", "Category: Differential Expression<br />Count: 82<br />Percent: 11.6", "Category: Classification<br />Count: 79<br />Percent: 11.1", "Category: Quality Control<br />Count: 79<br />Percent: 11.1", "Category: Interactive<br />Count: 76<br />Percent: 10.7", "Category: Gene Networks<br />Count: 75<br />Percent: 10.6", "Category: Marker Genes<br />Count: 69<br />Percent: 9.7", "Category: Imputation<br />Count: 61<br />Percent: 8.6", "Category: Gene Sets<br />Count: 53<br />Percent: 7.5", "Category: Simulation<br />Count: 52<br />Percent: 7.3", "Category: Variable Genes<br />Count: 49<br />Percent: 6.9", "Category: Gene Filtering<br />Count: 44<br />Percent: 6.2", "Category: Quantification<br />Count: 42<br />Percent: 5.9", "Category: UMIs<br />Count: 35<br />Percent: 4.9", "Category: Expression Patterns<br />Count: 33<br />Percent: 4.7", "Category: Alignment<br />Count: 26<br />Percent: 3.7", "Category: Variants<br />Count: 26<br />Percent: 3.7", "Category: Cell Cycle<br />Count: 17<br />Percent: 2.4", "Category: Immune<br />Count: 15<br />Percent: 2.1", "Category: Alternative Splicing<br />Count: 12<br />Percent: 1.7", "Category: Rare Cells<br />Count: 9<br />Percent: 1.3", "Category: Allele Specific<br />Count: 6<br />Percent: 0.8", "Category: Assembly<br />Count: 6<br />Percent: 0.8", "Category: Stem Cells<br />Count: 5<br />Percent: 0.7", "Category: Modality<br />Count: 4<br />Percent: 0.6", "Category: Transformation<br />Count: 4<br />Percent: 0.6", "Category: Haplotypes<br />Count: 2<br />Percent: 0.3"],
      "type": "bar",
      "marker": {
        "autocolorscale": false,
        "color": "rgba(122,82,199,1)",
        "line": {
          "width": 1.88976377952756,
          "color": "transparent"
        }
      },
      "showlegend": false,
      "xaxis": "x",
      "yaxis": "y",
      "hoverinfo": "text",
      "frame": null
    }
  ],
  "layout": {
    "margin": {
      "t": 50,
      "r": 30,
      "b": 50,
      "l": 70
    },
    "font": {
      "color": "rgba(0,0,0,1)",
      "family": "",
      "size": 18.5969281859693
    },
    "xaxis": {
      "domain": [0, 1],
      "automargin": true,
      "type": "linear",
      "autorange": false,
      "range": [0.4, 32.6],
      "tickmode": "array",
      "ticktext": ["Visualisation", "Clustering", "Dimensionality Reduction", "Ordering", "Normalisation", "Integration", "Differential Expression", "Classification", "Quality Control", "Interactive", "Gene Networks", "Marker Genes", "Imputation", "Gene Sets", "Simulation", "Variable Genes", "Gene Filtering", "Quantification", "UMIs", "Expression Patterns", "Alignment", "Variants", "Cell Cycle", "Immune", "Alternative Splicing", "Rare Cells", "Allele Specific", "Assembly", "Stem Cells", "Modality", "Transformation", "Haplotypes"],
      "tickvals": [1, 2, 3, 4, 5, 6, 7, 8, 9, 10, 11, 12, 13, 14, 15, 16, 17, 18, 19, 20, 21, 22, 23, 24, 25, 26, 27, 28, 29, 30, 31, 32],
      "categoryorder": "array",
      "categoryarray": ["Visualisation", "Clustering", "Dimensionality Reduction", "Ordering", "Normalisation", "Integration", "Differential Expression", "Classification", "Quality Control", "Interactive", "Gene Networks", "Marker Genes", "Imputation", "Gene Sets", "Simulation", "Variable Genes", "Gene Filtering", "Quantification", "UMIs", "Expression Patterns", "Alignment", "Variants", "Cell Cycle", "Immune", "Alternative Splicing", "Rare Cells", "Allele Specific", "Assembly", "Stem Cells", "Modality", "Transformation", "Haplotypes"],
      "nticks": null,
      "ticks": "outside",
      "tickcolor": "rgba(0,0,0,1)",
      "ticklen": 4.64923204649232,
      "tickwidth": 0.66417600664176,
      "showticklabels": true,
      "tickfont": {
        "color": "rgba(0,0,0,1)",
        "family": "",
        "size": 15.9402241594022
      },
      "tickangle": -60,
      "showline": true,
      "linecolor": "rgba(0,0,0,1)",
      "linewidth": 0.66417600664176,
      "showgrid": false,
      "gridcolor": null,
      "gridwidth": 0,
      "zeroline": false,
      "anchor": "y",
      "title": {
        "text": "",
        "font": {
          "color": null,
          "family": null,
          "size": 0
        }
      },
      "hoverformat": ".2f"
    },
    "yaxis": {
      "domain": [0, 1],
      "automargin": true,
      "type": "linear",
      "autorange": false,
      "range": [-0.022425952045134, 0.470944992947814],
      "tickmode": "array",
      "ticktext": ["0.0%", "10.0%", "20.0%", "30.0%", "40.0%"],
      "tickvals": [0, 0.1, 0.2, 0.3, 0.4],
      "categoryorder": "array",
      "categoryarray": ["0.0%", "10.0%", "20.0%", "30.0%", "40.0%"],
      "nticks": null,
      "ticks": "outside",
      "tickcolor": "rgba(0,0,0,1)",
      "ticklen": 4.64923204649232,
      "tickwidth": 0.66417600664176,
      "showticklabels": true,
      "tickfont": {
        "color": "rgba(0,0,0,1)",
        "family": "",
        "size": 15.9402241594022
      },
      "tickangle": -0,
      "showline": true,
      "linecolor": "rgba(0,0,0,1)",
      "linewidth": 0.66417600664176,
      "showgrid": false,
      "gridcolor": null,
      "gridwidth": 0,
      "zeroline": false,
      "anchor": "x",
      "title": {
        "text": "Percentage of tools",
        "font": {
          "color": "rgba(0,0,0,1)",
          "family": "",
          "size": 18.5969281859693
        }
      },
      "hoverformat": ".2f"
    },
    "shapes": [
      {
        "type": "rect",
        "fillcolor": null,
        "line": {
          "color": null,
          "width": 0,
          "linetype": []
        },
        "yref": "paper",
        "xref": "paper",
        "x0": 0,
        "x1": 1,
        "y0": 0,
        "y1": 1
      }
    ],
    "showlegend": false,
    "legend": {
      "bgcolor": null,
      "bordercolor": null,
      "borderwidth": 0,
      "font": {
        "color": "rgba(0,0,0,1)",
        "family": "",
        "size": 15.9402241594022
      }
    },
    "hovermode": "closest",
    "height": 600,
    "barmode": "relative",
    "autosize": true
  },
  "config": {
    "doubleClick": "reset",
    "showSendToCloud": false,