{
  "data": [
    {
      "orientation": "v",
      "width": [0.95, 0.95, 0.95, 0.95, 0.949999999999999, 0.949999999999999, 0.949999999999999, 0.949999999999999, 0.949999999999999, 0.949999999999999, 0.949999999999999, 0.949999999999999, 0.949999999999999, 0.949999999999999, 0.949999999999999, 0.950000000000001, 0.950000000000003, 0.950000000000003, 0.950000000000003, 0.950000000000003, 0.950000000000003, 0.950000000000003, 0.950000000000003, 0.950000000000003, 0.950000000000003, 0.950000000000003, 0.950000000000003, 0.950000000000003, 0.950000000000003, 0.950000000000003, 0.950000000000003, 0.950000000000003],
      "base": [0, 0, 0, 0, 0, 0, 0, 0, 0, 0, 0, 0, 0, 0, 0, 0, 0, 0, 0, 0, 0, 0, 0, 0, 0, 0, 0, 0, 0, 0, 0, 0],
      "x": [1, 2, 3, 4, 5, 6, 7, 8, 9, 10, 11, 12, 13, 14, 15, 16, 17, 18, 19, 20, 21, 22, 23, 24, 25, 26, 27, 28, 29, 30, 31, 32],
      "y": [0.446778711484594, 0.263305322128852, 0.254901960784314, 0.133053221288515, 0.131652661064426, 0.127450980392157, 0.117647058823529, 0.112044817927171, 0.112044817927171, 0.106442577030812, 0.105042016806723, 0.0966386554621849, 0.0854341736694678, 0.0756302521008403, 0.0728291316526611, 0.0686274509803922, 0.0630252100840336, 0.0602240896358543, 0.0504201680672269, 0.046218487394958, 0.0378151260504202, 0.0378151260504202, 0.0238095238095238, 0.0210084033613445, 0.0168067226890756, 0.0126050420168067, 0.00840336134453781, 0.00840336134453781, 0.00700280112044818, 0.00560224089635854, 0.00560224089635854, 0.00280112044817927],
      "text": ["Category: Visualisation<br />Prop: 0.446778711<br />Count: 319<br />Percent: 44.7", "Category: Clustering<br />Prop: 0.263305322<br />Count: 188<br />Percent: 26.3", "Category: Dimensionality Reduction<br />Prop: 0.254901961<br />Count: 182<br />Percent: 25.5", "Category: Ordering<br />Prop: 0.133053221<br />Count: 95<br />Percent: 13.3", "Category: Normalisation<br />Prop: 0.131652661<br />Count: 94<br />Percent: 13.2", "Category: Integration<br />Prop: 0.127450980<br />Count: 91<br />Percent: 12.7", "Category: Differential Expression<br />Prop: 0.117647059<br />Count: 84<br />Percent: 11.8", "Category: Classification<br />Prop: 0.112044818<br />Count: 80<br />Percent: 11.2", "Category: Quality Control<br />Prop: 0.112044818<br />Count: 80<br />Percent: 11.2", "Category: Interactive<br />Prop: 0.106442577<br />Count: 76<br />Percent: 10.6", "Category: Gene Networks<br />Prop: 0.105042017<br />Count: 75<br />Percent: 10.5", "Category: Marker Genes<br />Prop: 0.096638655<br />Count: 69<br />Percent: 9.7", "Category: Imputation<br />Prop: 0.085434174<br />Count: 61<br />Percent: 8.5", "Category: Gene Sets<br />Prop: 0.075630252<br />Count: 54<br />Percent: 7.6", "Category: Simulation<br />Prop: 0.072829132<br />Count: 52<br />Percent: 7.3", "Category: Variable Genes<br />Prop: 0.068627451<br />Count: 49<br />Percent: 6.9", "Category: Gene Filtering<br />Prop: 0.063025210<br />Count: 45<br />Percent: 6.3", "Category: Quantification<br />Prop: 0.060224090<br />Count: 43<br />Percent: 6", "Category: UMIs<br />Prop: 0.050420168<br />Count: 36<br />Percent: 5", "Category: Expression Patterns<br />Prop: 0.046218487<br />Count: 33<br />Percent: 4.6", "Category: Alignment<br />Prop: 0.037815126<br />Count: 27<br />Percent: 3.8", "Category: Variants<br />Prop: 0.037815126<br />Count: 27<br />Percent: 3.8", "Category: Cell Cycle<br />Prop: 0.023809524<br />Count: 17<br />Percent: 2.4", "Category: Immune<br />Prop: 0.021008403<br />Count: 15<br />Percent: 2.1", "Category: Alternative Splicing<br />Prop: 0.016806723<br />Count: 12<br />Percent: 1.7", "Category: Rare Cells<br />Prop: 0.012605042<br />Count: 9<br />Percent: 1.3", "Category: Allele Specific<br />Prop: 0.008403361<br />Count: 6<br />Percent: 0.8", "Category: Assembly<br />Prop: 0.008403361<br />Count: 6<br />Percent: 0.8", "Category: Stem Cells<br />Prop: 0.007002801<br />Count: 5<br />Percent: 0.7", "Category: Modality<br />Prop: 0.005602241<br />Count: 4<br />Percent: 0.6", "Category: Transformation<br />Prop: 0.005602241<br />Count: 4<br />Percent: 0.6", "Category: Haplotypes<br />Prop: 0.002801120<br />Count: 2<br />Percent: 0.3"],
      "type": "bar",
      "marker": {
        "autocolorscale": false,
        "color": "rgba(122,82,199,1)",
        "line": {
          "width": 1.88976377952756,
          "color": "transparent"
        }
      },
      "showlegend": false,
      "xaxis": "x",
      "yaxis": "y",
      "hoverinfo": "text",
      "frame": null
    }
  ],
  "layout": {
    "margin": {
      "t": 0,
      "r": 10,
      "b": 0,
      "l": 55
    },
    "font": {
      "color": "rgba(0,0,0,1)",
      "family": "",
      "size": 18.5969281859693
    },
    "xaxis": {
      "domain": [0, 1],
      "automargin": true,
      "type": "linear",
      "autorange": false,
      "range": [0.4, 32.6],
      "tickmode": "array",
      "ticktext": ["Visualisation", "Clustering", "Dimensionality Reduction", "Ordering", "Normalisation", "Integration", "Differential Expression", "Classification", "Quality Control", "Interactive", "Gene Networks", "Marker Genes", "Imputation", "Gene Sets", "Simulation", "Variable Genes", "Gene Filtering", "Quantification", "UMIs", "Expression Patterns", "Alignment", "Variants", "Cell Cycle", "Immune", "Alternative Splicing", "Rare Cells", "Allele Specific", "Assembly", "Stem Cells", "Modality", "Transformation", "Haplotypes"],
      "tickvals": [1, 2, 3, 4, 5, 6, 7, 8, 9, 10, 11, 12, 13, 14, 15, 16, 17, 18, 19, 20, 21, 22, 23, 24, 25, 26, 27, 28, 29, 30, 31, 32],
      "categoryorder": "array",
      "categoryarray": ["Visualisation", "Clustering", "Dimensionality Reduction", "Ordering", "Normalisation", "Integration", "Differential Expression", "Classification", "Quality Control", "Interactive", "Gene Networks", "Marker Genes", "Imputation", "Gene Sets", "Simulation", "Variable Genes", "Gene Filtering", "Quantification", "UMIs", "Expression Patterns", "Alignment", "Variants", "Cell Cycle", "Immune", "Alternative Splicing", "Rare Cells", "Allele Specific", "Assembly", "Stem Cells", "Modality", "Transformation", "Haplotypes"],
      "nticks": null,
      "ticks": "outside",
      "tickcolor": "rgba(0,0,0,1)",
      "ticklen": 4.64923204649232,
      "tickwidth": 0.66417600664176,
      "showticklabels": true,
      "tickfont": {
        "color": "rgba(0,0,0,1)",
        "family": "",
        "size": 7
      },
      "tickangle": -60,
      "showline": true,
      "linecolor": "rgba(0,0,0,1)",
      "linewidth": 0.66417600664176,
      "showgrid": false,
      "gridcolor": null,
      "gridwidth": 0,
      "zeroline": false,
      "anchor": "y",
      "title": {
        "text": "",
        "font": {
          "color": null,
          "family": null,
          "size": 9
        }
      },
      "hoverformat": ".2f",
      "fixedrange": true
    },
    "yaxis": {
      "domain": [0, 1],
      "automargin": true,
      "type": "linear",
      "autorange": false,
      "range": [-0.0223389355742297, 0.469117647058824],
      "tickmode": "array",
      "ticktext": ["0.0%", "10.0%", "20.0%", "30.0%", "40.0%"],
      "tickvals": [0, 0.1, 0.2, 0.3, 0.4],
      "categoryorder": "array",
      "categoryarray": ["0.0%", "10.0%", "20.0%", "30.0%", "40.0%"],
      "nticks": null,
      "ticks": "outside",
      "tickcolor": "rgba(0,0,0,1)",
      "ticklen": 4.64923204649232,
      "tickwidth": 0.66417600664176,
      "showticklabels": true,
      "tickfont": {
        "color": "rgba(0,0,0,1)",
        "family": "",
        "size": 7
      },
      "tickangle": -0,
      "showline": true,
      "linecolor": "rgba(0,0,0,1)",
      "linewidth": 0.66417600664176,
      "showgrid": false,
      "gridcolor": null,
      "gridwidth": 0,
      "zeroline": false,
      "anchor": "x",
      "title": {
        "text": "Percentage of tools",
        "font": {
          "color": "rgba(0,0,0,1)",
          "family": "",
          "size": 9
        }
      },
      "hoverformat": ".2f",