{
  "data": [
    {
      "orientation": "v",
      "width": [0.95, 0.95, 0.95, 0.95, 0.949999999999999, 0.949999999999999, 0.949999999999999, 0.949999999999999, 0.949999999999999, 0.949999999999999, 0.949999999999999, 0.949999999999999, 0.949999999999999, 0.949999999999999, 0.949999999999999, 0.950000000000001, 0.950000000000003, 0.950000000000003, 0.950000000000003, 0.950000000000003, 0.950000000000003, 0.950000000000003, 0.950000000000003, 0.950000000000003, 0.950000000000003, 0.950000000000003, 0.950000000000003, 0.950000000000003, 0.950000000000003, 0.950000000000003, 0.950000000000003, 0.950000000000003],
      "base": [0, 0, 0, 0, 0, 0, 0, 0, 0, 0, 0, 0, 0, 0, 0, 0, 0, 0, 0, 0, 0, 0, 0, 0, 0, 0, 0, 0, 0, 0, 0, 0],
      "x": [1, 2, 3, 4, 5, 6, 7, 8, 9, 10, 11, 12, 13, 14, 15, 16, 17, 18, 19, 20, 21, 22, 23, 24, 25, 26, 27, 28, 29, 30, 31, 32],
      "y": [0.449275362318841, 0.265700483091787, 0.247987117552335, 0.143317230273752, 0.143317230273752, 0.120772946859903, 0.115942028985507, 0.114331723027375, 0.112721417069243, 0.109500805152979, 0.103059581320451, 0.0933977455716586, 0.0885668276972625, 0.0805152979066023, 0.0740740740740741, 0.07085346215781, 0.0644122383252818, 0.0611916264090177, 0.0531400966183575, 0.0499194847020934, 0.0386473429951691, 0.035426731078905, 0.0257648953301127, 0.0193236714975845, 0.0193236714975845, 0.0144927536231884, 0.00966183574879227, 0.00966183574879227, 0.00805152979066022, 0.00644122383252818, 0.00644122383252818, 0.00322061191626409],
      "text": ["Category: Visualisation<br />Count: 279<br />Percent: 44.9", "Category: Clustering<br />Count: 165<br />Percent: 26.6", "Category: Dimensionality Reduction<br />Count: 154<br />Percent: 24.8", "Category: Normalisation<br />Count: 89<br />Percent: 14.3", "Category: Ordering<br />Count: 89<br />Percent: 14.3", "Category: Integration<br />Count: 75<br />Percent: 12.1", "Category: Differential Expression<br />Count: 72<br />Percent: 11.6", "Category: Quality Control<br />Count: 71<br />Percent: 11.4", "Category: Interactive<br />Count: 70<br />Percent: 11.3", "Category: Gene Networks<br />Count: 68<br />Percent: 11", "Category: Marker Genes<br />Count: 64<br />Percent: 10.3", "Category: Classification<br />Count: 58<br />Percent: 9.3", "Category: Imputation<br />Count: 55<br />Percent: 8.9", "Category: Simulation<br />Count: 50<br />Percent: 8.1", "Category: Gene Sets<br />Count: 46<br />Percent: 7.4", "Category: Variable Genes<br />Count: 44<br />Percent: 7.1", "Category: Gene Filtering<br />Count: 40<br />Percent: 6.4", "Category: Quantification<br />Count: 38<br />Percent: 6.1", "Category: UMIs<br />Count: 33<br />Percent: 5.3", "Category: Expression Patterns<br />Count: 31<br />Percent: 5", "Category: Variants<br />Count: 24<br />Percent: 3.9", "Category: Alignment<br />Count: 22<br />Percent: 3.5", "Category: Cell Cycle<br />Count: 16<br />Percent: 2.6", "Category: Alternative Splicing<br />Count: 12<br />Percent: 1.9", "Category: Immune<br />Count: 12<br />Percent: 1.9", "Category: Rare Cells<br />Count: 9<br />Percent: 1.4", "Category: Allele Specific<br />Count: 6<br />Percent: 1", "Category: Assembly<br />Count: 6<br />Percent: 1", "Category: Stem Cells<br />Count: 5<br />Percent: 0.8", "Category: Modality<br />Count: 4<br />Percent: 0.6", "Category: Transformation<br />Count: 4<br />Percent: 0.6", "Category: Haplotypes<br />Count: 2<br />Percent: 0.3"],
      "type": "bar",
      "marker": {
        "autocolorscale": false,
        "color": "rgba(122,82,199,1)",
        "line": {
          "width": 1.88976377952756,
          "color": "transparent"
        }
      },
      "showlegend": false,
      "xaxis": "x",
      "yaxis": "y",
      "hoverinfo": "text",
      "frame": null
    }
  ],
  "layout": {
    "margin": {
      "t": 50,
      "r": 30,
      "b": 50,
      "l": 70
    },
    "font": {
      "color": "rgba(0,0,0,1)",
      "family": "",
      "size": 18.5969281859693
    },
    "xaxis": {
      "domain": [0, 1],
      "automargin": true,
      "type": "linear",
      "autorange": false,
      "range": [0.4, 32.6],
      "tickmode": "array",
      "ticktext": ["Visualisation", "Clustering", "Dimensionality Reduction", "Normalisation", "Ordering", "Integration", "Differential Expression", "Quality Control", "Interactive", "Gene Networks", "Marker Genes", "Classification", "Imputation", "Simulation", "Gene Sets", "Variable Genes", "Gene Filtering", "Quantification", "UMIs", "Expression Patterns", "Variants", "Alignment", "Cell Cycle", "Alternative Splicing", "Immune", "Rare Cells", "Allele Specific", "Assembly", "Stem Cells", "Modality", "Transformation", "Haplotypes"],
      "tickvals": [1, 2, 3, 4, 5, 6, 7, 8, 9, 10, 11, 12, 13, 14, 15, 16, 17, 18, 19, 20, 21, 22, 23, 24, 25, 26, 27, 28, 29, 30, 31, 32],
      "categoryorder": "array",
      "categoryarray": ["Visualisation", "Clustering", "Dimensionality Reduction", "Normalisation", "Ordering", "Integration", "Differential Expression", "Quality Control", "Interactive", "Gene Networks", "Marker Genes", "Classification", "Imputation", "Simulation", "Gene Sets", "Variable Genes", "Gene Filtering", "Quantification", "UMIs", "Expression Patterns", "Variants", "Alignment", "Cell Cycle", "Alternative Splicing", "Immune", "Rare Cells", "Allele Specific", "Assembly", "Stem Cells", "Modality", "Transformation", "Haplotypes"],
      "nticks": null,
      "ticks": "outside",
      "tickcolor": "rgba(0,0,0,1)",
      "ticklen": 4.64923204649232,
      "tickwidth": 0.66417600664176,
      "showticklabels": true,
      "tickfont": {
        "color": "rgba(0,0,0,1)",
        "family": "",
        "size": 15.9402241594022
      },
      "tickangle": -60,
      "showline": true,
      "linecolor": "rgba(0,0,0,1)",
      "linewidth": 0.66417600664176,
      "showgrid": false,
      "gridcolor": null,
      "gridwidth": 0,
      "zeroline": false,
      "anchor": "y",
      "title": {
        "text": "",
        "font": {
          "color": null,
          "family": null,
          "size": 0
        }
      },
      "hoverformat": ".2f"
    },
    "yaxis": {
      "domain": [0, 1],
      "automargin": true,
      "type": "linear",
      "autorange": false,
      "range": [-0.022463768115942, 0.471739130434783],
      "tickmode": "array",
      "ticktext": ["0.0%", "10.0%", "20.0%", "30.0%", "40.0%"],
      "tickvals": [0, 0.1, 0.2, 0.3, 0.4],
      "categoryorder": "array",
      "categoryarray": ["0.0%", "10.0%", "20.0%", "30.0%", "40.0%"],
      "nticks": null,
      "ticks": "outside",
      "tickcolor": "rgba(0,0,0,1)",
      "ticklen": 4.64923204649232,
      "tickwidth": 0.66417600664176,
      "showticklabels": true,
      "tickfont": {
        "color": "rgba(0,0,0,1)",
        "family": "",
        "size": 15.9402241594022
      },
      "tickangle": -0,
      "showline": true,
      "linecolor": "rgba(0,0,0,1)",
      "linewidth": 0.66417600664176,
      "showgrid": false,
      "gridcolor": null,
      "gridwidth": 0,
      "zeroline": false,
      "anchor": "x",
      "title": {
        "text": "Percentage of tools",
        "font": {
          "color": "rgba(0,0,0,1)",
          "family": "",
          "size": 18.5969281859693
        }
      },
      "hoverformat": ".2f"
    },
    "shapes": [
      {
        "type": "rect",
        "fillcolor": null,
        "line": {
          "color": null,
          "width": 0,
          "linetype": []
        },
        "yref": "paper",
        "xref": "paper",
        "x0": 0,
        "x1": 1,
        "y0": 0,
        "y1": 1
      }
    ],
    "showlegend": false,
    "legend": {
      "bgcolor": null,
      "bordercolor": null,
      "borderwidth": 0,
      "font": {
        "color": "rgba(0,0,0,1)",
        "family": "",
        "size": 15.9402241594022
      }
    },
    "hovermode": "closest",
    "height": 600,
    "barmode": "relative",
    "autosize": true
  },
  "config": {
    "doubleClick": "reset",
    "showSendToCloud": false,