{
  "data": [
    {
      "orientation": "v",
      "width": [0.95, 0.95, 0.95, 0.95, 0.949999999999999, 0.949999999999999, 0.949999999999999, 0.949999999999999, 0.949999999999999, 0.949999999999999, 0.949999999999999, 0.949999999999999, 0.949999999999999, 0.949999999999999, 0.949999999999999, 0.950000000000001, 0.950000000000003, 0.950000000000003, 0.950000000000003, 0.950000000000003, 0.950000000000003, 0.950000000000003, 0.950000000000003, 0.950000000000003, 0.950000000000003, 0.950000000000003, 0.950000000000003, 0.950000000000003, 0.950000000000003, 0.950000000000003, 0.950000000000003, 0.950000000000003],
      "base": [0, 0, 0, 0, 0, 0, 0, 0, 0, 0, 0, 0, 0, 0, 0, 0, 0, 0, 0, 0, 0, 0, 0, 0, 0, 0, 0, 0, 0, 0, 0, 0],
      "x": [1, 2, 3, 4, 5, 6, 7, 8, 9, 10, 11, 12, 13, 14, 15, 16, 17, 18, 19, 20, 21, 22, 23, 24, 25, 26, 27, 28, 29, 30, 31, 32],
      "y": [0.444444444444444, 0.258807588075881, 0.250677506775068, 0.13550135501355, 0.131436314363144, 0.127371273712737, 0.115176151761518, 0.109756097560976, 0.109756097560976, 0.107046070460705, 0.105691056910569, 0.0934959349593496, 0.0853658536585366, 0.0731707317073171, 0.0704607046070461, 0.0663956639566396, 0.0609756097560976, 0.0582655826558266, 0.0487804878048781, 0.046070460704607, 0.0365853658536585, 0.0365853658536585, 0.024390243902439, 0.0203252032520325, 0.0176151761517615, 0.0121951219512195, 0.00813008130081301, 0.00813008130081301, 0.00677506775067751, 0.00542005420054201, 0.00542005420054201, 0.002710027100271],
      "text": ["Category: Visualisation<br />Prop: 0.444444444<br />Count: 328<br />Percent: 44.4", "Category: Clustering<br />Prop: 0.258807588<br />Count: 191<br />Percent: 25.9", "Category: Dimensionality Reduction<br />Prop: 0.250677507<br />Count: 185<br />Percent: 25.1", "Category: Ordering<br />Prop: 0.135501355<br />Count: 100<br />Percent: 13.6", "Category: Integration<br />Prop: 0.131436314<br />Count: 97<br />Percent: 13.1", "Category: Normalisation<br />Prop: 0.127371274<br />Count: 94<br />Percent: 12.7", "Category: Differential Expression<br />Prop: 0.115176152<br />Count: 85<br />Percent: 11.5", "Category: Classification<br />Prop: 0.109756098<br />Count: 81<br />Percent: 11", "Category: Quality Control<br />Prop: 0.109756098<br />Count: 81<br />Percent: 11", "Category: Interactive<br />Prop: 0.107046070<br />Count: 79<br />Percent: 10.7", "Category: Gene Networks<br />Prop: 0.105691057<br />Count: 78<br />Percent: 10.6", "Category: Marker Genes<br />Prop: 0.093495935<br />Count: 69<br />Percent: 9.3", "Category: Imputation<br />Prop: 0.085365854<br />Count: 63<br />Percent: 8.5", "Category: Gene Sets<br />Prop: 0.073170732<br />Count: 54<br />Percent: 7.3", "Category: Simulation<br />Prop: 0.070460705<br />Count: 52<br />Percent: 7", "Category: Variable Genes<br />Prop: 0.066395664<br />Count: 49<br />Percent: 6.6", "Category: Gene Filtering<br />Prop: 0.060975610<br />Count: 45<br />Percent: 6.1", "Category: Quantification<br />Prop: 0.058265583<br />Count: 43<br />Percent: 5.8", "Category: UMIs<br />Prop: 0.048780488<br />Count: 36<br />Percent: 4.9", "Category: Expression Patterns<br />Prop: 0.046070461<br />Count: 34<br />Percent: 4.6", "Category: Alignment<br />Prop: 0.036585366<br />Count: 27<br />Percent: 3.7", "Category: Variants<br />Prop: 0.036585366<br />Count: 27<br />Percent: 3.7", "Category: Cell Cycle<br />Prop: 0.024390244<br />Count: 18<br />Percent: 2.4", "Category: Immune<br />Prop: 0.020325203<br />Count: 15<br />Percent: 2", "Category: Alternative Splicing<br />Prop: 0.017615176<br />Count: 13<br />Percent: 1.8", "Category: Rare Cells<br />Prop: 0.012195122<br />Count: 9<br />Percent: 1.2", "Category: Allele Specific<br />Prop: 0.008130081<br />Count: 6<br />Percent: 0.8", "Category: Assembly<br />Prop: 0.008130081<br />Count: 6<br />Percent: 0.8", "Category: Stem Cells<br />Prop: 0.006775068<br />Count: 5<br />Percent: 0.7", "Category: Modality<br />Prop: 0.005420054<br />Count: 4<br />Percent: 0.5", "Category: Transformation<br />Prop: 0.005420054<br />Count: 4<br />Percent: 0.5", "Category: Haplotypes<br />Prop: 0.002710027<br />Count: 2<br />Percent: 0.3"],
      "type": "bar",
      "marker": {
        "autocolorscale": false,
        "color": "rgba(122,82,199,1)",
        "line": {
          "width": 1.88976377952756,
          "color": "transparent"
        }
      },
      "showlegend": false,
      "xaxis": "x",
      "yaxis": "y",
      "hoverinfo": "text",
      "frame": null
    }
  ],
  "layout": {
    "margin": {
      "t": 0,
      "r": 10,
      "b": 0,
      "l": 55
    },
    "font": {
      "color": "rgba(0,0,0,1)",
      "family": "",
      "size": 18.5969281859693
    },
    "xaxis": {
      "domain": [0, 1],
      "automargin": true,
      "type": "linear",
      "autorange": false,
      "range": [0.4, 32.6],
      "tickmode": "array",
      "ticktext": ["Visualisation", "Clustering", "Dimensionality Reduction", "Ordering", "Integration", "Normalisation", "Differential Expression", "Classification", "Quality Control", "Interactive", "Gene Networks", "Marker Genes", "Imputation", "Gene Sets", "Simulation", "Variable Genes", "Gene Filtering", "Quantification", "UMIs", "Expression Patterns", "Alignment", "Variants", "Cell Cycle", "Immune", "Alternative Splicing", "Rare Cells", "Allele Specific", "Assembly", "Stem Cells", "Modality", "Transformation", "Haplotypes"],
      "tickvals": [1, 2, 3, 4, 5, 6, 7, 8, 9, 10, 11, 12, 13, 14, 15, 16, 17, 18, 19, 20, 21, 22, 23, 24, 25, 26, 27, 28, 29, 30, 31, 32],
      "categoryorder": "array",
      "categoryarray": ["Visualisation", "Clustering", "Dimensionality Reduction", "Ordering", "Integration", "Normalisation", "Differential Expression", "Classification", "Quality Control", "Interactive", "Gene Networks", "Marker Genes", "Imputation", "Gene Sets", "Simulation", "Variable Genes", "Gene Filtering", "Quantification", "UMIs", "Expression Patterns", "Alignment", "Variants", "Cell Cycle", "Immune", "Alternative Splicing", "Rare Cells", "Allele Specific", "Assembly", "Stem Cells", "Modality", "Transformation", "Haplotypes"],
      "nticks": null,
      "ticks": "outside",
      "tickcolor": "rgba(0,0,0,1)",
      "ticklen": 4.64923204649232,
      "tickwidth": 0.66417600664176,
      "showticklabels": true,
      "tickfont": {
        "color": "rgba(0,0,0,1)",
        "family": "",
        "size": 7
      },
      "tickangle": -60,
      "showline": true,
      "linecolor": "rgba(0,0,0,1)",
      "linewidth": 0.66417600664176,
      "showgrid": false,
      "gridcolor": null,
      "gridwidth": 0,
      "zeroline": false,
      "anchor": "y",
      "title": {
        "text": "",
        "font": {
          "color": null,
          "family": null,
          "size": 9
        }
      },
      "hoverformat": ".2f",
      "fixedrange": true
    },
    "yaxis": {
      "domain": [0, 1],
      "automargin": true,
      "type": "linear",
      "autorange": false,
      "range": [-0.0222222222222222, 0.466666666666667],
      "tickmode": "array",
      "ticktext": ["0.0%", "10.0%", "20.0%", "30.0%", "40.0%"],
      "tickvals": [0, 0.1, 0.2, 0.3, 0.4],
      "categoryorder": "array",
      "categoryarray": ["0.0%", "10.0%", "20.0%", "30.0%", "40.0%"],
      "nticks": null,
      "ticks": "outside",
      "tickcolor": "rgba(0,0,0,1)",
      "ticklen": 4.64923204649232,
      "tickwidth": 0.66417600664176,
      "showticklabels": true,
      "tickfont": {
        "color": "rgba(0,0,0,1)",
        "family": "",
        "size": 7
      },
      "tickangle": -0,
      "showline": true,
      "linecolor": "rgba(0,0,0,1)",
      "linewidth": 0.66417600664176,
      "showgrid": false,
      "gridcolor": null,
      "gridwidth": 0,
      "zeroline": false,
      "anchor": "x",
      "title": {
        "text": "Percentage of tools",
        "font": {
          "color": "rgba(0,0,0,1)",
          "family": "",
          "size": 9
        }
      },
      "hoverformat": ".2f",