{
  "data": [
    {
      "orientation": "v",
      "width": [0.95, 0.95, 0.95, 0.95, 0.949999999999999, 0.949999999999999, 0.949999999999999, 0.949999999999999, 0.949999999999999, 0.949999999999999, 0.949999999999999, 0.949999999999999, 0.949999999999999, 0.949999999999999, 0.949999999999999, 0.950000000000001, 0.950000000000003, 0.950000000000003, 0.950000000000003, 0.950000000000003, 0.950000000000003, 0.950000000000003, 0.950000000000003, 0.950000000000003, 0.950000000000003, 0.950000000000003, 0.950000000000003, 0.950000000000003, 0.950000000000003, 0.950000000000003, 0.950000000000003, 0.950000000000003],
      "base": [0, 0, 0, 0, 0, 0, 0, 0, 0, 0, 0, 0, 0, 0, 0, 0, 0, 0, 0, 0, 0, 0, 0, 0, 0, 0, 0, 0, 0, 0, 0, 0],
      "x": [1, 2, 3, 4, 5, 6, 7, 8, 9, 10, 11, 12, 13, 14, 15, 16, 17, 18, 19, 20, 21, 22, 23, 24, 25, 26, 27, 28, 29, 30, 31, 32],
      "y": [0.447870778267254, 0.259911894273128, 0.254038179148311, 0.135095447870778, 0.133627019089574, 0.124816446402349, 0.114537444933921, 0.110132158590308, 0.110132158590308, 0.1071953010279, 0.105726872246696, 0.0998531571218796, 0.0866372980910426, 0.0748898678414097, 0.0748898678414097, 0.0675477239353891, 0.0631424375917768, 0.0572687224669604, 0.0499265785609398, 0.0469897209985316, 0.0381791483113069, 0.0352422907488987, 0.0249632892804699, 0.0220264317180617, 0.0176211453744493, 0.013215859030837, 0.00881057268722467, 0.00881057268722467, 0.00734214390602056, 0.00587371512481645, 0.00587371512481645, 0.00293685756240822],
      "text": ["Category: Visualisation<br />Prop: 0.447870778<br />Count: 305<br />Percent: 44.8", "Category: Clustering<br />Prop: 0.259911894<br />Count: 177<br />Percent: 26", "Category: Dimensionality Reduction<br />Prop: 0.254038179<br />Count: 173<br />Percent: 25.4", "Category: Ordering<br />Prop: 0.135095448<br />Count: 92<br />Percent: 13.5", "Category: Normalisation<br />Prop: 0.133627019<br />Count: 91<br />Percent: 13.4", "Category: Integration<br />Prop: 0.124816446<br />Count: 85<br />Percent: 12.5", "Category: Differential Expression<br />Prop: 0.114537445<br />Count: 78<br />Percent: 11.5", "Category: Interactive<br />Prop: 0.110132159<br />Count: 75<br />Percent: 11", "Category: Quality Control<br />Prop: 0.110132159<br />Count: 75<br />Percent: 11", "Category: Gene Networks<br />Prop: 0.107195301<br />Count: 73<br />Percent: 10.7", "Category: Classification<br />Prop: 0.105726872<br />Count: 72<br />Percent: 10.6", "Category: Marker Genes<br />Prop: 0.099853157<br />Count: 68<br />Percent: 10", "Category: Imputation<br />Prop: 0.086637298<br />Count: 59<br />Percent: 8.7", "Category: Gene Sets<br />Prop: 0.074889868<br />Count: 51<br />Percent: 7.5", "Category: Simulation<br />Prop: 0.074889868<br />Count: 51<br />Percent: 7.5", "Category: Variable Genes<br />Prop: 0.067547724<br />Count: 46<br />Percent: 6.8", "Category: Gene Filtering<br />Prop: 0.063142438<br />Count: 43<br />Percent: 6.3", "Category: Quantification<br />Prop: 0.057268722<br />Count: 39<br />Percent: 5.7", "Category: UMIs<br />Prop: 0.049926579<br />Count: 34<br />Percent: 5", "Category: Expression Patterns<br />Prop: 0.046989721<br />Count: 32<br />Percent: 4.7", "Category: Variants<br />Prop: 0.038179148<br />Count: 26<br />Percent: 3.8", "Category: Alignment<br />Prop: 0.035242291<br />Count: 24<br />Percent: 3.5", "Category: Cell Cycle<br />Prop: 0.024963289<br />Count: 17<br />Percent: 2.5", "Category: Immune<br />Prop: 0.022026432<br />Count: 15<br />Percent: 2.2", "Category: Alternative Splicing<br />Prop: 0.017621145<br />Count: 12<br />Percent: 1.8", "Category: Rare Cells<br />Prop: 0.013215859<br />Count: 9<br />Percent: 1.3", "Category: Allele Specific<br />Prop: 0.008810573<br />Count: 6<br />Percent: 0.9", "Category: Assembly<br />Prop: 0.008810573<br />Count: 6<br />Percent: 0.9", "Category: Stem Cells<br />Prop: 0.007342144<br />Count: 5<br />Percent: 0.7", "Category: Modality<br />Prop: 0.005873715<br />Count: 4<br />Percent: 0.6", "Category: Transformation<br />Prop: 0.005873715<br />Count: 4<br />Percent: 0.6", "Category: Haplotypes<br />Prop: 0.002936858<br />Count: 2<br />Percent: 0.3"],
      "type": "bar",
      "marker": {
        "autocolorscale": false,
        "color": "rgba(122,82,199,1)",
        "line": {
          "width": 1.88976377952756,
          "color": "transparent"
        }
      },
      "showlegend": false,
      "xaxis": "x",
      "yaxis": "y",
      "hoverinfo": "text",
      "frame": null
    }
  ],
  "layout": {
    "margin": {
      "t": 0,
      "r": 10,
      "b": 0,
      "l": 55
    },
    "font": {
      "color": "rgba(0,0,0,1)",
      "family": "",
      "size": 18.5969281859693
    },
    "xaxis": {
      "domain": [0, 1],
      "automargin": true,
      "type": "linear",
      "autorange": false,
      "range": [0.4, 32.6],
      "tickmode": "array",
      "ticktext": ["Visualisation", "Clustering", "Dimensionality Reduction", "Ordering", "Normalisation", "Integration", "Differential Expression", "Interactive", "Quality Control", "Gene Networks", "Classification", "Marker Genes", "Imputation", "Gene Sets", "Simulation", "Variable Genes", "Gene Filtering", "Quantification", "UMIs", "Expression Patterns", "Variants", "Alignment", "Cell Cycle", "Immune", "Alternative Splicing", "Rare Cells", "Allele Specific", "Assembly", "Stem Cells", "Modality", "Transformation", "Haplotypes"],
      "tickvals": [1, 2, 3, 4, 5, 6, 7, 8, 9, 10, 11, 12, 13, 14, 15, 16, 17, 18, 19, 20, 21, 22, 23, 24, 25, 26, 27, 28, 29, 30, 31, 32],
      "categoryorder": "array",
      "categoryarray": ["Visualisation", "Clustering", "Dimensionality Reduction", "Ordering", "Normalisation", "Integration", "Differential Expression", "Interactive", "Quality Control", "Gene Networks", "Classification", "Marker Genes", "Imputation", "Gene Sets", "Simulation", "Variable Genes", "Gene Filtering", "Quantification", "UMIs", "Expression Patterns", "Variants", "Alignment", "Cell Cycle", "Immune", "Alternative Splicing", "Rare Cells", "Allele Specific", "Assembly", "Stem Cells", "Modality", "Transformation", "Haplotypes"],
      "nticks": null,
      "ticks": "outside",
      "tickcolor": "rgba(0,0,0,1)",
      "ticklen": 4.64923204649232,
      "tickwidth": 0.66417600664176,
      "showticklabels": true,
      "tickfont": {
        "color": "rgba(0,0,0,1)",
        "family": "",
        "size": 7
      },
      "tickangle": -60,
      "showline": true,
      "linecolor": "rgba(0,0,0,1)",
      "linewidth": 0.66417600664176,
      "showgrid": false,
      "gridcolor": null,
      "gridwidth": 0,
      "zeroline": false,
      "anchor": "y",
      "title": {
        "text": "",
        "font": {
          "color": null,
          "family": null,
          "size": 9
        }
      },
      "hoverformat": ".2f",
      "fixedrange": true
    },
    "yaxis": {
      "domain": [0, 1],
      "automargin": true,
      "type": "linear",
      "autorange": false,
      "range": [-0.0223935389133627, 0.470264317180617],
      "tickmode": "array",
      "ticktext": ["0.0%", "10.0%", "20.0%", "30.0%", "40.0%"],
      "tickvals": [0, 0.1, 0.2, 0.3, 0.4],
      "categoryorder": "array",
      "categoryarray": ["0.0%", "10.0%", "20.0%", "30.0%", "40.0%"],
      "nticks": null,
      "ticks": "outside",
      "tickcolor": "rgba(0,0,0,1)",
      "ticklen": 4.64923204649232,
      "tickwidth": 0.66417600664176,
      "showticklabels": true,
      "tickfont": {
        "color": "rgba(0,0,0,1)",
        "family": "",
        "size": 7
      },
      "tickangle": -0,
      "showline": true,
      "linecolor": "rgba(0,0,0,1)",
      "linewidth": 0.66417600664176,
      "showgrid": false,
      "gridcolor": null,
      "gridwidth": 0,
      "zeroline": false,
      "anchor": "x",
      "title": {
        "text": "Percentage of tools",
        "font": {
          "color": "rgba(0,0,0,1)",
          "family": "",
          "size": 9
        }
      },
      "hoverformat": ".2f",