{
  "data": [
    {
      "orientation": "v",
      "width": [0.95, 0.95, 0.95, 0.95, 0.949999999999999, 0.949999999999999, 0.949999999999999, 0.949999999999999, 0.949999999999999, 0.949999999999999, 0.949999999999999, 0.949999999999999, 0.949999999999999, 0.949999999999999, 0.949999999999999, 0.950000000000001, 0.950000000000003, 0.950000000000003, 0.950000000000003, 0.950000000000003, 0.950000000000003, 0.950000000000003, 0.950000000000003, 0.950000000000003, 0.950000000000003, 0.950000000000003, 0.950000000000003, 0.950000000000003, 0.950000000000003, 0.950000000000003, 0.950000000000003, 0.950000000000003, 0.950000000000003],
      "base": [0, 0, 0, 0, 0, 0, 0, 0, 0, 0, 0, 0, 0, 0, 0, 0, 0, 0, 0, 0, 0, 0, 0, 0, 0, 0, 0, 0, 0, 0, 0, 0, 0],
      "x": [1, 2, 3, 4, 5, 6, 7, 8, 9, 10, 11, 12, 13, 14, 15, 16, 17, 18, 19, 20, 21, 22, 23, 24, 25, 26, 27, 28, 29, 30, 31, 32, 33],
      "y": [0.408262454434994, 0.248481166464156, 0.226002430133657, 0.156136087484812, 0.12636695018226, 0.119684082624544, 0.111178614823815, 0.100243013365735, 0.0959902794653706, 0.0953827460510328, 0.0826245443499393, 0.0759416767922236, 0.0674362089914945, 0.06318347509113, 0.0625759416767922, 0.0619684082624544, 0.0607533414337789, 0.0467800729040097, 0.0388821385176185, 0.0340218712029162, 0.0328068043742406, 0.0297691373025516, 0.0255164034021871, 0.0249088699878493, 0.0243013365735115, 0.0206561360874848, 0.011543134872418, 0.00729040097205346, 0.00607533414337789, 0.0054678007290401, 0.00486026731470231, 0.00425273390036452, 0.00121506682867558],
      "text": ["Category: Visualisation<br />Prop: 0.408262454<br />Count: 672<br />Percent: 40.8", "Category: Dimensionality Reduction<br />Prop: 0.248481166<br />Count: 409<br />Percent: 24.8", "Category: Clustering<br />Prop: 0.226002430<br />Count: 372<br />Percent: 22.6", "Category: Integration<br />Prop: 0.156136087<br />Count: 257<br />Percent: 15.6", "Category: Gene Networks<br />Prop: 0.126366950<br />Count: 208<br />Percent: 12.6", "Category: Classification<br />Prop: 0.119684083<br />Count: 197<br />Percent: 12", "Category: Ordering<br />Prop: 0.111178615<br />Count: 183<br />Percent: 11.1", "Category: Quality Control<br />Prop: 0.100243013<br />Count: 165<br />Percent: 10", "Category: Normalisation<br />Prop: 0.095990279<br />Count: 158<br />Percent: 9.6", "Category: Differential Expression<br />Prop: 0.095382746<br />Count: 157<br />Percent: 9.5", "Category: Marker Genes<br />Prop: 0.082624544<br />Count: 136<br />Percent: 8.3", "Category: Gene Sets<br />Prop: 0.075941677<br />Count: 125<br />Percent: 7.6", "Category: Interactive<br />Prop: 0.067436209<br />Count: 111<br />Percent: 6.7", "Category: Imputation<br />Prop: 0.063183475<br />Count: 104<br />Percent: 6.3", "Category: Variable Genes<br />Prop: 0.062575942<br />Count: 103<br />Percent: 6.3", "Category: Quantification<br />Prop: 0.061968408<br />Count: 102<br />Percent: 6.2", "Category: Simulation<br />Prop: 0.060753341<br />Count: 100<br />Percent: 6.1", "Category: Variants<br />Prop: 0.046780073<br />Count: 77<br />Percent: 4.7", "Category: Gene Filtering<br />Prop: 0.038882139<br />Count: 64<br />Percent: 3.9", "Category: UMIs<br />Prop: 0.034021871<br />Count: 56<br />Percent: 3.4", "Category: Alignment<br />Prop: 0.032806804<br />Count: 54<br />Percent: 3.3", "Category: Expression Patterns<br />Prop: 0.029769137<br />Count: 49<br />Percent: 3", "Category: Alternative Splicing<br />Prop: 0.025516403<br />Count: 42<br />Percent: 2.6", "Category: Immune<br />Prop: 0.024908870<br />Count: 41<br />Percent: 2.5", "Category: Perturbations<br />Prop: 0.024301337<br />Count: 40<br />Percent: 2.4", "Category: Cell Cycle<br />Prop: 0.020656136<br />Count: 34<br />Percent: 2.1", "Category: Rare Cells<br />Prop: 0.011543135<br />Count: 19<br />Percent: 1.2", "Category: Transformation<br />Prop: 0.007290401<br />Count: 12<br />Percent: 0.7", "Category: Assembly<br />Prop: 0.006075334<br />Count: 10<br />Percent: 0.6", "Category: Stem Cells<br />Prop: 0.005467801<br />Count: 9<br />Percent: 0.5", "Category: Modality<br />Prop: 0.004860267<br />Count: 8<br />Percent: 0.5", "Category: Allele Specific<br />Prop: 0.004252734<br />Count: 7<br />Percent: 0.4", "Category: Haplotypes<br />Prop: 0.001215067<br />Count: 2<br />Percent: 0.1"],
      "type": "bar",
      "textposition": "none",
      "marker": {
        "autocolorscale": false,
        "color": "rgba(122,82,199,1)",
        "line": {
          "width": 1.88976377952756,
          "color": "transparent"
        }
      },
      "showlegend": false,
      "xaxis": "x",
      "yaxis": "y",
      "hoverinfo": "text",
      "frame": null
    }
  ],
  "layout": {
    "margin": {
      "t": 0,
      "r": 10,
      "b": 0,
      "l": 55
    },
    "font": {
      "color": "rgba(0,0,0,1)",
      "family": "",
      "size": 18.5969281859693
    },
    "xaxis": {
      "domain": [0, 1],
      "automargin": true,
      "type": "linear",
      "autorange": false,
      "range": [0.4, 33.6],
      "tickmode": "array",
      "ticktext": ["Visualisation", "Dimensionality Reduction", "Clustering", "Integration", "Gene Networks", "Classification", "Ordering", "Quality Control", "Normalisation", "Differential Expression", "Marker Genes", "Gene Sets", "Interactive", "Imputation", "Variable Genes", "Quantification", "Simulation", "Variants", "Gene Filtering", "UMIs", "Alignment", "Expression Patterns", "Alternative Splicing", "Immune", "Perturbations", "Cell Cycle", "Rare Cells", "Transformation", "Assembly", "Stem Cells", "Modality", "Allele Specific", "Haplotypes"],
      "tickvals": [1, 2, 3, 4, 5, 6, 7, 8, 9, 10, 11, 12, 13, 14, 15, 16, 17, 18, 19, 20, 21, 22, 23, 24, 25, 26, 27, 28, 29, 30, 31, 32, 33],
      "categoryorder": "array",
      "categoryarray": ["Visualisation", "Dimensionality Reduction", "Clustering", "Integration", "Gene Networks", "Classification", "Ordering", "Quality Control", "Normalisation", "Differential Expression", "Marker Genes", "Gene Sets", "Interactive", "Imputation", "Variable Genes", "Quantification", "Simulation", "Variants", "Gene Filtering", "UMIs", "Alignment", "Expression Patterns", "Alternative Splicing", "Immune", "Perturbations", "Cell Cycle", "Rare Cells", "Transformation", "Assembly", "Stem Cells", "Modality", "Allele Specific", "Haplotypes"],
      "nticks": null,
      "ticks": "outside",
      "tickcolor": "rgba(0,0,0,1)",
      "ticklen": 4.64923204649232,
      "tickwidth": 0.66417600664176,
      "showticklabels": true,
      "tickfont": {
        "color": "rgba(0,0,0,1)",
        "family": "",
        "size": 7
      },
      "tickangle": -60,
      "showline": true,
      "linecolor": "rgba(0,0,0,1)",
      "linewidth": 0.66417600664176,
      "showgrid": false,
      "gridcolor": null,
      "gridwidth": 0,
      "zeroline": false,
      "anchor": "y",
      "title": {
        "text": "",
        "font": {
          "color": null,
          "family": null,
          "size": 9
        }
      },
      "hoverformat": ".2f",
      "fixedrange": true
    },
    "yaxis": {
      "domain": [0, 1],
      "automargin": true,
      "type": "linear",
      "autorange": false,
      "range": [-0.0204131227217497, 0.428675577156744],
      "tickmode": "array",
      "ticktext": ["0%", "10%", "20%", "30%", "40%"],
      "tickvals": [0, 0.1, 0.2, 0.3, 0.4],
      "categoryorder": "array",
      "categoryarray": ["0%", "10%", "20%", "30%", "40%"],
      "nticks": null,
      "ticks": "outside",
      "tickcolor": "rgba(0,0,0,1)",
      "ticklen": 4.64923204649232,
      "tickwidth": 0.66417600664176,
      "showticklabels": true,
      "tickfont": {
        "color": "rgba(0,0,0,1)",
        "family": "",
        "size": 7
      },
      "tickangle": -0,
      "showline": true,
      "linecolor": "rgba(0,0,0,1)",
      "linewidth": 0.66417600664176,
      "showgrid": false,
      "gridcolor": null,
      "gridwidth": 0,
      "zeroline": false,
      "anchor": "x",