{
  "data": [
    {
      "orientation": "v",
      "width": [0.95, 0.95, 0.95, 0.95, 0.949999999999999, 0.949999999999999, 0.949999999999999, 0.949999999999999, 0.949999999999999, 0.949999999999999, 0.949999999999999, 0.949999999999999, 0.949999999999999, 0.949999999999999, 0.949999999999999, 0.950000000000001, 0.950000000000003, 0.950000000000003, 0.950000000000003, 0.950000000000003, 0.950000000000003, 0.950000000000003, 0.950000000000003, 0.950000000000003, 0.950000000000003, 0.950000000000003, 0.950000000000003, 0.950000000000003, 0.950000000000003, 0.950000000000003, 0.950000000000003, 0.950000000000003],
      "base": [0, 0, 0, 0, 0, 0, 0, 0, 0, 0, 0, 0, 0, 0, 0, 0, 0, 0, 0, 0, 0, 0, 0, 0, 0, 0, 0, 0, 0, 0, 0, 0],
      "x": [1, 2, 3, 4, 5, 6, 7, 8, 9, 10, 11, 12, 13, 14, 15, 16, 17, 18, 19, 20, 21, 22, 23, 24, 25, 26, 27, 28, 29, 30, 31, 32],
      "y": [0.446902654867257, 0.261061946902655, 0.252212389380531, 0.134218289085546, 0.134218289085546, 0.125368731563422, 0.115044247787611, 0.110619469026549, 0.110619469026549, 0.107669616519174, 0.104719764011799, 0.100294985250737, 0.0870206489675516, 0.0752212389380531, 0.0752212389380531, 0.0663716814159292, 0.0634218289085546, 0.0575221238938053, 0.0501474926253687, 0.0471976401179941, 0.0383480825958702, 0.0353982300884956, 0.0250737463126844, 0.0206489675516224, 0.0176991150442478, 0.0132743362831858, 0.00884955752212389, 0.00884955752212389, 0.00737463126843658, 0.00589970501474926, 0.00589970501474926, 0.00294985250737463],
      "text": ["Category: Visualisation<br />Prop: 0.446902655<br />Count: 303<br />Percent: 44.7", "Category: Clustering<br />Prop: 0.261061947<br />Count: 177<br />Percent: 26.1", "Category: Dimensionality Reduction<br />Prop: 0.252212389<br />Count: 171<br />Percent: 25.2", "Category: Normalisation<br />Prop: 0.134218289<br />Count: 91<br />Percent: 13.4", "Category: Ordering<br />Prop: 0.134218289<br />Count: 91<br />Percent: 13.4", "Category: Integration<br />Prop: 0.125368732<br />Count: 85<br />Percent: 12.5", "Category: Differential Expression<br />Prop: 0.115044248<br />Count: 78<br />Percent: 11.5", "Category: Interactive<br />Prop: 0.110619469<br />Count: 75<br />Percent: 11.1", "Category: Quality Control<br />Prop: 0.110619469<br />Count: 75<br />Percent: 11.1", "Category: Gene Networks<br />Prop: 0.107669617<br />Count: 73<br />Percent: 10.8", "Category: Classification<br />Prop: 0.104719764<br />Count: 71<br />Percent: 10.5", "Category: Marker Genes<br />Prop: 0.100294985<br />Count: 68<br />Percent: 10", "Category: Imputation<br />Prop: 0.087020649<br />Count: 59<br />Percent: 8.7", "Category: Gene Sets<br />Prop: 0.075221239<br />Count: 51<br />Percent: 7.5", "Category: Simulation<br />Prop: 0.075221239<br />Count: 51<br />Percent: 7.5", "Category: Variable Genes<br />Prop: 0.066371681<br />Count: 45<br />Percent: 6.6", "Category: Gene Filtering<br />Prop: 0.063421829<br />Count: 43<br />Percent: 6.3", "Category: Quantification<br />Prop: 0.057522124<br />Count: 39<br />Percent: 5.8", "Category: UMIs<br />Prop: 0.050147493<br />Count: 34<br />Percent: 5", "Category: Expression Patterns<br />Prop: 0.047197640<br />Count: 32<br />Percent: 4.7", "Category: Variants<br />Prop: 0.038348083<br />Count: 26<br />Percent: 3.8", "Category: Alignment<br />Prop: 0.035398230<br />Count: 24<br />Percent: 3.5", "Category: Cell Cycle<br />Prop: 0.025073746<br />Count: 17<br />Percent: 2.5", "Category: Immune<br />Prop: 0.020648968<br />Count: 14<br />Percent: 2.1", "Category: Alternative Splicing<br />Prop: 0.017699115<br />Count: 12<br />Percent: 1.8", "Category: Rare Cells<br />Prop: 0.013274336<br />Count: 9<br />Percent: 1.3", "Category: Allele Specific<br />Prop: 0.008849558<br />Count: 6<br />Percent: 0.9", "Category: Assembly<br />Prop: 0.008849558<br />Count: 6<br />Percent: 0.9", "Category: Stem Cells<br />Prop: 0.007374631<br />Count: 5<br />Percent: 0.7", "Category: Modality<br />Prop: 0.005899705<br />Count: 4<br />Percent: 0.6", "Category: Transformation<br />Prop: 0.005899705<br />Count: 4<br />Percent: 0.6", "Category: Haplotypes<br />Prop: 0.002949853<br />Count: 2<br />Percent: 0.3"],
      "type": "bar",
      "marker": {
        "autocolorscale": false,
        "color": "rgba(122,82,199,1)",
        "line": {
          "width": 1.88976377952756,
          "color": "transparent"
        }
      },
      "showlegend": false,
      "xaxis": "x",
      "yaxis": "y",
      "hoverinfo": "text",
      "frame": null
    }
  ],
  "layout": {
    "margin": {
      "t": 0,
      "r": 10,
      "b": 0,
      "l": 55
    },
    "font": {
      "color": "rgba(0,0,0,1)",
      "family": "",
      "size": 18.5969281859693
    },
    "xaxis": {
      "domain": [0, 1],
      "automargin": true,
      "type": "linear",
      "autorange": false,
      "range": [0.4, 32.6],
      "tickmode": "array",
      "ticktext": ["Visualisation", "Clustering", "Dimensionality Reduction", "Normalisation", "Ordering", "Integration", "Differential Expression", "Interactive", "Quality Control", "Gene Networks", "Classification", "Marker Genes", "Imputation", "Gene Sets", "Simulation", "Variable Genes", "Gene Filtering", "Quantification", "UMIs", "Expression Patterns", "Variants", "Alignment", "Cell Cycle", "Immune", "Alternative Splicing", "Rare Cells", "Allele Specific", "Assembly", "Stem Cells", "Modality", "Transformation", "Haplotypes"],
      "tickvals": [1, 2, 3, 4, 5, 6, 7, 8, 9, 10, 11, 12, 13, 14, 15, 16, 17, 18, 19, 20, 21, 22, 23, 24, 25, 26, 27, 28, 29, 30, 31, 32],
      "categoryorder": "array",
      "categoryarray": ["Visualisation", "Clustering", "Dimensionality Reduction", "Normalisation", "Ordering", "Integration", "Differential Expression", "Interactive", "Quality Control", "Gene Networks", "Classification", "Marker Genes", "Imputation", "Gene Sets", "Simulation", "Variable Genes", "Gene Filtering", "Quantification", "UMIs", "Expression Patterns", "Variants", "Alignment", "Cell Cycle", "Immune", "Alternative Splicing", "Rare Cells", "Allele Specific", "Assembly", "Stem Cells", "Modality", "Transformation", "Haplotypes"],
      "nticks": null,
      "ticks": "outside",
      "tickcolor": "rgba(0,0,0,1)",
      "ticklen": 4.64923204649232,
      "tickwidth": 0.66417600664176,
      "showticklabels": true,
      "tickfont": {
        "color": "rgba(0,0,0,1)",
        "family": "",
        "size": 7
      },
      "tickangle": -60,
      "showline": true,
      "linecolor": "rgba(0,0,0,1)",
      "linewidth": 0.66417600664176,
      "showgrid": false,
      "gridcolor": null,
      "gridwidth": 0,
      "zeroline": false,
      "anchor": "y",
      "title": {
        "text": "",
        "font": {
          "color": null,
          "family": null,
          "size": 9
        }
      },
      "hoverformat": ".2f",
      "fixedrange": true
    },
    "yaxis": {
      "domain": [0, 1],
      "automargin": true,
      "type": "linear",
      "autorange": false,
      "range": [-0.0223451327433628, 0.469247787610619],
      "tickmode": "array",
      "ticktext": ["0.0%", "10.0%", "20.0%", "30.0%", "40.0%"],
      "tickvals": [0, 0.1, 0.2, 0.3, 0.4],
      "categoryorder": "array",
      "categoryarray": ["0.0%", "10.0%", "20.0%", "30.0%", "40.0%"],
      "nticks": null,
      "ticks": "outside",
      "tickcolor": "rgba(0,0,0,1)",
      "ticklen": 4.64923204649232,
      "tickwidth": 0.66417600664176,
      "showticklabels": true,
      "tickfont": {
        "color": "rgba(0,0,0,1)",
        "family": "",
        "size": 7
      },
      "tickangle": -0,
      "showline": true,
      "linecolor": "rgba(0,0,0,1)",
      "linewidth": 0.66417600664176,
      "showgrid": false,
      "gridcolor": null,
      "gridwidth": 0,
      "zeroline": false,
      "anchor": "x",
      "title": {
        "text": "Percentage of tools",
        "font": {
          "color": "rgba(0,0,0,1)",
          "family": "",
          "size": 9
        }
      },
      "hoverformat": ".2f",