{
  "data": [
    {
      "orientation": "v",
      "width": [0.95, 0.95, 0.95, 0.95, 0.949999999999999, 0.949999999999999, 0.949999999999999, 0.949999999999999, 0.949999999999999, 0.949999999999999, 0.949999999999999, 0.949999999999999, 0.949999999999999, 0.949999999999999, 0.949999999999999, 0.950000000000001, 0.950000000000003, 0.950000000000003, 0.950000000000003, 0.950000000000003, 0.950000000000003, 0.950000000000003, 0.950000000000003, 0.950000000000003, 0.950000000000003, 0.950000000000003, 0.950000000000003, 0.950000000000003, 0.950000000000003, 0.950000000000003, 0.950000000000003, 0.950000000000003, 0.950000000000003],
      "base": [0, 0, 0, 0, 0, 0, 0, 0, 0, 0, 0, 0, 0, 0, 0, 0, 0, 0, 0, 0, 0, 0, 0, 0, 0, 0, 0, 0, 0, 0, 0, 0, 0],
      "x": [1, 2, 3, 4, 5, 6, 7, 8, 9, 10, 11, 12, 13, 14, 15, 16, 17, 18, 19, 20, 21, 22, 23, 24, 25, 26, 27, 28, 29, 30, 31, 32, 33],
      "y": [0.410142348754448, 0.250889679715303, 0.248220640569395, 0.140569395017794, 0.117437722419929, 0.116548042704626, 0.113879003558719, 0.112989323843416, 0.104982206405694, 0.100533807829181, 0.0854092526690391, 0.0809608540925267, 0.0676156583629893, 0.0667259786476868, 0.0667259786476868, 0.0596085409252669, 0.0587188612099644, 0.048932384341637, 0.0400355871886121, 0.0364768683274021, 0.0364768683274021, 0.0355871886120996, 0.0258007117437722, 0.0222419928825623, 0.0186832740213523, 0.0160142348754448, 0.0133451957295374, 0.00711743772241993, 0.00622775800711744, 0.00622775800711744, 0.00622775800711744, 0.00533807829181495, 0.00177935943060498],
      "text": ["Category: Visualisation<br />Count: 461<br />Percent: 41", "Category: Clustering<br />Count: 282<br />Percent: 25.1", "Category: Dimensionality Reduction<br />Count: 279<br />Percent: 24.8", "Category: Integration<br />Count: 158<br />Percent: 14.1", "Category: Ordering<br />Count: 132<br />Percent: 11.7", "Category: Gene Networks<br />Count: 131<br />Percent: 11.7", "Category: Classification<br />Count: 128<br />Percent: 11.4", "Category: Differential Expression<br />Count: 127<br />Percent: 11.3", "Category: Normalisation<br />Count: 118<br />Percent: 10.5", "Category: Quality Control<br />Count: 113<br />Percent: 10.1", "Category: Marker Genes<br />Count: 96<br />Percent: 8.5", "Category: Interactive<br />Count: 91<br />Percent: 8.1", "Category: Gene Sets<br />Count: 76<br />Percent: 6.8", "Category: Imputation<br />Count: 75<br />Percent: 6.7", "Category: Simulation<br />Count: 75<br />Percent: 6.7", "Category: Variable Genes<br />Count: 67<br />Percent: 6", "Category: Quantification<br />Count: 66<br />Percent: 5.9", "Category: Gene Filtering<br />Count: 55<br />Percent: 4.9", "Category: Variants<br />Count: 45<br />Percent: 4", "Category: Alignment<br />Count: 41<br />Percent: 3.6", "Category: UMIs<br />Count: 41<br />Percent: 3.6", "Category: Expression Patterns<br />Count: 40<br />Percent: 3.6", "Category: Alternative Splicing<br />Count: 29<br />Percent: 2.6", "Category: Cell Cycle<br />Count: 25<br />Percent: 2.2", "Category: Immune<br />Count: 21<br />Percent: 1.9", "Category: Perturbations<br />Count: 18<br />Percent: 1.6", "Category: Rare Cells<br />Count: 15<br />Percent: 1.3", "Category: Assembly<br />Count: 8<br />Percent: 0.7", "Category: Modality<br />Count: 7<br />Percent: 0.6", "Category: Stem Cells<br />Count: 7<br />Percent: 0.6", "Category: Transformation<br />Count: 7<br />Percent: 0.6", "Category: Allele Specific<br />Count: 6<br />Percent: 0.5", "Category: Haplotypes<br />Count: 2<br />Percent: 0.2"],
      "type": "bar",
      "marker": {
        "autocolorscale": false,
        "color": "rgba(122,82,199,1)",
        "line": {
          "width": 1.88976377952756,
          "color": "transparent"
        }
      },
      "showlegend": false,
      "xaxis": "x",
      "yaxis": "y",
      "hoverinfo": "text",
      "frame": null
    }
  ],
  "layout": {
    "margin": {
      "t": 50,
      "r": 30,
      "b": 50,
      "l": 70
    },
    "font": {
      "color": "rgba(0,0,0,1)",
      "family": "",
      "size": 18.5969281859693
    },
    "xaxis": {
      "domain": [0, 1],
      "automargin": true,
      "type": "linear",
      "autorange": false,
      "range": [0.4, 33.6],
      "tickmode": "array",
      "ticktext": ["Visualisation", "Clustering", "Dimensionality Reduction", "Integration", "Ordering", "Gene Networks", "Classification", "Differential Expression", "Normalisation", "Quality Control", "Marker Genes", "Interactive", "Gene Sets", "Imputation", "Simulation", "Variable Genes", "Quantification", "Gene Filtering", "Variants", "Alignment", "UMIs", "Expression Patterns", "Alternative Splicing", "Cell Cycle", "Immune", "Perturbations", "Rare Cells", "Assembly", "Modality", "Stem Cells", "Transformation", "Allele Specific", "Haplotypes"],
      "tickvals": [1, 2, 3, 4, 5, 6, 7, 8, 9, 10, 11, 12, 13, 14, 15, 16, 17, 18, 19, 20, 21, 22, 23, 24, 25, 26, 27, 28, 29, 30, 31, 32, 33],
      "categoryorder": "array",
      "categoryarray": ["Visualisation", "Clustering", "Dimensionality Reduction", "Integration", "Ordering", "Gene Networks", "Classification", "Differential Expression", "Normalisation", "Quality Control", "Marker Genes", "Interactive", "Gene Sets", "Imputation", "Simulation", "Variable Genes", "Quantification", "Gene Filtering", "Variants", "Alignment", "UMIs", "Expression Patterns", "Alternative Splicing", "Cell Cycle", "Immune", "Perturbations", "Rare Cells", "Assembly", "Modality", "Stem Cells", "Transformation", "Allele Specific", "Haplotypes"],
      "nticks": null,
      "ticks": "outside",
      "tickcolor": "rgba(0,0,0,1)",
      "ticklen": 4.64923204649232,
      "tickwidth": 0.66417600664176,
      "showticklabels": true,
      "tickfont": {
        "color": "rgba(0,0,0,1)",
        "family": "",
        "size": 15.9402241594022
      },
      "tickangle": -60,
      "showline": true,
      "linecolor": "rgba(0,0,0,1)",
      "linewidth": 0.66417600664176,
      "showgrid": false,
      "gridcolor": null,
      "gridwidth": 0,
      "zeroline": false,
      "anchor": "y",
      "title": {
        "text": "",
        "font": {
          "color": null,
          "family": null,
          "size": 0
        }
      },
      "hoverformat": ".2f"
    },
    "yaxis": {
      "domain": [0, 1],
      "automargin": true,
      "type": "linear",
      "autorange": false,
      "range": [-0.0205071174377224, 0.430649466192171],
      "tickmode": "array",
      "ticktext": ["0.0%", "10.0%", "20.0%", "30.0%", "40.0%"],
      "tickvals": [0, 0.1, 0.2, 0.3, 0.4],
      "categoryorder": "array",
      "categoryarray": ["0.0%", "10.0%", "20.0%", "30.0%", "40.0%"],
      "nticks": null,
      "ticks": "outside",
      "tickcolor": "rgba(0,0,0,1)",
      "ticklen": 4.64923204649232,
      "tickwidth": 0.66417600664176,
      "showticklabels": true,
      "tickfont": {
        "color": "rgba(0,0,0,1)",
        "family": "",
        "size": 15.9402241594022
      },
      "tickangle": -0,
      "showline": true,
      "linecolor": "rgba(0,0,0,1)",
      "linewidth": 0.66417600664176,
      "showgrid": false,
      "gridcolor": null,
      "gridwidth": 0,
      "zeroline": false,
      "anchor": "x",
      "title": {
        "text": "Percentage of tools",
        "font": {
          "color": "rgba(0,0,0,1)",
          "family": "",
          "size": 18.5969281859693
        }
      },
      "hoverformat": ".2f"
    },
    "shapes": [
      {
        "type": "rect",
        "fillcolor": null,
        "line": {
          "color": null,
          "width": 0,
          "linetype": []
        },
        "yref": "paper",
        "xref": "paper",
        "x0": 0,
        "x1": 1,
        "y0": 0,
        "y1": 1
      }
    ],
    "showlegend": false,
    "legend": {
      "bgcolor": null,
      "bordercolor": null,
      "borderwidth": 0,
      "font": {
        "color": "rgba(0,0,0,1)",
        "family": "",
        "size": 15.9402241594022
      }
    },
    "hovermode": "closest",