{
  "data": [
    {
      "orientation": "v",
      "width": [0.95, 0.95, 0.95, 0.95, 0.949999999999999, 0.949999999999999, 0.949999999999999, 0.949999999999999, 0.949999999999999, 0.949999999999999, 0.949999999999999, 0.949999999999999, 0.949999999999999, 0.949999999999999, 0.949999999999999, 0.950000000000001, 0.950000000000003, 0.950000000000003, 0.950000000000003, 0.950000000000003, 0.950000000000003, 0.950000000000003, 0.950000000000003, 0.950000000000003, 0.950000000000003, 0.950000000000003, 0.950000000000003, 0.950000000000003, 0.950000000000003, 0.950000000000003, 0.950000000000003, 0.950000000000003],
      "base": [0, 0, 0, 0, 0, 0, 0, 0, 0, 0, 0, 0, 0, 0, 0, 0, 0, 0, 0, 0, 0, 0, 0, 0, 0, 0, 0, 0, 0, 0, 0, 0],
      "x": [1, 2, 3, 4, 5, 6, 7, 8, 9, 10, 11, 12, 13, 14, 15, 16, 17, 18, 19, 20, 21, 22, 23, 24, 25, 26, 27, 28, 29, 30, 31, 32],
      "y": [0.463178294573643, 0.273255813953488, 0.246124031007752, 0.158914728682171, 0.153100775193798, 0.125968992248062, 0.125968992248062, 0.122093023255814, 0.108527131782946, 0.104651162790698, 0.104651162790698, 0.0872093023255814, 0.0852713178294574, 0.0794573643410853, 0.0775193798449612, 0.0736434108527132, 0.0697674418604651, 0.0658914728682171, 0.060077519379845, 0.0523255813953488, 0.0426356589147287, 0.0329457364341085, 0.0290697674418605, 0.0193798449612403, 0.0193798449612403, 0.0135658914728682, 0.0116279069767442, 0.00968992248062015, 0.00968992248062015, 0.00581395348837209, 0.00581395348837209, 0.00387596899224806],
      "text": ["Category: Visualisation<br />Count: 239<br />Percent: 46.3", "Category: Clustering<br />Count: 141<br />Percent: 27.3", "Category: Dimensionality Reduction<br />Count: 127<br />Percent: 24.6", "Category: Normalisation<br />Count: 82<br />Percent: 15.9", "Category: Ordering<br />Count: 79<br />Percent: 15.3", "Category: Differential Expression<br />Count: 65<br />Percent: 12.6", "Category: Quality Control<br />Count: 65<br />Percent: 12.6", "Category: Interactive<br />Count: 63<br />Percent: 12.2", "Category: Gene Networks<br />Count: 56<br />Percent: 10.9", "Category: Integration<br />Count: 54<br />Percent: 10.5", "Category: Marker Genes<br />Count: 54<br />Percent: 10.5", "Category: Simulation<br />Count: 45<br />Percent: 8.7", "Category: Classification<br />Count: 44<br />Percent: 8.5", "Category: Variable Genes<br />Count: 41<br />Percent: 7.9", "Category: Gene Filtering<br />Count: 40<br />Percent: 7.8", "Category: Imputation<br />Count: 38<br />Percent: 7.4", "Category: Quantification<br />Count: 36<br />Percent: 7", "Category: Gene Sets<br />Count: 34<br />Percent: 6.6", "Category: UMIs<br />Count: 31<br />Percent: 6", "Category: Expression Patterns<br />Count: 27<br />Percent: 5.2", "Category: Alignment<br />Count: 22<br />Percent: 4.3", "Category: Variants<br />Count: 17<br />Percent: 3.3", "Category: Cell Cycle<br />Count: 15<br />Percent: 2.9", "Category: Alternative Splicing<br />Count: 10<br />Percent: 1.9", "Category: Immune<br />Count: 10<br />Percent: 1.9", "Category: Rare Cells<br />Count: 7<br />Percent: 1.4", "Category: Assembly<br />Count: 6<br />Percent: 1.2", "Category: Allele Specific<br />Count: 5<br />Percent: 1", "Category: Stem Cells<br />Count: 5<br />Percent: 1", "Category: Modality<br />Count: 3<br />Percent: 0.6", "Category: Transformation<br />Count: 3<br />Percent: 0.6", "Category: Haplotypes<br />Count: 2<br />Percent: 0.4"],
      "type": "bar",
      "marker": {
        "autocolorscale": false,
        "color": "rgba(122,82,199,1)",
        "line": {
          "width": 1.88976377952756,
          "color": "transparent"
        }
      },
      "showlegend": false,
      "xaxis": "x",
      "yaxis": "y",
      "hoverinfo": "text",
      "frame": null
    }
  ],
  "layout": {
    "margin": {
      "t": 50,
      "r": 30,
      "b": 50,
      "l": 70
    },
    "font": {
      "color": "rgba(0,0,0,1)",
      "family": "",
      "size": 18.5969281859693
    },
    "xaxis": {
      "domain": [0, 1],
      "automargin": true,
      "type": "linear",
      "autorange": false,
      "range": [0.4, 32.6],
      "tickmode": "array",
      "ticktext": ["Visualisation", "Clustering", "Dimensionality Reduction", "Normalisation", "Ordering", "Differential Expression", "Quality Control", "Interactive", "Gene Networks", "Integration", "Marker Genes", "Simulation", "Classification", "Variable Genes", "Gene Filtering", "Imputation", "Quantification", "Gene Sets", "UMIs", "Expression Patterns", "Alignment", "Variants", "Cell Cycle", "Alternative Splicing", "Immune", "Rare Cells", "Assembly", "Allele Specific", "Stem Cells", "Modality", "Transformation", "Haplotypes"],
      "tickvals": [1, 2, 3, 4, 5, 6, 7, 8, 9, 10, 11, 12, 13, 14, 15, 16, 17, 18, 19, 20, 21, 22, 23, 24, 25, 26, 27, 28, 29, 30, 31, 32],
      "categoryorder": "array",
      "categoryarray": ["Visualisation", "Clustering", "Dimensionality Reduction", "Normalisation", "Ordering", "Differential Expression", "Quality Control", "Interactive", "Gene Networks", "Integration", "Marker Genes", "Simulation", "Classification", "Variable Genes", "Gene Filtering", "Imputation", "Quantification", "Gene Sets", "UMIs", "Expression Patterns", "Alignment", "Variants", "Cell Cycle", "Alternative Splicing", "Immune", "Rare Cells", "Assembly", "Allele Specific", "Stem Cells", "Modality", "Transformation", "Haplotypes"],
      "nticks": null,
      "ticks": "outside",
      "tickcolor": "rgba(0,0,0,1)",
      "ticklen": 4.64923204649232,
      "tickwidth": 0.66417600664176,
      "showticklabels": true,
      "tickfont": {
        "color": "rgba(0,0,0,1)",
        "family": "",
        "size": 15.9402241594022
      },
      "tickangle": -60,
      "showline": true,
      "linecolor": "rgba(0,0,0,1)",
      "linewidth": 0.66417600664176,
      "showgrid": false,
      "gridcolor": null,
      "gridwidth": 0,
      "zeroline": false,
      "anchor": "y",
      "title": {
        "text": "",
        "font": {
          "color": null,
          "family": null,
          "size": 0
        }
      },
      "hoverformat": ".2f"
    },
    "yaxis": {
      "domain": [0, 1],
      "automargin": true,
      "type": "linear",
      "autorange": false,
      "range": [-0.0231589147286822, 0.486337209302326],
      "tickmode": "array",
      "ticktext": ["0.0%", "10.0%", "20.0%", "30.0%", "40.0%"],
      "tickvals": [0, 0.1, 0.2, 0.3, 0.4],
      "categoryorder": "array",
      "categoryarray": ["0.0%", "10.0%", "20.0%", "30.0%", "40.0%"],
      "nticks": null,
      "ticks": "outside",
      "tickcolor": "rgba(0,0,0,1)",
      "ticklen": 4.64923204649232,
      "tickwidth": 0.66417600664176,
      "showticklabels": true,
      "tickfont": {
        "color": "rgba(0,0,0,1)",
        "family": "",
        "size": 15.9402241594022
      },
      "tickangle": -0,
      "showline": true,
      "linecolor": "rgba(0,0,0,1)",
      "linewidth": 0.66417600664176,
      "showgrid": false,
      "gridcolor": null,
      "gridwidth": 0,
      "zeroline": false,
      "anchor": "x",
      "title": {
        "text": "Percentage of tools",
        "font": {
          "color": "rgba(0,0,0,1)",
          "family": "",
          "size": 18.5969281859693
        }
      },
      "hoverformat": ".2f"
    },
    "shapes": [
      {
        "type": "rect",
        "fillcolor": null,
        "line": {
          "color": null,
          "width": 0,
          "linetype": []
        },
        "yref": "paper",
        "xref": "paper",
        "x0": 0,
        "x1": 1,
        "y0": 0,
        "y1": 1
      }
    ],
    "showlegend": false,
    "legend": {
      "bgcolor": null,
      "bordercolor": null,
      "borderwidth": 0,
      "font": {
        "color": "rgba(0,0,0,1)",
        "family": "",
        "size": 15.9402241594022
      }
    },
    "hovermode": "closest",
    "height": 600,
    "barmode": "relative",
    "autosize": true
  },
  "config": {
    "doubleClick": "reset",
    "showSendToCloud": false,