{
  "data": [
    {
      "orientation": "v",
      "width": [0.95, 0.95, 0.95, 0.95, 0.949999999999999, 0.949999999999999, 0.949999999999999, 0.949999999999999, 0.949999999999999, 0.949999999999999, 0.949999999999999, 0.949999999999999, 0.949999999999999, 0.949999999999999, 0.949999999999999, 0.950000000000001, 0.950000000000003, 0.950000000000003, 0.950000000000003, 0.950000000000003, 0.950000000000003, 0.950000000000003, 0.950000000000003, 0.950000000000003, 0.950000000000003, 0.950000000000003, 0.950000000000003, 0.950000000000003, 0.950000000000003, 0.950000000000003, 0.950000000000003, 0.950000000000003, 0.950000000000003],
      "base": [0, 0, 0, 0, 0, 0, 0, 0, 0, 0, 0, 0, 0, 0, 0, 0, 0, 0, 0, 0, 0, 0, 0, 0, 0, 0, 0, 0, 0, 0, 0, 0, 0],
      "x": [1, 2, 3, 4, 5, 6, 7, 8, 9, 10, 11, 12, 13, 14, 15, 16, 17, 18, 19, 20, 21, 22, 23, 24, 25, 26, 27, 28, 29, 30, 31, 32, 33],
      "y": [0.412796697626419, 0.254901960784314, 0.248710010319917, 0.13828689370485, 0.126934984520124, 0.115583075335397, 0.109391124871001, 0.108359133126935, 0.107327141382869, 0.104231166150671, 0.087719298245614, 0.0846233230134159, 0.0722394220846233, 0.0681114551083591, 0.0681114551083591, 0.0619195046439628, 0.0608875128998968, 0.0526315789473684, 0.0412796697626419, 0.0402476780185759, 0.0392156862745098, 0.0381836945304438, 0.0247678018575851, 0.0237358101135191, 0.0196078431372549, 0.0154798761609907, 0.0113519091847265, 0.00825593395252838, 0.00619195046439629, 0.00619195046439629, 0.00515995872033024, 0.00412796697626419, 0.00206398348813209],
      "text": ["Category: Visualisation<br />Prop: 0.412796698<br />Count: 400<br />Percent: 41.3", "Category: Clustering<br />Prop: 0.254901961<br />Count: 247<br />Percent: 25.5", "Category: Dimensionality Reduction<br />Prop: 0.248710010<br />Count: 241<br />Percent: 24.9", "Category: Integration<br />Prop: 0.138286894<br />Count: 134<br />Percent: 13.8", "Category: Ordering<br />Prop: 0.126934985<br />Count: 123<br />Percent: 12.7", "Category: Differential Expression<br />Prop: 0.115583075<br />Count: 112<br />Percent: 11.6", "Category: Classification<br />Prop: 0.109391125<br />Count: 106<br />Percent: 10.9", "Category: Normalisation<br />Prop: 0.108359133<br />Count: 105<br />Percent: 10.8", "Category: Gene Networks<br />Prop: 0.107327141<br />Count: 104<br />Percent: 10.7", "Category: Quality Control<br />Prop: 0.104231166<br />Count: 101<br />Percent: 10.4", "Category: Interactive<br />Prop: 0.087719298<br />Count: 85<br />Percent: 8.8", "Category: Marker Genes<br />Prop: 0.084623323<br />Count: 82<br />Percent: 8.5", "Category: Imputation<br />Prop: 0.072239422<br />Count: 70<br />Percent: 7.2", "Category: Gene Sets<br />Prop: 0.068111455<br />Count: 66<br />Percent: 6.8", "Category: Simulation<br />Prop: 0.068111455<br />Count: 66<br />Percent: 6.8", "Category: Variable Genes<br />Prop: 0.061919505<br />Count: 60<br />Percent: 6.2", "Category: Quantification<br />Prop: 0.060887513<br />Count: 59<br />Percent: 6.1", "Category: Gene Filtering<br />Prop: 0.052631579<br />Count: 51<br />Percent: 5.3", "Category: Variants<br />Prop: 0.041279670<br />Count: 40<br />Percent: 4.1", "Category: UMIs<br />Prop: 0.040247678<br />Count: 39<br />Percent: 4", "Category: Alignment<br />Prop: 0.039215686<br />Count: 38<br />Percent: 3.9", "Category: Expression Patterns<br />Prop: 0.038183695<br />Count: 37<br />Percent: 3.8", "Category: Alternative Splicing<br />Prop: 0.024767802<br />Count: 24<br />Percent: 2.5", "Category: Cell Cycle<br />Prop: 0.023735810<br />Count: 23<br />Percent: 2.4", "Category: Immune<br />Prop: 0.019607843<br />Count: 19<br />Percent: 2", "Category: Perturbations<br />Prop: 0.015479876<br />Count: 15<br />Percent: 1.5", "Category: Rare Cells<br />Prop: 0.011351909<br />Count: 11<br />Percent: 1.1", "Category: Assembly<br />Prop: 0.008255934<br />Count: 8<br />Percent: 0.8", "Category: Allele Specific<br />Prop: 0.006191950<br />Count: 6<br />Percent: 0.6", "Category: Stem Cells<br />Prop: 0.006191950<br />Count: 6<br />Percent: 0.6", "Category: Modality<br />Prop: 0.005159959<br />Count: 5<br />Percent: 0.5", "Category: Transformation<br />Prop: 0.004127967<br />Count: 4<br />Percent: 0.4", "Category: Haplotypes<br />Prop: 0.002063983<br />Count: 2<br />Percent: 0.2"],
      "type": "bar",
      "marker": {
        "autocolorscale": false,
        "color": "rgba(122,82,199,1)",
        "line": {
          "width": 1.88976377952756,
          "color": "transparent"
        }
      },
      "showlegend": false,
      "xaxis": "x",
      "yaxis": "y",
      "hoverinfo": "text",
      "frame": null
    }
  ],
  "layout": {
    "margin": {
      "t": 0,
      "r": 10,
      "b": 0,
      "l": 55
    },
    "font": {
      "color": "rgba(0,0,0,1)",
      "family": "",
      "size": 18.5969281859693
    },
    "xaxis": {
      "domain": [0, 1],
      "automargin": true,
      "type": "linear",
      "autorange": false,
      "range": [0.4, 33.6],
      "tickmode": "array",
      "ticktext": ["Visualisation", "Clustering", "Dimensionality Reduction", "Integration", "Ordering", "Differential Expression", "Classification", "Normalisation", "Gene Networks", "Quality Control", "Interactive", "Marker Genes", "Imputation", "Gene Sets", "Simulation", "Variable Genes", "Quantification", "Gene Filtering", "Variants", "UMIs", "Alignment", "Expression Patterns", "Alternative Splicing", "Cell Cycle", "Immune", "Perturbations", "Rare Cells", "Assembly", "Allele Specific", "Stem Cells", "Modality", "Transformation", "Haplotypes"],
      "tickvals": [1, 2, 3, 4, 5, 6, 7, 8, 9, 10, 11, 12, 13, 14, 15, 16, 17, 18, 19, 20, 21, 22, 23, 24, 25, 26, 27, 28, 29, 30, 31, 32, 33],
      "categoryorder": "array",
      "categoryarray": ["Visualisation", "Clustering", "Dimensionality Reduction", "Integration", "Ordering", "Differential Expression", "Classification", "Normalisation", "Gene Networks", "Quality Control", "Interactive", "Marker Genes", "Imputation", "Gene Sets", "Simulation", "Variable Genes", "Quantification", "Gene Filtering", "Variants", "UMIs", "Alignment", "Expression Patterns", "Alternative Splicing", "Cell Cycle", "Immune", "Perturbations", "Rare Cells", "Assembly", "Allele Specific", "Stem Cells", "Modality", "Transformation", "Haplotypes"],
      "nticks": null,
      "ticks": "outside",
      "tickcolor": "rgba(0,0,0,1)",
      "ticklen": 4.64923204649232,
      "tickwidth": 0.66417600664176,
      "showticklabels": true,
      "tickfont": {
        "color": "rgba(0,0,0,1)",
        "family": "",
        "size": 7
      },
      "tickangle": -60,
      "showline": true,
      "linecolor": "rgba(0,0,0,1)",
      "linewidth": 0.66417600664176,
      "showgrid": false,
      "gridcolor": null,
      "gridwidth": 0,
      "zeroline": false,
      "anchor": "y",
      "title": {
        "text": "",
        "font": {
          "color": null,
          "family": null,
          "size": 9
        }
      },
      "hoverformat": ".2f",
      "fixedrange": true
    },
    "yaxis": {
      "domain": [0, 1],
      "automargin": true,
      "type": "linear",
      "autorange": false,
      "range": [-0.0206398348813209, 0.43343653250774],
      "tickmode": "array",
      "ticktext": ["0.0%", "10.0%", "20.0%", "30.0%", "40.0%"],
      "tickvals": [0, 0.1, 0.2, 0.3, 0.4],
      "categoryorder": "array",
      "categoryarray": ["0.0%", "10.0%", "20.0%", "30.0%", "40.0%"],
      "nticks": null,
      "ticks": "outside",
      "tickcolor": "rgba(0,0,0,1)",
      "ticklen": 4.64923204649232,
      "tickwidth": 0.66417600664176,
      "showticklabels": true,
      "tickfont": {
        "color": "rgba(0,0,0,1)",
        "family": "",
        "size": 7
      },
      "tickangle": -0,
      "showline": true,
      "linecolor": "rgba(0,0,0,1)",
      "linewidth": 0.66417600664176,
      "showgrid": false,
      "gridcolor": null,
      "gridwidth": 0,
      "zeroline": false,
      "anchor": "x",