{
  "data": [
    {
      "orientation": "v",
      "width": [0.95, 0.95, 0.95, 0.95, 0.949999999999999, 0.949999999999999, 0.949999999999999, 0.949999999999999, 0.949999999999999, 0.949999999999999, 0.949999999999999, 0.949999999999999, 0.949999999999999, 0.949999999999999, 0.949999999999999, 0.950000000000001, 0.950000000000003, 0.950000000000003, 0.950000000000003, 0.950000000000003, 0.950000000000003, 0.950000000000003, 0.950000000000003, 0.950000000000003, 0.950000000000003, 0.950000000000003, 0.950000000000003, 0.950000000000003, 0.950000000000003, 0.950000000000003, 0.950000000000003, 0.950000000000003],
      "base": [0, 0, 0, 0, 0, 0, 0, 0, 0, 0, 0, 0, 0, 0, 0, 0, 0, 0, 0, 0, 0, 0, 0, 0, 0, 0, 0, 0, 0, 0, 0, 0],
      "x": [1, 2, 3, 4, 5, 6, 7, 8, 9, 10, 11, 12, 13, 14, 15, 16, 17, 18, 19, 20, 21, 22, 23, 24, 25, 26, 27, 28, 29, 30, 31, 32],
      "y": [0.458891013384321, 0.269598470363289, 0.246653919694073, 0.15678776290631, 0.151051625239006, 0.126195028680688, 0.124282982791587, 0.120458891013384, 0.108986615678776, 0.103250478011472, 0.103250478011472, 0.0860420650095602, 0.0860420650095602, 0.0783938814531549, 0.0764818355640535, 0.0745697896749522, 0.0688336520076482, 0.0669216061185468, 0.0592734225621415, 0.0554493307839388, 0.0420650095602294, 0.0325047801147228, 0.0286806883365201, 0.0210325047801147, 0.0191204588910134, 0.0133843212237094, 0.011472275334608, 0.00956022944550669, 0.00956022944550669, 0.00764818355640535, 0.00573613766730402, 0.00382409177820268],
      "text": ["Category: Visualisation<br />Prop: 0.458891013<br />Count: 240<br />Percent: 45.9", "Category: Clustering<br />Prop: 0.269598470<br />Count: 141<br />Percent: 27", "Category: Dimensionality Reduction<br />Prop: 0.246653920<br />Count: 129<br />Percent: 24.7", "Category: Normalisation<br />Prop: 0.156787763<br />Count: 82<br />Percent: 15.7", "Category: Ordering<br />Prop: 0.151051625<br />Count: 79<br />Percent: 15.1", "Category: Quality Control<br />Prop: 0.126195029<br />Count: 66<br />Percent: 12.6", "Category: Differential Expression<br />Prop: 0.124282983<br />Count: 65<br />Percent: 12.4", "Category: Interactive<br />Prop: 0.120458891<br />Count: 63<br />Percent: 12", "Category: Gene Networks<br />Prop: 0.108986616<br />Count: 57<br />Percent: 10.9", "Category: Integration<br />Prop: 0.103250478<br />Count: 54<br />Percent: 10.3", "Category: Marker Genes<br />Prop: 0.103250478<br />Count: 54<br />Percent: 10.3", "Category: Classification<br />Prop: 0.086042065<br />Count: 45<br />Percent: 8.6", "Category: Simulation<br />Prop: 0.086042065<br />Count: 45<br />Percent: 8.6", "Category: Variable Genes<br />Prop: 0.078393881<br />Count: 41<br />Percent: 7.8", "Category: Gene Filtering<br />Prop: 0.076481836<br />Count: 40<br />Percent: 7.6", "Category: Imputation<br />Prop: 0.074569790<br />Count: 39<br />Percent: 7.5", "Category: Quantification<br />Prop: 0.068833652<br />Count: 36<br />Percent: 6.9", "Category: Gene Sets<br />Prop: 0.066921606<br />Count: 35<br />Percent: 6.7", "Category: UMIs<br />Prop: 0.059273423<br />Count: 31<br />Percent: 5.9", "Category: Expression Patterns<br />Prop: 0.055449331<br />Count: 29<br />Percent: 5.5", "Category: Alignment<br />Prop: 0.042065010<br />Count: 22<br />Percent: 4.2", "Category: Variants<br />Prop: 0.032504780<br />Count: 17<br />Percent: 3.3", "Category: Cell Cycle<br />Prop: 0.028680688<br />Count: 15<br />Percent: 2.9", "Category: Immune<br />Prop: 0.021032505<br />Count: 11<br />Percent: 2.1", "Category: Alternative Splicing<br />Prop: 0.019120459<br />Count: 10<br />Percent: 1.9", "Category: Rare Cells<br />Prop: 0.013384321<br />Count: 7<br />Percent: 1.3", "Category: Assembly<br />Prop: 0.011472275<br />Count: 6<br />Percent: 1.1", "Category: Allele Specific<br />Prop: 0.009560229<br />Count: 5<br />Percent: 1", "Category: Stem Cells<br />Prop: 0.009560229<br />Count: 5<br />Percent: 1", "Category: Transformation<br />Prop: 0.007648184<br />Count: 4<br />Percent: 0.8", "Category: Modality<br />Prop: 0.005736138<br />Count: 3<br />Percent: 0.6", "Category: Haplotypes<br />Prop: 0.003824092<br />Count: 2<br />Percent: 0.4"],
      "type": "bar",
      "marker": {
        "autocolorscale": false,
        "color": "rgba(122,82,199,1)",
        "line": {
          "width": 1.88976377952756,
          "color": "transparent"
        }
      },
      "showlegend": false,
      "xaxis": "x",
      "yaxis": "y",
      "hoverinfo": "text",
      "frame": null
    }
  ],
  "layout": {
    "margin": {
      "t": 0,
      "r": 10,
      "b": 0,
      "l": 55
    },
    "font": {
      "color": "rgba(0,0,0,1)",
      "family": "",
      "size": 18.5969281859693
    },
    "xaxis": {
      "domain": [0, 1],
      "automargin": true,
      "type": "linear",
      "autorange": false,
      "range": [0.4, 32.6],
      "tickmode": "array",
      "ticktext": ["Visualisation", "Clustering", "Dimensionality Reduction", "Normalisation", "Ordering", "Quality Control", "Differential Expression", "Interactive", "Gene Networks", "Integration", "Marker Genes", "Classification", "Simulation", "Variable Genes", "Gene Filtering", "Imputation", "Quantification", "Gene Sets", "UMIs", "Expression Patterns", "Alignment", "Variants", "Cell Cycle", "Immune", "Alternative Splicing", "Rare Cells", "Assembly", "Allele Specific", "Stem Cells", "Transformation", "Modality", "Haplotypes"],
      "tickvals": [1, 2, 3, 4, 5, 6, 7, 8, 9, 10, 11, 12, 13, 14, 15, 16, 17, 18, 19, 20, 21, 22, 23, 24, 25, 26, 27, 28, 29, 30, 31, 32],
      "categoryorder": "array",
      "categoryarray": ["Visualisation", "Clustering", "Dimensionality Reduction", "Normalisation", "Ordering", "Quality Control", "Differential Expression", "Interactive", "Gene Networks", "Integration", "Marker Genes", "Classification", "Simulation", "Variable Genes", "Gene Filtering", "Imputation", "Quantification", "Gene Sets", "UMIs", "Expression Patterns", "Alignment", "Variants", "Cell Cycle", "Immune", "Alternative Splicing", "Rare Cells", "Assembly", "Allele Specific", "Stem Cells", "Transformation", "Modality", "Haplotypes"],
      "nticks": null,
      "ticks": "outside",
      "tickcolor": "rgba(0,0,0,1)",
      "ticklen": 4.64923204649232,
      "tickwidth": 0.66417600664176,
      "showticklabels": true,
      "tickfont": {
        "color": "rgba(0,0,0,1)",
        "family": "",
        "size": 7
      },
      "tickangle": -60,
      "showline": true,
      "linecolor": "rgba(0,0,0,1)",
      "linewidth": 0.66417600664176,
      "showgrid": false,
      "gridcolor": null,
      "gridwidth": 0,
      "zeroline": false,
      "anchor": "y",
      "title": {
        "text": "",
        "font": {
          "color": null,
          "family": null,
          "size": 9
        }
      },
      "hoverformat": ".2f",
      "fixedrange": true
    },
    "yaxis": {
      "domain": [0, 1],
      "automargin": true,
      "type": "linear",
      "autorange": false,
      "range": [-0.0229445506692161, 0.481835564053537],
      "tickmode": "array",
      "ticktext": ["0.0%", "10.0%", "20.0%", "30.0%", "40.0%"],
      "tickvals": [0, 0.1, 0.2, 0.3, 0.4],
      "categoryorder": "array",
      "categoryarray": ["0.0%", "10.0%", "20.0%", "30.0%", "40.0%"],
      "nticks": null,
      "ticks": "outside",
      "tickcolor": "rgba(0,0,0,1)",
      "ticklen": 4.64923204649232,
      "tickwidth": 0.66417600664176,
      "showticklabels": true,
      "tickfont": {
        "color": "rgba(0,0,0,1)",
        "family": "",
        "size": 7
      },
      "tickangle": -0,
      "showline": true,
      "linecolor": "rgba(0,0,0,1)",
      "linewidth": 0.66417600664176,
      "showgrid": false,
      "gridcolor": null,
      "gridwidth": 0,
      "zeroline": false,
      "anchor": "x",
      "title": {
        "text": "Percentage of tools",
        "font": {
          "color": "rgba(0,0,0,1)",
          "family": "",
          "size": 9
        }
      },
      "hoverformat": ".2f",