{
  "data": [
    {
      "orientation": "v",
      "width": [0.95, 0.95, 0.95, 0.95, 0.949999999999999, 0.949999999999999, 0.949999999999999, 0.949999999999999, 0.949999999999999, 0.949999999999999, 0.949999999999999, 0.949999999999999, 0.949999999999999, 0.949999999999999, 0.949999999999999, 0.950000000000001, 0.950000000000003, 0.950000000000003, 0.950000000000003, 0.950000000000003, 0.950000000000003, 0.950000000000003, 0.950000000000003, 0.950000000000003, 0.950000000000003, 0.950000000000003, 0.950000000000003, 0.950000000000003, 0.950000000000003, 0.950000000000003, 0.950000000000003, 0.950000000000003],
      "base": [0, 0, 0, 0, 0, 0, 0, 0, 0, 0, 0, 0, 0, 0, 0, 0, 0, 0, 0, 0, 0, 0, 0, 0, 0, 0, 0, 0, 0, 0, 0, 0],
      "x": [1, 2, 3, 4, 5, 6, 7, 8, 9, 10, 11, 12, 13, 14, 15, 16, 17, 18, 19, 20, 21, 22, 23, 24, 25, 26, 27, 28, 29, 30, 31, 32],
      "y": [0.456445993031359, 0.266550522648084, 0.250871080139373, 0.149825783972125, 0.146341463414634, 0.120209059233449, 0.118466898954704, 0.118466898954704, 0.111498257839721, 0.10801393728223, 0.102787456445993, 0.0905923344947735, 0.0818815331010453, 0.0801393728222996, 0.0749128919860627, 0.0714285714285714, 0.0696864111498258, 0.0644599303135888, 0.054006968641115, 0.0522648083623693, 0.0400696864111498, 0.0383275261324042, 0.0261324041811847, 0.0191637630662021, 0.0191637630662021, 0.0156794425087108, 0.0104529616724739, 0.00871080139372822, 0.00871080139372822, 0.00696864111498258, 0.00696864111498258, 0.00348432055749129],
      "text": ["Category: Visualisation<br />Prop: 0.456445993<br />Count: 262<br />Percent: 45.6", "Category: Clustering<br />Prop: 0.266550523<br />Count: 153<br />Percent: 26.7", "Category: Dimensionality Reduction<br />Prop: 0.250871080<br />Count: 144<br />Percent: 25.1", "Category: Normalisation<br />Prop: 0.149825784<br />Count: 86<br />Percent: 15", "Category: Ordering<br />Prop: 0.146341463<br />Count: 84<br />Percent: 14.6", "Category: Interactive<br />Prop: 0.120209059<br />Count: 69<br />Percent: 12", "Category: Differential Expression<br />Prop: 0.118466899<br />Count: 68<br />Percent: 11.8", "Category: Quality Control<br />Prop: 0.118466899<br />Count: 68<br />Percent: 11.8", "Category: Integration<br />Prop: 0.111498258<br />Count: 64<br />Percent: 11.1", "Category: Gene Networks<br />Prop: 0.108013937<br />Count: 62<br />Percent: 10.8", "Category: Marker Genes<br />Prop: 0.102787456<br />Count: 59<br />Percent: 10.3", "Category: Classification<br />Prop: 0.090592334<br />Count: 52<br />Percent: 9.1", "Category: Imputation<br />Prop: 0.081881533<br />Count: 47<br />Percent: 8.2", "Category: Simulation<br />Prop: 0.080139373<br />Count: 46<br />Percent: 8", "Category: Variable Genes<br />Prop: 0.074912892<br />Count: 43<br />Percent: 7.5", "Category: Gene Sets<br />Prop: 0.071428571<br />Count: 41<br />Percent: 7.1", "Category: Gene Filtering<br />Prop: 0.069686411<br />Count: 40<br />Percent: 7", "Category: Quantification<br />Prop: 0.064459930<br />Count: 37<br />Percent: 6.4", "Category: UMIs<br />Prop: 0.054006969<br />Count: 31<br />Percent: 5.4", "Category: Expression Patterns<br />Prop: 0.052264808<br />Count: 30<br />Percent: 5.2", "Category: Variants<br />Prop: 0.040069686<br />Count: 23<br />Percent: 4", "Category: Alignment<br />Prop: 0.038327526<br />Count: 22<br />Percent: 3.8", "Category: Cell Cycle<br />Prop: 0.026132404<br />Count: 15<br />Percent: 2.6", "Category: Alternative Splicing<br />Prop: 0.019163763<br />Count: 11<br />Percent: 1.9", "Category: Immune<br />Prop: 0.019163763<br />Count: 11<br />Percent: 1.9", "Category: Rare Cells<br />Prop: 0.015679443<br />Count: 9<br />Percent: 1.6", "Category: Assembly<br />Prop: 0.010452962<br />Count: 6<br />Percent: 1", "Category: Allele Specific<br />Prop: 0.008710801<br />Count: 5<br />Percent: 0.9", "Category: Stem Cells<br />Prop: 0.008710801<br />Count: 5<br />Percent: 0.9", "Category: Modality<br />Prop: 0.006968641<br />Count: 4<br />Percent: 0.7", "Category: Transformation<br />Prop: 0.006968641<br />Count: 4<br />Percent: 0.7", "Category: Haplotypes<br />Prop: 0.003484321<br />Count: 2<br />Percent: 0.3"],
      "type": "bar",
      "marker": {
        "autocolorscale": false,
        "color": "rgba(122,82,199,1)",
        "line": {
          "width": 1.88976377952756,
          "color": "transparent"
        }
      },
      "showlegend": false,
      "xaxis": "x",
      "yaxis": "y",
      "hoverinfo": "text",
      "frame": null
    }
  ],
  "layout": {
    "margin": {
      "t": 0,
      "r": 10,
      "b": 0,
      "l": 55
    },
    "font": {
      "color": "rgba(0,0,0,1)",
      "family": "",
      "size": 18.5969281859693
    },
    "xaxis": {
      "domain": [0, 1],
      "automargin": true,
      "type": "linear",
      "autorange": false,
      "range": [0.4, 32.6],
      "tickmode": "array",
      "ticktext": ["Visualisation", "Clustering", "Dimensionality Reduction", "Normalisation", "Ordering", "Interactive", "Differential Expression", "Quality Control", "Integration", "Gene Networks", "Marker Genes", "Classification", "Imputation", "Simulation", "Variable Genes", "Gene Sets", "Gene Filtering", "Quantification", "UMIs", "Expression Patterns", "Variants", "Alignment", "Cell Cycle", "Alternative Splicing", "Immune", "Rare Cells", "Assembly", "Allele Specific", "Stem Cells", "Modality", "Transformation", "Haplotypes"],
      "tickvals": [1, 2, 3, 4, 5, 6, 7, 8, 9, 10, 11, 12, 13, 14, 15, 16, 17, 18, 19, 20, 21, 22, 23, 24, 25, 26, 27, 28, 29, 30, 31, 32],
      "categoryorder": "array",
      "categoryarray": ["Visualisation", "Clustering", "Dimensionality Reduction", "Normalisation", "Ordering", "Interactive", "Differential Expression", "Quality Control", "Integration", "Gene Networks", "Marker Genes", "Classification", "Imputation", "Simulation", "Variable Genes", "Gene Sets", "Gene Filtering", "Quantification", "UMIs", "Expression Patterns", "Variants", "Alignment", "Cell Cycle", "Alternative Splicing", "Immune", "Rare Cells", "Assembly", "Allele Specific", "Stem Cells", "Modality", "Transformation", "Haplotypes"],
      "nticks": null,
      "ticks": "outside",
      "tickcolor": "rgba(0,0,0,1)",
      "ticklen": 4.64923204649232,
      "tickwidth": 0.66417600664176,
      "showticklabels": true,
      "tickfont": {
        "color": "rgba(0,0,0,1)",
        "family": "",
        "size": 7
      },
      "tickangle": -60,
      "showline": true,
      "linecolor": "rgba(0,0,0,1)",
      "linewidth": 0.66417600664176,
      "showgrid": false,
      "gridcolor": null,
      "gridwidth": 0,
      "zeroline": false,
      "anchor": "y",
      "title": {
        "text": "",
        "font": {
          "color": null,
          "family": null,
          "size": 9
        }
      },
      "hoverformat": ".2f",
      "fixedrange": true
    },
    "yaxis": {
      "domain": [0, 1],
      "automargin": true,
      "type": "linear",
      "autorange": false,
      "range": [-0.0228222996515679, 0.479268292682927],
      "tickmode": "array",
      "ticktext": ["0.0%", "10.0%", "20.0%", "30.0%", "40.0%"],
      "tickvals": [0, 0.1, 0.2, 0.3, 0.4],
      "categoryorder": "array",
      "categoryarray": ["0.0%", "10.0%", "20.0%", "30.0%", "40.0%"],
      "nticks": null,
      "ticks": "outside",
      "tickcolor": "rgba(0,0,0,1)",
      "ticklen": 4.64923204649232,
      "tickwidth": 0.66417600664176,
      "showticklabels": true,
      "tickfont": {
        "color": "rgba(0,0,0,1)",
        "family": "",
        "size": 7
      },
      "tickangle": -0,
      "showline": true,
      "linecolor": "rgba(0,0,0,1)",
      "linewidth": 0.66417600664176,
      "showgrid": false,
      "gridcolor": null,
      "gridwidth": 0,
      "zeroline": false,
      "anchor": "x",
      "title": {
        "text": "Percentage of tools",
        "font": {
          "color": "rgba(0,0,0,1)",
          "family": "",
          "size": 9
        }
      },
      "hoverformat": ".2f",