{
  "data": [
    {
      "orientation": "v",
      "width": [0.95, 0.95, 0.95, 0.95, 0.949999999999999, 0.949999999999999, 0.949999999999999, 0.949999999999999, 0.949999999999999, 0.949999999999999, 0.949999999999999, 0.949999999999999, 0.949999999999999, 0.949999999999999, 0.949999999999999, 0.950000000000001, 0.950000000000003, 0.950000000000003, 0.950000000000003, 0.950000000000003, 0.950000000000003, 0.950000000000003, 0.950000000000003, 0.950000000000003, 0.950000000000003, 0.950000000000003, 0.950000000000003, 0.950000000000003, 0.950000000000003, 0.950000000000003, 0.950000000000003, 0.950000000000003, 0.950000000000003],
      "base": [0, 0, 0, 0, 0, 0, 0, 0, 0, 0, 0, 0, 0, 0, 0, 0, 0, 0, 0, 0, 0, 0, 0, 0, 0, 0, 0, 0, 0, 0, 0, 0, 0],
      "x": [1, 2, 3, 4, 5, 6, 7, 8, 9, 10, 11, 12, 13, 14, 15, 16, 17, 18, 19, 20, 21, 22, 23, 24, 25, 26, 27, 28, 29, 30, 31, 32, 33],
      "y": [0.420305676855895, 0.25764192139738, 0.251091703056769, 0.135371179039301, 0.12882096069869, 0.116812227074236, 0.112445414847162, 0.109170305676856, 0.108078602620087, 0.104803493449782, 0.091703056768559, 0.0873362445414847, 0.074235807860262, 0.0698689956331878, 0.0687772925764192, 0.0600436681222707, 0.0567685589519651, 0.0524017467248908, 0.0414847161572052, 0.0403930131004367, 0.0393013100436681, 0.0360262008733624, 0.0229257641921397, 0.0218340611353712, 0.0196506550218341, 0.0141921397379913, 0.0109170305676856, 0.00764192139737991, 0.00655021834061135, 0.00655021834061135, 0.00545851528384279, 0.00436681222707424, 0.00218340611353712],
      "text": ["Category: Visualisation<br />Prop: 0.420305677<br />Count: 385<br />Percent: 42", "Category: Clustering<br />Prop: 0.257641921<br />Count: 236<br />Percent: 25.8", "Category: Dimensionality Reduction<br />Prop: 0.251091703<br />Count: 230<br />Percent: 25.1", "Category: Integration<br />Prop: 0.135371179<br />Count: 124<br />Percent: 13.5", "Category: Ordering<br />Prop: 0.128820961<br />Count: 118<br />Percent: 12.9", "Category: Differential Expression<br />Prop: 0.116812227<br />Count: 107<br />Percent: 11.7", "Category: Normalisation<br />Prop: 0.112445415<br />Count: 103<br />Percent: 11.2", "Category: Gene Networks<br />Prop: 0.109170306<br />Count: 100<br />Percent: 10.9", "Category: Classification<br />Prop: 0.108078603<br />Count: 99<br />Percent: 10.8", "Category: Quality Control<br />Prop: 0.104803493<br />Count: 96<br />Percent: 10.5", "Category: Interactive<br />Prop: 0.091703057<br />Count: 84<br />Percent: 9.2", "Category: Marker Genes<br />Prop: 0.087336245<br />Count: 80<br />Percent: 8.7", "Category: Imputation<br />Prop: 0.074235808<br />Count: 68<br />Percent: 7.4", "Category: Simulation<br />Prop: 0.069868996<br />Count: 64<br />Percent: 7", "Category: Gene Sets<br />Prop: 0.068777293<br />Count: 63<br />Percent: 6.9", "Category: Variable Genes<br />Prop: 0.060043668<br />Count: 55<br />Percent: 6", "Category: Quantification<br />Prop: 0.056768559<br />Count: 52<br />Percent: 5.7", "Category: Gene Filtering<br />Prop: 0.052401747<br />Count: 48<br />Percent: 5.2", "Category: UMIs<br />Prop: 0.041484716<br />Count: 38<br />Percent: 4.1", "Category: Variants<br />Prop: 0.040393013<br />Count: 37<br />Percent: 4", "Category: Expression Patterns<br />Prop: 0.039301310<br />Count: 36<br />Percent: 3.9", "Category: Alignment<br />Prop: 0.036026201<br />Count: 33<br />Percent: 3.6", "Category: Cell Cycle<br />Prop: 0.022925764<br />Count: 21<br />Percent: 2.3", "Category: Alternative Splicing<br />Prop: 0.021834061<br />Count: 20<br />Percent: 2.2", "Category: Immune<br />Prop: 0.019650655<br />Count: 18<br />Percent: 2", "Category: Perturbations<br />Prop: 0.014192140<br />Count: 13<br />Percent: 1.4", "Category: Rare Cells<br />Prop: 0.010917031<br />Count: 10<br />Percent: 1.1", "Category: Assembly<br />Prop: 0.007641921<br />Count: 7<br />Percent: 0.8", "Category: Allele Specific<br />Prop: 0.006550218<br />Count: 6<br />Percent: 0.7", "Category: Stem Cells<br />Prop: 0.006550218<br />Count: 6<br />Percent: 0.7", "Category: Modality<br />Prop: 0.005458515<br />Count: 5<br />Percent: 0.5", "Category: Transformation<br />Prop: 0.004366812<br />Count: 4<br />Percent: 0.4", "Category: Haplotypes<br />Prop: 0.002183406<br />Count: 2<br />Percent: 0.2"],
      "type": "bar",
      "marker": {
        "autocolorscale": false,
        "color": "rgba(122,82,199,1)",
        "line": {
          "width": 1.88976377952756,
          "color": "transparent"
        }
      },
      "showlegend": false,
      "xaxis": "x",
      "yaxis": "y",
      "hoverinfo": "text",
      "frame": null
    }
  ],
  "layout": {
    "margin": {
      "t": 0,
      "r": 10,
      "b": 0,
      "l": 55
    },
    "font": {
      "color": "rgba(0,0,0,1)",
      "family": "",
      "size": 18.5969281859693
    },
    "xaxis": {
      "domain": [0, 1],
      "automargin": true,
      "type": "linear",
      "autorange": false,
      "range": [0.4, 33.6],
      "tickmode": "array",
      "ticktext": ["Visualisation", "Clustering", "Dimensionality Reduction", "Integration", "Ordering", "Differential Expression", "Normalisation", "Gene Networks", "Classification", "Quality Control", "Interactive", "Marker Genes", "Imputation", "Simulation", "Gene Sets", "Variable Genes", "Quantification", "Gene Filtering", "UMIs", "Variants", "Expression Patterns", "Alignment", "Cell Cycle", "Alternative Splicing", "Immune", "Perturbations", "Rare Cells", "Assembly", "Allele Specific", "Stem Cells", "Modality", "Transformation", "Haplotypes"],
      "tickvals": [1, 2, 3, 4, 5, 6, 7, 8, 9, 10, 11, 12, 13, 14, 15, 16, 17, 18, 19, 20, 21, 22, 23, 24, 25, 26, 27, 28, 29, 30, 31, 32, 33],
      "categoryorder": "array",
      "categoryarray": ["Visualisation", "Clustering", "Dimensionality Reduction", "Integration", "Ordering", "Differential Expression", "Normalisation", "Gene Networks", "Classification", "Quality Control", "Interactive", "Marker Genes", "Imputation", "Simulation", "Gene Sets", "Variable Genes", "Quantification", "Gene Filtering", "UMIs", "Variants", "Expression Patterns", "Alignment", "Cell Cycle", "Alternative Splicing", "Immune", "Perturbations", "Rare Cells", "Assembly", "Allele Specific", "Stem Cells", "Modality", "Transformation", "Haplotypes"],
      "nticks": null,
      "ticks": "outside",
      "tickcolor": "rgba(0,0,0,1)",
      "ticklen": 4.64923204649232,
      "tickwidth": 0.66417600664176,
      "showticklabels": true,
      "tickfont": {
        "color": "rgba(0,0,0,1)",
        "family": "",
        "size": 7
      },
      "tickangle": -60,
      "showline": true,
      "linecolor": "rgba(0,0,0,1)",
      "linewidth": 0.66417600664176,
      "showgrid": false,
      "gridcolor": null,
      "gridwidth": 0,
      "zeroline": false,
      "anchor": "y",
      "title": {
        "text": "",
        "font": {
          "color": null,
          "family": null,
          "size": 9
        }
      },
      "hoverformat": ".2f",
      "fixedrange": true
    },
    "yaxis": {
      "domain": [0, 1],
      "automargin": true,
      "type": "linear",
      "autorange": false,
      "range": [-0.0210152838427948, 0.44132096069869],
      "tickmode": "array",
      "ticktext": ["0.0%", "10.0%", "20.0%", "30.0%", "40.0%"],
      "tickvals": [0, 0.1, 0.2, 0.3, 0.4],
      "categoryorder": "array",
      "categoryarray": ["0.0%", "10.0%", "20.0%", "30.0%", "40.0%"],
      "nticks": null,
      "ticks": "outside",
      "tickcolor": "rgba(0,0,0,1)",
      "ticklen": 4.64923204649232,
      "tickwidth": 0.66417600664176,
      "showticklabels": true,
      "tickfont": {
        "color": "rgba(0,0,0,1)",
        "family": "",
        "size": 7
      },
      "tickangle": -0,
      "showline": true,
      "linecolor": "rgba(0,0,0,1)",
      "linewidth": 0.66417600664176,
      "showgrid": false,
      "gridcolor": null,
      "gridwidth": 0,
      "zeroline": false,
      "anchor": "x",