{
  "data": [
    {
      "orientation": "v",
      "width": [0.95, 0.95, 0.95, 0.95, 0.949999999999999, 0.949999999999999, 0.949999999999999, 0.949999999999999, 0.949999999999999, 0.949999999999999, 0.949999999999999, 0.949999999999999, 0.949999999999999, 0.949999999999999, 0.949999999999999, 0.950000000000001, 0.950000000000003, 0.950000000000003, 0.950000000000003, 0.950000000000003, 0.950000000000003, 0.950000000000003, 0.950000000000003, 0.950000000000003, 0.950000000000003, 0.950000000000003, 0.950000000000003, 0.950000000000003, 0.950000000000003, 0.950000000000003, 0.950000000000003, 0.950000000000003, 0.950000000000003],
      "base": [0, 0, 0, 0, 0, 0, 0, 0, 0, 0, 0, 0, 0, 0, 0, 0, 0, 0, 0, 0, 0, 0, 0, 0, 0, 0, 0, 0, 0, 0, 0, 0, 0],
      "x": [1, 2, 3, 4, 5, 6, 7, 8, 9, 10, 11, 12, 13, 14, 15, 16, 17, 18, 19, 20, 21, 22, 23, 24, 25, 26, 27, 28, 29, 30, 31, 32, 33],
      "y": [0.407035175879397, 0.25069793411502, 0.218313791178113, 0.159687325516471, 0.130653266331658, 0.117811278615299, 0.112227805695142, 0.0982691233947515, 0.0932439977666108, 0.0932439977666108, 0.0831937465103294, 0.0776102735901731, 0.0642099385817979, 0.0630932439977666, 0.0614182021217197, 0.0603015075376884, 0.0603015075376884, 0.0491345616973758, 0.0374092685650475, 0.0329424902289224, 0.0323841429369068, 0.0307091010608599, 0.029034059184813, 0.0268006700167504, 0.0245672808486879, 0.0212171970965941, 0.0111669458403127, 0.0067001675041876, 0.00558347292015634, 0.00558347292015634, 0.00446677833612507, 0.00390843104410944, 0.00111669458403127],
      "text": ["Category: Visualisation<br />Prop: 0.407035176<br />Count: 729<br />Percent: 40.7", "Category: Dimensionality Reduction<br />Prop: 0.250697934<br />Count: 449<br />Percent: 25.1", "Category: Clustering<br />Prop: 0.218313791<br />Count: 391<br />Percent: 21.8", "Category: Integration<br />Prop: 0.159687326<br />Count: 286<br />Percent: 16", "Category: Gene Networks<br />Prop: 0.130653266<br />Count: 234<br />Percent: 13.1", "Category: Classification<br />Prop: 0.117811279<br />Count: 211<br />Percent: 11.8", "Category: Ordering<br />Prop: 0.112227806<br />Count: 201<br />Percent: 11.2", "Category: Quality Control<br />Prop: 0.098269123<br />Count: 176<br />Percent: 9.8", "Category: Differential Expression<br />Prop: 0.093243998<br />Count: 167<br />Percent: 9.3", "Category: Normalisation<br />Prop: 0.093243998<br />Count: 167<br />Percent: 9.3", "Category: Marker Genes<br />Prop: 0.083193747<br />Count: 149<br />Percent: 8.3", "Category: Gene Sets<br />Prop: 0.077610274<br />Count: 139<br />Percent: 7.8", "Category: Interactive<br />Prop: 0.064209939<br />Count: 115<br />Percent: 6.4", "Category: Quantification<br />Prop: 0.063093244<br />Count: 113<br />Percent: 6.3", "Category: Imputation<br />Prop: 0.061418202<br />Count: 110<br />Percent: 6.1", "Category: Simulation<br />Prop: 0.060301508<br />Count: 108<br />Percent: 6", "Category: Variable Genes<br />Prop: 0.060301508<br />Count: 108<br />Percent: 6", "Category: Variants<br />Prop: 0.049134562<br />Count: 88<br />Percent: 4.9", "Category: Gene Filtering<br />Prop: 0.037409269<br />Count: 67<br />Percent: 3.7", "Category: UMIs<br />Prop: 0.032942490<br />Count: 59<br />Percent: 3.3", "Category: Alignment<br />Prop: 0.032384143<br />Count: 58<br />Percent: 3.2", "Category: Expression Patterns<br />Prop: 0.030709101<br />Count: 55<br />Percent: 3.1", "Category: Perturbations<br />Prop: 0.029034059<br />Count: 52<br />Percent: 2.9", "Category: Alternative Splicing<br />Prop: 0.026800670<br />Count: 48<br />Percent: 2.7", "Category: Immune<br />Prop: 0.024567281<br />Count: 44<br />Percent: 2.5", "Category: Cell Cycle<br />Prop: 0.021217197<br />Count: 38<br />Percent: 2.1", "Category: Rare Cells<br />Prop: 0.011166946<br />Count: 20<br />Percent: 1.1", "Category: Transformation<br />Prop: 0.006700168<br />Count: 12<br />Percent: 0.7", "Category: Assembly<br />Prop: 0.005583473<br />Count: 10<br />Percent: 0.6", "Category: Stem Cells<br />Prop: 0.005583473<br />Count: 10<br />Percent: 0.6", "Category: Modality<br />Prop: 0.004466778<br />Count: 8<br />Percent: 0.4", "Category: Allele Specific<br />Prop: 0.003908431<br />Count: 7<br />Percent: 0.4", "Category: Haplotypes<br />Prop: 0.001116695<br />Count: 2<br />Percent: 0.1"],
      "type": "bar",
      "textposition": "none",
      "marker": {
        "autocolorscale": false,
        "color": "rgba(122,82,199,1)",
        "line": {
          "width": 1.88976377952756,
          "color": "transparent"
        }
      },
      "showlegend": false,
      "xaxis": "x",
      "yaxis": "y",
      "hoverinfo": "text",
      "frame": null
    }
  ],
  "layout": {
    "margin": {
      "t": 0,
      "r": 10,
      "b": 0,
      "l": 55
    },
    "font": {
      "color": "rgba(0,0,0,1)",
      "family": "",
      "size": 18.5969281859693
    },
    "xaxis": {
      "domain": [0, 1],
      "automargin": true,
      "type": "linear",
      "autorange": false,
      "range": [0.4, 33.6],
      "tickmode": "array",
      "ticktext": ["Visualisation", "Dimensionality Reduction", "Clustering", "Integration", "Gene Networks", "Classification", "Ordering", "Quality Control", "Differential Expression", "Normalisation", "Marker Genes", "Gene Sets", "Interactive", "Quantification", "Imputation", "Simulation", "Variable Genes", "Variants", "Gene Filtering", "UMIs", "Alignment", "Expression Patterns", "Perturbations", "Alternative Splicing", "Immune", "Cell Cycle", "Rare Cells", "Transformation", "Assembly", "Stem Cells", "Modality", "Allele Specific", "Haplotypes"],
      "tickvals": [1, 2, 3, 4, 5, 6, 7, 8, 9, 10, 11, 12, 13, 14, 15, 16, 17, 18, 19, 20, 21, 22, 23, 24, 25, 26, 27, 28, 29, 30, 31, 32, 33],
      "categoryorder": "array",
      "categoryarray": ["Visualisation", "Dimensionality Reduction", "Clustering", "Integration", "Gene Networks", "Classification", "Ordering", "Quality Control", "Differential Expression", "Normalisation", "Marker Genes", "Gene Sets", "Interactive", "Quantification", "Imputation", "Simulation", "Variable Genes", "Variants", "Gene Filtering", "UMIs", "Alignment", "Expression Patterns", "Perturbations", "Alternative Splicing", "Immune", "Cell Cycle", "Rare Cells", "Transformation", "Assembly", "Stem Cells", "Modality", "Allele Specific", "Haplotypes"],
      "nticks": null,
      "ticks": "outside",
      "tickcolor": "rgba(0,0,0,1)",
      "ticklen": 4.64923204649232,
      "tickwidth": 0.66417600664176,
      "showticklabels": true,
      "tickfont": {
        "color": "rgba(0,0,0,1)",
        "family": "",
        "size": 7
      },
      "tickangle": -60,
      "showline": true,
      "linecolor": "rgba(0,0,0,1)",
      "linewidth": 0.66417600664176,
      "showgrid": false,
      "gridcolor": null,
      "gridwidth": 0,
      "zeroline": false,
      "anchor": "y",
      "title": {
        "text": "",
        "font": {
          "color": null,
          "family": null,
          "size": 9
        }
      },
      "hoverformat": ".2f",
      "fixedrange": true
    },
    "yaxis": {
      "domain": [0, 1],
      "automargin": true,
      "type": "linear",
      "autorange": false,
      "range": [-0.0203517587939698, 0.427386934673367],
      "tickmode": "array",
      "ticktext": ["0%", "10%", "20%", "30%", "40%"],
      "tickvals": [0, 0.1, 0.2, 0.3, 0.4],
      "categoryorder": "array",
      "categoryarray": ["0%", "10%", "20%", "30%", "40%"],
      "nticks": null,
      "ticks": "outside",
      "tickcolor": "rgba(0,0,0,1)",
      "ticklen": 4.64923204649232,
      "tickwidth": 0.66417600664176,
      "showticklabels": true,
      "tickfont": {
        "color": "rgba(0,0,0,1)",
        "family": "",
        "size": 7
      },
      "tickangle": -0,
      "showline": true,
      "linecolor": "rgba(0,0,0,1)",
      "linewidth": 0.66417600664176,
      "showgrid": false,
      "gridcolor": null,
      "gridwidth": 0,
      "zeroline": false,
      "anchor": "x",