{
  "data": [
    {
      "orientation": "v",
      "width": [0.95, 0.95, 0.95, 0.95, 0.949999999999999, 0.949999999999999, 0.949999999999999, 0.949999999999999, 0.949999999999999, 0.949999999999999, 0.949999999999999, 0.949999999999999, 0.949999999999999, 0.949999999999999, 0.949999999999999, 0.950000000000001, 0.950000000000003, 0.950000000000003, 0.950000000000003, 0.950000000000003, 0.950000000000003, 0.950000000000003, 0.950000000000003, 0.950000000000003, 0.950000000000003, 0.950000000000003, 0.950000000000003, 0.950000000000003, 0.950000000000003, 0.950000000000003, 0.950000000000003, 0.950000000000003, 0.950000000000003],
      "base": [0, 0, 0, 0, 0, 0, 0, 0, 0, 0, 0, 0, 0, 0, 0, 0, 0, 0, 0, 0, 0, 0, 0, 0, 0, 0, 0, 0, 0, 0, 0, 0, 0],
      "x": [1, 2, 3, 4, 5, 6, 7, 8, 9, 10, 11, 12, 13, 14, 15, 16, 17, 18, 19, 20, 21, 22, 23, 24, 25, 26, 27, 28, 29, 30, 31, 32, 33],
      "y": [0.416934619506967, 0.257234726688103, 0.254019292604502, 0.137191854233655, 0.129689174705252, 0.116827438370847, 0.111468381564845, 0.107181136120043, 0.107181136120043, 0.103965702036442, 0.090032154340836, 0.0868167202572347, 0.07502679528403, 0.0707395498392283, 0.067524115755627, 0.0621650589496249, 0.0568060021436227, 0.0546623794212219, 0.0407288317256163, 0.0396570203644159, 0.0396570203644159, 0.0364415862808146, 0.0235798499464094, 0.022508038585209, 0.0192926045016077, 0.015005359056806, 0.0117899249732047, 0.007502679528403, 0.00643086816720257, 0.00643086816720257, 0.00535905680600214, 0.00428724544480171, 0.00214362272240086],
      "text": ["Category: Visualisation<br />Prop: 0.416934620<br />Count: 389<br />Percent: 41.7", "Category: Clustering<br />Prop: 0.257234727<br />Count: 240<br />Percent: 25.7", "Category: Dimensionality Reduction<br />Prop: 0.254019293<br />Count: 237<br />Percent: 25.4", "Category: Integration<br />Prop: 0.137191854<br />Count: 128<br />Percent: 13.7", "Category: Ordering<br />Prop: 0.129689175<br />Count: 121<br />Percent: 13", "Category: Differential Expression<br />Prop: 0.116827438<br />Count: 109<br />Percent: 11.7", "Category: Normalisation<br />Prop: 0.111468382<br />Count: 104<br />Percent: 11.1", "Category: Classification<br />Prop: 0.107181136<br />Count: 100<br />Percent: 10.7", "Category: Gene Networks<br />Prop: 0.107181136<br />Count: 100<br />Percent: 10.7", "Category: Quality Control<br />Prop: 0.103965702<br />Count: 97<br />Percent: 10.4", "Category: Interactive<br />Prop: 0.090032154<br />Count: 84<br />Percent: 9", "Category: Marker Genes<br />Prop: 0.086816720<br />Count: 81<br />Percent: 8.7", "Category: Imputation<br />Prop: 0.075026795<br />Count: 70<br />Percent: 7.5", "Category: Simulation<br />Prop: 0.070739550<br />Count: 66<br />Percent: 7.1", "Category: Gene Sets<br />Prop: 0.067524116<br />Count: 63<br />Percent: 6.8", "Category: Variable Genes<br />Prop: 0.062165059<br />Count: 58<br />Percent: 6.2", "Category: Quantification<br />Prop: 0.056806002<br />Count: 53<br />Percent: 5.7", "Category: Gene Filtering<br />Prop: 0.054662379<br />Count: 51<br />Percent: 5.5", "Category: UMIs<br />Prop: 0.040728832<br />Count: 38<br />Percent: 4.1", "Category: Expression Patterns<br />Prop: 0.039657020<br />Count: 37<br />Percent: 4", "Category: Variants<br />Prop: 0.039657020<br />Count: 37<br />Percent: 4", "Category: Alignment<br />Prop: 0.036441586<br />Count: 34<br />Percent: 3.6", "Category: Cell Cycle<br />Prop: 0.023579850<br />Count: 22<br />Percent: 2.4", "Category: Alternative Splicing<br />Prop: 0.022508039<br />Count: 21<br />Percent: 2.3", "Category: Immune<br />Prop: 0.019292605<br />Count: 18<br />Percent: 1.9", "Category: Perturbations<br />Prop: 0.015005359<br />Count: 14<br />Percent: 1.5", "Category: Rare Cells<br />Prop: 0.011789925<br />Count: 11<br />Percent: 1.2", "Category: Assembly<br />Prop: 0.007502680<br />Count: 7<br />Percent: 0.8", "Category: Allele Specific<br />Prop: 0.006430868<br />Count: 6<br />Percent: 0.6", "Category: Stem Cells<br />Prop: 0.006430868<br />Count: 6<br />Percent: 0.6", "Category: Modality<br />Prop: 0.005359057<br />Count: 5<br />Percent: 0.5", "Category: Transformation<br />Prop: 0.004287245<br />Count: 4<br />Percent: 0.4", "Category: Haplotypes<br />Prop: 0.002143623<br />Count: 2<br />Percent: 0.2"],
      "type": "bar",
      "marker": {
        "autocolorscale": false,
        "color": "rgba(122,82,199,1)",
        "line": {
          "width": 1.88976377952756,
          "color": "transparent"
        }
      },
      "showlegend": false,
      "xaxis": "x",
      "yaxis": "y",
      "hoverinfo": "text",
      "frame": null
    }
  ],
  "layout": {
    "margin": {
      "t": 0,
      "r": 10,
      "b": 0,
      "l": 55
    },
    "font": {
      "color": "rgba(0,0,0,1)",
      "family": "",
      "size": 18.5969281859693
    },
    "xaxis": {
      "domain": [0, 1],
      "automargin": true,
      "type": "linear",
      "autorange": false,
      "range": [0.4, 33.6],
      "tickmode": "array",
      "ticktext": ["Visualisation", "Clustering", "Dimensionality Reduction", "Integration", "Ordering", "Differential Expression", "Normalisation", "Classification", "Gene Networks", "Quality Control", "Interactive", "Marker Genes", "Imputation", "Simulation", "Gene Sets", "Variable Genes", "Quantification", "Gene Filtering", "UMIs", "Expression Patterns", "Variants", "Alignment", "Cell Cycle", "Alternative Splicing", "Immune", "Perturbations", "Rare Cells", "Assembly", "Allele Specific", "Stem Cells", "Modality", "Transformation", "Haplotypes"],
      "tickvals": [1, 2, 3, 4, 5, 6, 7, 8, 9, 10, 11, 12, 13, 14, 15, 16, 17, 18, 19, 20, 21, 22, 23, 24, 25, 26, 27, 28, 29, 30, 31, 32, 33],
      "categoryorder": "array",
      "categoryarray": ["Visualisation", "Clustering", "Dimensionality Reduction", "Integration", "Ordering", "Differential Expression", "Normalisation", "Classification", "Gene Networks", "Quality Control", "Interactive", "Marker Genes", "Imputation", "Simulation", "Gene Sets", "Variable Genes", "Quantification", "Gene Filtering", "UMIs", "Expression Patterns", "Variants", "Alignment", "Cell Cycle", "Alternative Splicing", "Immune", "Perturbations", "Rare Cells", "Assembly", "Allele Specific", "Stem Cells", "Modality", "Transformation", "Haplotypes"],
      "nticks": null,
      "ticks": "outside",
      "tickcolor": "rgba(0,0,0,1)",
      "ticklen": 4.64923204649232,
      "tickwidth": 0.66417600664176,
      "showticklabels": true,
      "tickfont": {
        "color": "rgba(0,0,0,1)",
        "family": "",
        "size": 7
      },
      "tickangle": -60,
      "showline": true,
      "linecolor": "rgba(0,0,0,1)",
      "linewidth": 0.66417600664176,
      "showgrid": false,
      "gridcolor": null,
      "gridwidth": 0,
      "zeroline": false,
      "anchor": "y",
      "title": {
        "text": "",
        "font": {
          "color": null,
          "family": null,
          "size": 9
        }
      },
      "hoverformat": ".2f",
      "fixedrange": true
    },
    "yaxis": {
      "domain": [0, 1],
      "automargin": true,
      "type": "linear",
      "autorange": false,
      "range": [-0.0208467309753483, 0.437781350482315],
      "tickmode": "array",
      "ticktext": ["0.0%", "10.0%", "20.0%", "30.0%", "40.0%"],
      "tickvals": [0, 0.1, 0.2, 0.3, 0.4],
      "categoryorder": "array",
      "categoryarray": ["0.0%", "10.0%", "20.0%", "30.0%", "40.0%"],
      "nticks": null,
      "ticks": "outside",
      "tickcolor": "rgba(0,0,0,1)",
      "ticklen": 4.64923204649232,
      "tickwidth": 0.66417600664176,
      "showticklabels": true,
      "tickfont": {
        "color": "rgba(0,0,0,1)",
        "family": "",
        "size": 7
      },
      "tickangle": -0,
      "showline": true,
      "linecolor": "rgba(0,0,0,1)",
      "linewidth": 0.66417600664176,
      "showgrid": false,
      "gridcolor": null,
      "gridwidth": 0,
      "zeroline": false,
      "anchor": "x",