{
  "data": [
    {
      "orientation": "v",
      "width": [0.95, 0.95, 0.95, 0.95, 0.949999999999999, 0.949999999999999, 0.949999999999999, 0.949999999999999, 0.949999999999999, 0.949999999999999, 0.949999999999999, 0.949999999999999, 0.949999999999999, 0.949999999999999, 0.949999999999999, 0.950000000000001, 0.950000000000003, 0.950000000000003, 0.950000000000003, 0.950000000000003, 0.950000000000003, 0.950000000000003, 0.950000000000003, 0.950000000000003, 0.950000000000003, 0.950000000000003, 0.950000000000003, 0.950000000000003, 0.950000000000003, 0.950000000000003, 0.950000000000003, 0.950000000000003, 0.950000000000003],
      "base": [0, 0, 0, 0, 0, 0, 0, 0, 0, 0, 0, 0, 0, 0, 0, 0, 0, 0, 0, 0, 0, 0, 0, 0, 0, 0, 0, 0, 0, 0, 0, 0, 0],
      "x": [1, 2, 3, 4, 5, 6, 7, 8, 9, 10, 11, 12, 13, 14, 15, 16, 17, 18, 19, 20, 21, 22, 23, 24, 25, 26, 27, 28, 29, 30, 31, 32, 33],
      "y": [0.406587166382737, 0.249858035207269, 0.220897217490062, 0.159568427030097, 0.13060760931289, 0.118114707552527, 0.111868256672345, 0.0988074957410562, 0.0942646223736513, 0.0931289040318001, 0.0834752981260647, 0.0777967064168086, 0.0647359454855196, 0.0636002271436684, 0.0618966496308915, 0.0607609312890403, 0.0607609312890403, 0.0477001703577513, 0.0374787052810903, 0.033503691084611, 0.0329358319136854, 0.0300965360590574, 0.0289608177172061, 0.0266893810335037, 0.0244179443498013, 0.0210107893242476, 0.0113571834185122, 0.00681431005110733, 0.0056785917092561, 0.0056785917092561, 0.00454287336740488, 0.00397501419647927, 0.00113571834185122],
      "text": ["Category: Visualisation<br />Prop: 0.406587166<br />Count: 716<br />Percent: 40.7", "Category: Dimensionality Reduction<br />Prop: 0.249858035<br />Count: 440<br />Percent: 25", "Category: Clustering<br />Prop: 0.220897217<br />Count: 389<br />Percent: 22.1", "Category: Integration<br />Prop: 0.159568427<br />Count: 281<br />Percent: 16", "Category: Gene Networks<br />Prop: 0.130607609<br />Count: 230<br />Percent: 13.1", "Category: Classification<br />Prop: 0.118114708<br />Count: 208<br />Percent: 11.8", "Category: Ordering<br />Prop: 0.111868257<br />Count: 197<br />Percent: 11.2", "Category: Quality Control<br />Prop: 0.098807496<br />Count: 174<br />Percent: 9.9", "Category: Differential Expression<br />Prop: 0.094264622<br />Count: 166<br />Percent: 9.4", "Category: Normalisation<br />Prop: 0.093128904<br />Count: 164<br />Percent: 9.3", "Category: Marker Genes<br />Prop: 0.083475298<br />Count: 147<br />Percent: 8.3", "Category: Gene Sets<br />Prop: 0.077796706<br />Count: 137<br />Percent: 7.8", "Category: Interactive<br />Prop: 0.064735945<br />Count: 114<br />Percent: 6.5", "Category: Quantification<br />Prop: 0.063600227<br />Count: 112<br />Percent: 6.4", "Category: Imputation<br />Prop: 0.061896650<br />Count: 109<br />Percent: 6.2", "Category: Simulation<br />Prop: 0.060760931<br />Count: 107<br />Percent: 6.1", "Category: Variable Genes<br />Prop: 0.060760931<br />Count: 107<br />Percent: 6.1", "Category: Variants<br />Prop: 0.047700170<br />Count: 84<br />Percent: 4.8", "Category: Gene Filtering<br />Prop: 0.037478705<br />Count: 66<br />Percent: 3.7", "Category: UMIs<br />Prop: 0.033503691<br />Count: 59<br />Percent: 3.4", "Category: Alignment<br />Prop: 0.032935832<br />Count: 58<br />Percent: 3.3", "Category: Expression Patterns<br />Prop: 0.030096536<br />Count: 53<br />Percent: 3", "Category: Perturbations<br />Prop: 0.028960818<br />Count: 51<br />Percent: 2.9", "Category: Alternative Splicing<br />Prop: 0.026689381<br />Count: 47<br />Percent: 2.7", "Category: Immune<br />Prop: 0.024417944<br />Count: 43<br />Percent: 2.4", "Category: Cell Cycle<br />Prop: 0.021010789<br />Count: 37<br />Percent: 2.1", "Category: Rare Cells<br />Prop: 0.011357183<br />Count: 20<br />Percent: 1.1", "Category: Transformation<br />Prop: 0.006814310<br />Count: 12<br />Percent: 0.7", "Category: Assembly<br />Prop: 0.005678592<br />Count: 10<br />Percent: 0.6", "Category: Stem Cells<br />Prop: 0.005678592<br />Count: 10<br />Percent: 0.6", "Category: Modality<br />Prop: 0.004542873<br />Count: 8<br />Percent: 0.5", "Category: Allele Specific<br />Prop: 0.003975014<br />Count: 7<br />Percent: 0.4", "Category: Haplotypes<br />Prop: 0.001135718<br />Count: 2<br />Percent: 0.1"],
      "type": "bar",
      "textposition": "none",
      "marker": {
        "autocolorscale": false,
        "color": "rgba(122,82,199,1)",
        "line": {
          "width": 1.88976377952756,
          "color": "transparent"
        }
      },
      "showlegend": false,
      "xaxis": "x",
      "yaxis": "y",
      "hoverinfo": "text",
      "frame": null
    }
  ],
  "layout": {
    "margin": {
      "t": 0,
      "r": 10,
      "b": 0,
      "l": 55
    },
    "font": {
      "color": "rgba(0,0,0,1)",
      "family": "",
      "size": 18.5969281859693
    },
    "xaxis": {
      "domain": [0, 1],
      "automargin": true,
      "type": "linear",
      "autorange": false,
      "range": [0.4, 33.6],
      "tickmode": "array",
      "ticktext": ["Visualisation", "Dimensionality Reduction", "Clustering", "Integration", "Gene Networks", "Classification", "Ordering", "Quality Control", "Differential Expression", "Normalisation", "Marker Genes", "Gene Sets", "Interactive", "Quantification", "Imputation", "Simulation", "Variable Genes", "Variants", "Gene Filtering", "UMIs", "Alignment", "Expression Patterns", "Perturbations", "Alternative Splicing", "Immune", "Cell Cycle", "Rare Cells", "Transformation", "Assembly", "Stem Cells", "Modality", "Allele Specific", "Haplotypes"],
      "tickvals": [1, 2, 3, 4, 5, 6, 7, 8, 9, 10, 11, 12, 13, 14, 15, 16, 17, 18, 19, 20, 21, 22, 23, 24, 25, 26, 27, 28, 29, 30, 31, 32, 33],
      "categoryorder": "array",
      "categoryarray": ["Visualisation", "Dimensionality Reduction", "Clustering", "Integration", "Gene Networks", "Classification", "Ordering", "Quality Control", "Differential Expression", "Normalisation", "Marker Genes", "Gene Sets", "Interactive", "Quantification", "Imputation", "Simulation", "Variable Genes", "Variants", "Gene Filtering", "UMIs", "Alignment", "Expression Patterns", "Perturbations", "Alternative Splicing", "Immune", "Cell Cycle", "Rare Cells", "Transformation", "Assembly", "Stem Cells", "Modality", "Allele Specific", "Haplotypes"],
      "nticks": null,
      "ticks": "outside",
      "tickcolor": "rgba(0,0,0,1)",
      "ticklen": 4.64923204649232,
      "tickwidth": 0.66417600664176,
      "showticklabels": true,
      "tickfont": {
        "color": "rgba(0,0,0,1)",
        "family": "",
        "size": 7
      },
      "tickangle": -60,
      "showline": true,
      "linecolor": "rgba(0,0,0,1)",
      "linewidth": 0.66417600664176,
      "showgrid": false,
      "gridcolor": null,
      "gridwidth": 0,
      "zeroline": false,
      "anchor": "y",
      "title": {
        "text": "",
        "font": {
          "color": null,
          "family": null,
          "size": 9
        }
      },
      "hoverformat": ".2f",
      "fixedrange": true
    },
    "yaxis": {
      "domain": [0, 1],
      "automargin": true,
      "type": "linear",
      "autorange": false,
      "range": [-0.0203293583191369, 0.426916524701874],
      "tickmode": "array",
      "ticktext": ["0%", "10%", "20%", "30%", "40%"],
      "tickvals": [0, 0.1, 0.2, 0.3, 0.4],
      "categoryorder": "array",
      "categoryarray": ["0%", "10%", "20%", "30%", "40%"],
      "nticks": null,
      "ticks": "outside",
      "tickcolor": "rgba(0,0,0,1)",
      "ticklen": 4.64923204649232,
      "tickwidth": 0.66417600664176,
      "showticklabels": true,
      "tickfont": {
        "color": "rgba(0,0,0,1)",
        "family": "",
        "size": 7
      },
      "tickangle": -0,
      "showline": true,
      "linecolor": "rgba(0,0,0,1)",
      "linewidth": 0.66417600664176,
      "showgrid": false,
      "gridcolor": null,
      "gridwidth": 0,
      "zeroline": false,
      "anchor": "x",