{
  "data": [
    {
      "orientation": "v",
      "width": [0.95, 0.95, 0.95, 0.95, 0.949999999999999, 0.949999999999999, 0.949999999999999, 0.949999999999999, 0.949999999999999, 0.949999999999999, 0.949999999999999, 0.949999999999999, 0.949999999999999, 0.949999999999999, 0.949999999999999, 0.950000000000001, 0.950000000000003, 0.950000000000003, 0.950000000000003, 0.950000000000003, 0.950000000000003, 0.950000000000003, 0.950000000000003, 0.950000000000003, 0.950000000000003, 0.950000000000003, 0.950000000000003, 0.950000000000003, 0.950000000000003, 0.950000000000003, 0.950000000000003, 0.950000000000003, 0.950000000000003],
      "base": [0, 0, 0, 0, 0, 0, 0, 0, 0, 0, 0, 0, 0, 0, 0, 0, 0, 0, 0, 0, 0, 0, 0, 0, 0, 0, 0, 0, 0, 0, 0, 0, 0],
      "x": [1, 2, 3, 4, 5, 6, 7, 8, 9, 10, 11, 12, 13, 14, 15, 16, 17, 18, 19, 20, 21, 22, 23, 24, 25, 26, 27, 28, 29, 30, 31, 32, 33],
      "y": [0.406799531066823, 0.249706916764361, 0.22274325908558, 0.158851113716295, 0.131887456037515, 0.118991793669402, 0.112543962485346, 0.100820633059789, 0.0955451348182884, 0.0955451348182884, 0.0844079718640094, 0.0779601406799531, 0.0668229777256741, 0.063305978898007, 0.0621336459554514, 0.0621336459554514, 0.05978898007034, 0.0463071512309496, 0.0386869871043376, 0.0339976553341149, 0.033411488862837, 0.02989449003517, 0.0275498241500586, 0.0246189917936694, 0.0246189917936694, 0.0211019929660023, 0.011137162954279, 0.00703399765533412, 0.00586166471277843, 0.00527549824150059, 0.00468933177022274, 0.0041031652989449, 0.00117233294255569],
      "text": ["Category: Visualisation<br />Count: 694<br />Percent: 40.7", "Category: Dimensionality Reduction<br />Count: 426<br />Percent: 25", "Category: Clustering<br />Count: 380<br />Percent: 22.3", "Category: Integration<br />Count: 271<br />Percent: 15.9", "Category: Gene Networks<br />Count: 225<br />Percent: 13.2", "Category: Classification<br />Count: 203<br />Percent: 11.9", "Category: Ordering<br />Count: 192<br />Percent: 11.3", "Category: Quality Control<br />Count: 172<br />Percent: 10.1", "Category: Differential Expression<br />Count: 163<br />Percent: 9.6", "Category: Normalisation<br />Count: 163<br />Percent: 9.6", "Category: Marker Genes<br />Count: 144<br />Percent: 8.4", "Category: Gene Sets<br />Count: 133<br />Percent: 7.8", "Category: Interactive<br />Count: 114<br />Percent: 6.7", "Category: Quantification<br />Count: 108<br />Percent: 6.3", "Category: Imputation<br />Count: 106<br />Percent: 6.2", "Category: Variable Genes<br />Count: 106<br />Percent: 6.2", "Category: Simulation<br />Count: 102<br />Percent: 6", "Category: Variants<br />Count: 79<br />Percent: 4.6", "Category: Gene Filtering<br />Count: 66<br />Percent: 3.9", "Category: UMIs<br />Count: 58<br />Percent: 3.4", "Category: Alignment<br />Count: 57<br />Percent: 3.3", "Category: Expression Patterns<br />Count: 51<br />Percent: 3", "Category: Perturbations<br />Count: 47<br />Percent: 2.8", "Category: Alternative Splicing<br />Count: 42<br />Percent: 2.5", "Category: Immune<br />Count: 42<br />Percent: 2.5", "Category: Cell Cycle<br />Count: 36<br />Percent: 2.1", "Category: Rare Cells<br />Count: 19<br />Percent: 1.1", "Category: Transformation<br />Count: 12<br />Percent: 0.7", "Category: Assembly<br />Count: 10<br />Percent: 0.6", "Category: Stem Cells<br />Count: 9<br />Percent: 0.5", "Category: Modality<br />Count: 8<br />Percent: 0.5", "Category: Allele Specific<br />Count: 7<br />Percent: 0.4", "Category: Haplotypes<br />Count: 2<br />Percent: 0.1"],
      "type": "bar",
      "textposition": "none",
      "marker": {
        "autocolorscale": false,
        "color": "rgba(122,82,199,1)",
        "line": {
          "width": 1.88976377952756,
          "color": "transparent"
        }
      },
      "showlegend": false,
      "xaxis": "x",
      "yaxis": "y",
      "hoverinfo": "text",
      "frame": null
    }
  ],
  "layout": {
    "margin": {
      "t": 50,
      "r": 30,
      "b": 50,
      "l": 70
    },
    "font": {
      "color": "rgba(0,0,0,1)",
      "family": "",
      "size": 18.5969281859693
    },
    "xaxis": {
      "domain": [0, 1],
      "automargin": true,
      "type": "linear",
      "autorange": false,
      "range": [0.4, 33.6],
      "tickmode": "array",
      "ticktext": ["Visualisation", "Dimensionality Reduction", "Clustering", "Integration", "Gene Networks", "Classification", "Ordering", "Quality Control", "Differential Expression", "Normalisation", "Marker Genes", "Gene Sets", "Interactive", "Quantification", "Imputation", "Variable Genes", "Simulation", "Variants", "Gene Filtering", "UMIs", "Alignment", "Expression Patterns", "Perturbations", "Alternative Splicing", "Immune", "Cell Cycle", "Rare Cells", "Transformation", "Assembly", "Stem Cells", "Modality", "Allele Specific", "Haplotypes"],
      "tickvals": [1, 2, 3, 4, 5, 6, 7, 8, 9, 10, 11, 12, 13, 14, 15, 16, 17, 18, 19, 20, 21, 22, 23, 24, 25, 26, 27, 28, 29, 30, 31, 32, 33],
      "categoryorder": "array",
      "categoryarray": ["Visualisation", "Dimensionality Reduction", "Clustering", "Integration", "Gene Networks", "Classification", "Ordering", "Quality Control", "Differential Expression", "Normalisation", "Marker Genes", "Gene Sets", "Interactive", "Quantification", "Imputation", "Variable Genes", "Simulation", "Variants", "Gene Filtering", "UMIs", "Alignment", "Expression Patterns", "Perturbations", "Alternative Splicing", "Immune", "Cell Cycle", "Rare Cells", "Transformation", "Assembly", "Stem Cells", "Modality", "Allele Specific", "Haplotypes"],
      "nticks": null,
      "ticks": "outside",
      "tickcolor": "rgba(0,0,0,1)",
      "ticklen": 4.64923204649232,
      "tickwidth": 0.66417600664176,
      "showticklabels": true,
      "tickfont": {
        "color": "rgba(0,0,0,1)",
        "family": "",
        "size": 15.9402241594022
      },
      "tickangle": -60,
      "showline": true,
      "linecolor": "rgba(0,0,0,1)",
      "linewidth": 0.66417600664176,
      "showgrid": false,
      "gridcolor": null,
      "gridwidth": 0,
      "zeroline": false,
      "anchor": "y",
      "title": {
        "text": "",
        "font": {
          "color": null,
          "family": null,
          "size": 0
        }
      },
      "hoverformat": ".2f"
    },
    "yaxis": {
      "domain": [0, 1],
      "automargin": true,
      "type": "linear",
      "autorange": false,
      "range": [-0.0203399765533411, 0.427139507620164],
      "tickmode": "array",
      "ticktext": ["0%", "10%", "20%", "30%", "40%"],
      "tickvals": [0, 0.1, 0.2, 0.3, 0.4],
      "categoryorder": "array",
      "categoryarray": ["0%", "10%", "20%", "30%", "40%"],
      "nticks": null,
      "ticks": "outside",
      "tickcolor": "rgba(0,0,0,1)",
      "ticklen": 4.64923204649232,
      "tickwidth": 0.66417600664176,
      "showticklabels": true,
      "tickfont": {
        "color": "rgba(0,0,0,1)",
        "family": "",
        "size": 15.9402241594022
      },
      "tickangle": -0,
      "showline": true,
      "linecolor": "rgba(0,0,0,1)",
      "linewidth": 0.66417600664176,
      "showgrid": false,
      "gridcolor": null,
      "gridwidth": 0,
      "zeroline": false,
      "anchor": "x",
      "title": {
        "text": "Percentage of tools",
        "font": {
          "color": "rgba(0,0,0,1)",
          "family": "",
          "size": 18.5969281859693
        }
      },
      "hoverformat": ".2f"
    },
    "shapes": [
      {
        "type": "rect",
        "fillcolor": null,
        "line": {
          "color": null,
          "width": 0,
          "linetype": []
        },
        "yref": "paper",
        "xref": "paper",
        "x0": 0,
        "x1": 1,
        "y0": 0,
        "y1": 1
      }
    ],
    "showlegend": false,
    "legend": {
      "bgcolor": null,
      "bordercolor": null,
      "borderwidth": 0,
      "font": {
        "color": "rgba(0,0,0,1)",
        "family": "",
        "size": 15.9402241594022
      }
    },