{
  "data": [
    {
      "orientation": "v",
      "width": [0.95, 0.95, 0.95, 0.95, 0.949999999999999, 0.949999999999999, 0.949999999999999, 0.949999999999999, 0.949999999999999, 0.949999999999999, 0.949999999999999, 0.949999999999999, 0.949999999999999, 0.949999999999999, 0.949999999999999, 0.950000000000001, 0.950000000000003, 0.950000000000003, 0.950000000000003, 0.950000000000003, 0.950000000000003, 0.950000000000003, 0.950000000000003, 0.950000000000003, 0.950000000000003, 0.950000000000003, 0.950000000000003, 0.950000000000003, 0.950000000000003, 0.950000000000003, 0.950000000000003, 0.950000000000003, 0.950000000000003],
      "base": [0, 0, 0, 0, 0, 0, 0, 0, 0, 0, 0, 0, 0, 0, 0, 0, 0, 0, 0, 0, 0, 0, 0, 0, 0, 0, 0, 0, 0, 0, 0, 0, 0],
      "x": [1, 2, 3, 4, 5, 6, 7, 8, 9, 10, 11, 12, 13, 14, 15, 16, 17, 18, 19, 20, 21, 22, 23, 24, 25, 26, 27, 28, 29, 30, 31, 32, 33],
      "y": [0.412772585669782, 0.243769470404984, 0.243769470404984, 0.142523364485981, 0.120716510903427, 0.116822429906542, 0.114485981308411, 0.104361370716511, 0.100467289719626, 0.0996884735202492, 0.0848909657320872, 0.073208722741433, 0.0700934579439252, 0.0638629283489097, 0.0630841121495327, 0.0615264797507788, 0.0615264797507788, 0.0459501557632399, 0.0420560747663551, 0.0358255451713396, 0.0342679127725857, 0.0327102803738318, 0.0272585669781931, 0.0225856697819315, 0.0218068535825545, 0.0179127725856698, 0.0124610591900312, 0.00700934579439252, 0.00623052959501558, 0.00545171339563863, 0.00545171339563863, 0.00467289719626168, 0.00155763239875389],
      "text": ["Category: Visualisation<br />Prop: 0.412772586<br />Count: 530<br />Percent: 41.3", "Category: Clustering<br />Prop: 0.243769470<br />Count: 313<br />Percent: 24.4", "Category: Dimensionality Reduction<br />Prop: 0.243769470<br />Count: 313<br />Percent: 24.4", "Category: Integration<br />Prop: 0.142523364<br />Count: 183<br />Percent: 14.3", "Category: Gene Networks<br />Prop: 0.120716511<br />Count: 155<br />Percent: 12.1", "Category: Classification<br />Prop: 0.116822430<br />Count: 150<br />Percent: 11.7", "Category: Ordering<br />Prop: 0.114485981<br />Count: 147<br />Percent: 11.4", "Category: Differential Expression<br />Prop: 0.104361371<br />Count: 134<br />Percent: 10.4", "Category: Quality Control<br />Prop: 0.100467290<br />Count: 129<br />Percent: 10", "Category: Normalisation<br />Prop: 0.099688474<br />Count: 128<br />Percent: 10", "Category: Marker Genes<br />Prop: 0.084890966<br />Count: 109<br />Percent: 8.5", "Category: Interactive<br />Prop: 0.073208723<br />Count: 94<br />Percent: 7.3", "Category: Gene Sets<br />Prop: 0.070093458<br />Count: 90<br />Percent: 7", "Category: Imputation<br />Prop: 0.063862928<br />Count: 82<br />Percent: 6.4", "Category: Simulation<br />Prop: 0.063084112<br />Count: 81<br />Percent: 6.3", "Category: Quantification<br />Prop: 0.061526480<br />Count: 79<br />Percent: 6.2", "Category: Variable Genes<br />Prop: 0.061526480<br />Count: 79<br />Percent: 6.2", "Category: Gene Filtering<br />Prop: 0.045950156<br />Count: 59<br />Percent: 4.6", "Category: Variants<br />Prop: 0.042056075<br />Count: 54<br />Percent: 4.2", "Category: Alignment<br />Prop: 0.035825545<br />Count: 46<br />Percent: 3.6", "Category: UMIs<br />Prop: 0.034267913<br />Count: 44<br />Percent: 3.4", "Category: Expression Patterns<br />Prop: 0.032710280<br />Count: 42<br />Percent: 3.3", "Category: Alternative Splicing<br />Prop: 0.027258567<br />Count: 35<br />Percent: 2.7", "Category: Immune<br />Prop: 0.022585670<br />Count: 29<br />Percent: 2.3", "Category: Cell Cycle<br />Prop: 0.021806854<br />Count: 28<br />Percent: 2.2", "Category: Perturbations<br />Prop: 0.017912773<br />Count: 23<br />Percent: 1.8", "Category: Rare Cells<br />Prop: 0.012461059<br />Count: 16<br />Percent: 1.2", "Category: Assembly<br />Prop: 0.007009346<br />Count: 9<br />Percent: 0.7", "Category: Transformation<br />Prop: 0.006230530<br />Count: 8<br />Percent: 0.6", "Category: Modality<br />Prop: 0.005451713<br />Count: 7<br />Percent: 0.5", "Category: Stem Cells<br />Prop: 0.005451713<br />Count: 7<br />Percent: 0.5", "Category: Allele Specific<br />Prop: 0.004672897<br />Count: 6<br />Percent: 0.5", "Category: Haplotypes<br />Prop: 0.001557632<br />Count: 2<br />Percent: 0.2"],
      "type": "bar",
      "textposition": "none",
      "marker": {
        "autocolorscale": false,
        "color": "rgba(122,82,199,1)",
        "line": {
          "width": 1.88976377952756,
          "color": "transparent"
        }
      },
      "showlegend": false,
      "xaxis": "x",
      "yaxis": "y",
      "hoverinfo": "text",
      "frame": null
    }
  ],
  "layout": {
    "margin": {
      "t": 0,
      "r": 10,
      "b": 0,
      "l": 55
    },
    "font": {
      "color": "rgba(0,0,0,1)",
      "family": "",
      "size": 18.5969281859693
    },
    "xaxis": {
      "domain": [0, 1],
      "automargin": true,
      "type": "linear",
      "autorange": false,
      "range": [0.4, 33.6],
      "tickmode": "array",
      "ticktext": ["Visualisation", "Clustering", "Dimensionality Reduction", "Integration", "Gene Networks", "Classification", "Ordering", "Differential Expression", "Quality Control", "Normalisation", "Marker Genes", "Interactive", "Gene Sets", "Imputation", "Simulation", "Quantification", "Variable Genes", "Gene Filtering", "Variants", "Alignment", "UMIs", "Expression Patterns", "Alternative Splicing", "Immune", "Cell Cycle", "Perturbations", "Rare Cells", "Assembly", "Transformation", "Modality", "Stem Cells", "Allele Specific", "Haplotypes"],
      "tickvals": [1, 2, 3, 4, 5, 6, 7, 8, 9, 10, 11, 12, 13, 14, 15, 16, 17, 18, 19, 20, 21, 22, 23, 24, 25, 26, 27, 28, 29, 30, 31, 32, 33],
      "categoryorder": "array",
      "categoryarray": ["Visualisation", "Clustering", "Dimensionality Reduction", "Integration", "Gene Networks", "Classification", "Ordering", "Differential Expression", "Quality Control", "Normalisation", "Marker Genes", "Interactive", "Gene Sets", "Imputation", "Simulation", "Quantification", "Variable Genes", "Gene Filtering", "Variants", "Alignment", "UMIs", "Expression Patterns", "Alternative Splicing", "Immune", "Cell Cycle", "Perturbations", "Rare Cells", "Assembly", "Transformation", "Modality", "Stem Cells", "Allele Specific", "Haplotypes"],
      "nticks": null,
      "ticks": "outside",
      "tickcolor": "rgba(0,0,0,1)",
      "ticklen": 4.64923204649232,
      "tickwidth": 0.66417600664176,
      "showticklabels": true,
      "tickfont": {
        "color": "rgba(0,0,0,1)",
        "family": "",
        "size": 7
      },
      "tickangle": -60,
      "showline": true,
      "linecolor": "rgba(0,0,0,1)",
      "linewidth": 0.66417600664176,
      "showgrid": false,
      "gridcolor": null,
      "gridwidth": 0,
      "zeroline": false,
      "anchor": "y",
      "title": {
        "text": "",
        "font": {
          "color": null,
          "family": null,
          "size": 9
        }
      },
      "hoverformat": ".2f",
      "fixedrange": true
    },
    "yaxis": {
      "domain": [0, 1],
      "automargin": true,
      "type": "linear",
      "autorange": false,
      "range": [-0.0206386292834891, 0.433411214953271],
      "tickmode": "array",
      "ticktext": ["0%", "10%", "20%", "30%", "40%"],
      "tickvals": [0, 0.1, 0.2, 0.3, 0.4],
      "categoryorder": "array",
      "categoryarray": ["0%", "10%", "20%", "30%", "40%"],
      "nticks": null,
      "ticks": "outside",
      "tickcolor": "rgba(0,0,0,1)",
      "ticklen": 4.64923204649232,
      "tickwidth": 0.66417600664176,
      "showticklabels": true,
      "tickfont": {
        "color": "rgba(0,0,0,1)",
        "family": "",
        "size": 7
      },
      "tickangle": -0,
      "showline": true,
      "linecolor": "rgba(0,0,0,1)",
      "linewidth": 0.66417600664176,
      "showgrid": false,
      "gridcolor": null,
      "gridwidth": 0,
      "zeroline": false,
      "anchor": "x",