{
  "data": [
    {
      "orientation": "v",
      "width": [0.95, 0.95, 0.95, 0.95, 0.949999999999999, 0.949999999999999, 0.949999999999999, 0.949999999999999, 0.949999999999999, 0.949999999999999, 0.949999999999999, 0.949999999999999, 0.949999999999999, 0.949999999999999, 0.949999999999999, 0.950000000000001, 0.950000000000003, 0.950000000000003, 0.950000000000003, 0.950000000000003, 0.950000000000003, 0.950000000000003, 0.950000000000003, 0.950000000000003, 0.950000000000003, 0.950000000000003, 0.950000000000003, 0.950000000000003, 0.950000000000003, 0.950000000000003, 0.950000000000003, 0.950000000000003, 0.950000000000003],
      "base": [0, 0, 0, 0, 0, 0, 0, 0, 0, 0, 0, 0, 0, 0, 0, 0, 0, 0, 0, 0, 0, 0, 0, 0, 0, 0, 0, 0, 0, 0, 0, 0, 0],
      "x": [1, 2, 3, 4, 5, 6, 7, 8, 9, 10, 11, 12, 13, 14, 15, 16, 17, 18, 19, 20, 21, 22, 23, 24, 25, 26, 27, 28, 29, 30, 31, 32, 33],
      "y": [0.409454061251664, 0.244340878828229, 0.233688415446072, 0.1491344873502, 0.127163781624501, 0.114513981358189, 0.114513981358189, 0.101198402130493, 0.0985352862849534, 0.0978695073235686, 0.0832223701731025, 0.073901464713715, 0.0672436750998668, 0.0645805592543276, 0.0632490013315579, 0.0605858854860186, 0.0599201065246338, 0.0472703062583222, 0.0412782956058589, 0.0352862849533955, 0.0352862849533955, 0.0306258322237017, 0.0266311584553928, 0.025965379494008, 0.0213049267643142, 0.0206391478029294, 0.0126498002663116, 0.0066577896138482, 0.00599201065246338, 0.00532623169107856, 0.00466045272969374, 0.00466045272969374, 0.00133155792276964],
      "text": ["Category: Visualisation<br />Prop: 0.409454061<br />Count: 615<br />Percent: 40.9", "Category: Dimensionality Reduction<br />Prop: 0.244340879<br />Count: 367<br />Percent: 24.4", "Category: Clustering<br />Prop: 0.233688415<br />Count: 351<br />Percent: 23.4", "Category: Integration<br />Prop: 0.149134487<br />Count: 224<br />Percent: 14.9", "Category: Gene Networks<br />Prop: 0.127163782<br />Count: 191<br />Percent: 12.7", "Category: Classification<br />Prop: 0.114513981<br />Count: 172<br />Percent: 11.5", "Category: Ordering<br />Prop: 0.114513981<br />Count: 172<br />Percent: 11.5", "Category: Quality Control<br />Prop: 0.101198402<br />Count: 152<br />Percent: 10.1", "Category: Normalisation<br />Prop: 0.098535286<br />Count: 148<br />Percent: 9.9", "Category: Differential Expression<br />Prop: 0.097869507<br />Count: 147<br />Percent: 9.8", "Category: Marker Genes<br />Prop: 0.083222370<br />Count: 125<br />Percent: 8.3", "Category: Gene Sets<br />Prop: 0.073901465<br />Count: 111<br />Percent: 7.4", "Category: Interactive<br />Prop: 0.067243675<br />Count: 101<br />Percent: 6.7", "Category: Imputation<br />Prop: 0.064580559<br />Count: 97<br />Percent: 6.5", "Category: Quantification<br />Prop: 0.063249001<br />Count: 95<br />Percent: 6.3", "Category: Simulation<br />Prop: 0.060585885<br />Count: 91<br />Percent: 6.1", "Category: Variable Genes<br />Prop: 0.059920107<br />Count: 90<br />Percent: 6", "Category: Variants<br />Prop: 0.047270306<br />Count: 71<br />Percent: 4.7", "Category: Gene Filtering<br />Prop: 0.041278296<br />Count: 62<br />Percent: 4.1", "Category: Alignment<br />Prop: 0.035286285<br />Count: 53<br />Percent: 3.5", "Category: UMIs<br />Prop: 0.035286285<br />Count: 53<br />Percent: 3.5", "Category: Expression Patterns<br />Prop: 0.030625832<br />Count: 46<br />Percent: 3.1", "Category: Alternative Splicing<br />Prop: 0.026631158<br />Count: 40<br />Percent: 2.7", "Category: Immune<br />Prop: 0.025965379<br />Count: 39<br />Percent: 2.6", "Category: Cell Cycle<br />Prop: 0.021304927<br />Count: 32<br />Percent: 2.1", "Category: Perturbations<br />Prop: 0.020639148<br />Count: 31<br />Percent: 2.1", "Category: Rare Cells<br />Prop: 0.012649800<br />Count: 19<br />Percent: 1.3", "Category: Assembly<br />Prop: 0.006657790<br />Count: 10<br />Percent: 0.7", "Category: Transformation<br />Prop: 0.005992011<br />Count: 9<br />Percent: 0.6", "Category: Stem Cells<br />Prop: 0.005326232<br />Count: 8<br />Percent: 0.5", "Category: Allele Specific<br />Prop: 0.004660453<br />Count: 7<br />Percent: 0.5", "Category: Modality<br />Prop: 0.004660453<br />Count: 7<br />Percent: 0.5", "Category: Haplotypes<br />Prop: 0.001331558<br />Count: 2<br />Percent: 0.1"],
      "type": "bar",
      "textposition": "none",
      "marker": {
        "autocolorscale": false,
        "color": "rgba(122,82,199,1)",
        "line": {
          "width": 1.88976377952756,
          "color": "transparent"
        }
      },
      "showlegend": false,
      "xaxis": "x",
      "yaxis": "y",
      "hoverinfo": "text",
      "frame": null
    }
  ],
  "layout": {
    "margin": {
      "t": 0,
      "r": 10,
      "b": 0,
      "l": 55
    },
    "font": {
      "color": "rgba(0,0,0,1)",
      "family": "",
      "size": 18.5969281859693
    },
    "xaxis": {
      "domain": [0, 1],
      "automargin": true,
      "type": "linear",
      "autorange": false,
      "range": [0.4, 33.6],
      "tickmode": "array",
      "ticktext": ["Visualisation", "Dimensionality Reduction", "Clustering", "Integration", "Gene Networks", "Classification", "Ordering", "Quality Control", "Normalisation", "Differential Expression", "Marker Genes", "Gene Sets", "Interactive", "Imputation", "Quantification", "Simulation", "Variable Genes", "Variants", "Gene Filtering", "Alignment", "UMIs", "Expression Patterns", "Alternative Splicing", "Immune", "Cell Cycle", "Perturbations", "Rare Cells", "Assembly", "Transformation", "Stem Cells", "Allele Specific", "Modality", "Haplotypes"],
      "tickvals": [1, 2, 3, 4, 5, 6, 7, 8, 9, 10, 11, 12, 13, 14, 15, 16, 17, 18, 19, 20, 21, 22, 23, 24, 25, 26, 27, 28, 29, 30, 31, 32, 33],
      "categoryorder": "array",
      "categoryarray": ["Visualisation", "Dimensionality Reduction", "Clustering", "Integration", "Gene Networks", "Classification", "Ordering", "Quality Control", "Normalisation", "Differential Expression", "Marker Genes", "Gene Sets", "Interactive", "Imputation", "Quantification", "Simulation", "Variable Genes", "Variants", "Gene Filtering", "Alignment", "UMIs", "Expression Patterns", "Alternative Splicing", "Immune", "Cell Cycle", "Perturbations", "Rare Cells", "Assembly", "Transformation", "Stem Cells", "Allele Specific", "Modality", "Haplotypes"],
      "nticks": null,
      "ticks": "outside",
      "tickcolor": "rgba(0,0,0,1)",
      "ticklen": 4.64923204649232,
      "tickwidth": 0.66417600664176,
      "showticklabels": true,
      "tickfont": {
        "color": "rgba(0,0,0,1)",
        "family": "",
        "size": 7
      },
      "tickangle": -60,
      "showline": true,
      "linecolor": "rgba(0,0,0,1)",
      "linewidth": 0.66417600664176,
      "showgrid": false,
      "gridcolor": null,
      "gridwidth": 0,
      "zeroline": false,
      "anchor": "y",
      "title": {
        "text": "",
        "font": {
          "color": null,
          "family": null,
          "size": 9
        }
      },
      "hoverformat": ".2f",
      "fixedrange": true
    },
    "yaxis": {
      "domain": [0, 1],
      "automargin": true,
      "type": "linear",
      "autorange": false,
      "range": [-0.0204727030625832, 0.429926764314248],
      "tickmode": "array",
      "ticktext": ["0%", "10%", "20%", "30%", "40%"],
      "tickvals": [0, 0.1, 0.2, 0.3, 0.4],
      "categoryorder": "array",
      "categoryarray": ["0%", "10%", "20%", "30%", "40%"],
      "nticks": null,
      "ticks": "outside",
      "tickcolor": "rgba(0,0,0,1)",
      "ticklen": 4.64923204649232,
      "tickwidth": 0.66417600664176,
      "showticklabels": true,
      "tickfont": {
        "color": "rgba(0,0,0,1)",
        "family": "",
        "size": 7
      },
      "tickangle": -0,
      "showline": true,
      "linecolor": "rgba(0,0,0,1)",
      "linewidth": 0.66417600664176,
      "showgrid": false,
      "gridcolor": null,
      "gridwidth": 0,
      "zeroline": false,
      "anchor": "x",