{
  "data": [
    {
      "orientation": "v",
      "width": [0.95, 0.95, 0.95, 0.95, 0.949999999999999, 0.949999999999999, 0.949999999999999, 0.949999999999999, 0.949999999999999, 0.949999999999999, 0.949999999999999, 0.949999999999999, 0.949999999999999, 0.949999999999999, 0.949999999999999, 0.950000000000001, 0.950000000000003, 0.950000000000003, 0.950000000000003, 0.950000000000003, 0.950000000000003, 0.950000000000003, 0.950000000000003, 0.950000000000003, 0.950000000000003, 0.950000000000003, 0.950000000000003, 0.950000000000003, 0.950000000000003, 0.950000000000003, 0.950000000000003, 0.950000000000003],
      "base": [0, 0, 0, 0, 0, 0, 0, 0, 0, 0, 0, 0, 0, 0, 0, 0, 0, 0, 0, 0, 0, 0, 0, 0, 0, 0, 0, 0, 0, 0, 0, 0],
      "x": [1, 2, 3, 4, 5, 6, 7, 8, 9, 10, 11, 12, 13, 14, 15, 16, 17, 18, 19, 20, 21, 22, 23, 24, 25, 26, 27, 28, 29, 30, 31, 32],
      "y": [0.463195691202873, 0.267504488330341, 0.254937163375224, 0.154398563734291, 0.1508078994614, 0.122082585278276, 0.122082585278276, 0.120287253141831, 0.10951526032316, 0.107719928186715, 0.104129263913824, 0.0897666068222621, 0.0825852782764812, 0.0789946140035907, 0.0771992818671454, 0.0736086175942549, 0.0718132854578097, 0.0646319569120287, 0.0556552962298025, 0.0538599640933573, 0.0394973070017953, 0.0377019748653501, 0.0269299820466786, 0.0197486535008977, 0.0197486535008977, 0.0143626570915619, 0.0107719928186715, 0.00897666068222621, 0.00897666068222621, 0.00718132854578097, 0.00718132854578097, 0.00359066427289048],
      "text": ["Category: Visualisation<br />Prop: 0.463195691<br />Count: 258<br />Percent: 46.3", "Category: Clustering<br />Prop: 0.267504488<br />Count: 149<br />Percent: 26.8", "Category: Dimensionality Reduction<br />Prop: 0.254937163<br />Count: 142<br />Percent: 25.5", "Category: Normalisation<br />Prop: 0.154398564<br />Count: 86<br />Percent: 15.4", "Category: Ordering<br />Prop: 0.150807899<br />Count: 84<br />Percent: 15.1", "Category: Interactive<br />Prop: 0.122082585<br />Count: 68<br />Percent: 12.2", "Category: Quality Control<br />Prop: 0.122082585<br />Count: 68<br />Percent: 12.2", "Category: Differential Expression<br />Prop: 0.120287253<br />Count: 67<br />Percent: 12", "Category: Gene Networks<br />Prop: 0.109515260<br />Count: 61<br />Percent: 11", "Category: Integration<br />Prop: 0.107719928<br />Count: 60<br />Percent: 10.8", "Category: Marker Genes<br />Prop: 0.104129264<br />Count: 58<br />Percent: 10.4", "Category: Classification<br />Prop: 0.089766607<br />Count: 50<br />Percent: 9", "Category: Simulation<br />Prop: 0.082585278<br />Count: 46<br />Percent: 8.3", "Category: Imputation<br />Prop: 0.078994614<br />Count: 44<br />Percent: 7.9", "Category: Variable Genes<br />Prop: 0.077199282<br />Count: 43<br />Percent: 7.7", "Category: Gene Sets<br />Prop: 0.073608618<br />Count: 41<br />Percent: 7.4", "Category: Gene Filtering<br />Prop: 0.071813285<br />Count: 40<br />Percent: 7.2", "Category: Quantification<br />Prop: 0.064631957<br />Count: 36<br />Percent: 6.5", "Category: UMIs<br />Prop: 0.055655296<br />Count: 31<br />Percent: 5.6", "Category: Expression Patterns<br />Prop: 0.053859964<br />Count: 30<br />Percent: 5.4", "Category: Alignment<br />Prop: 0.039497307<br />Count: 22<br />Percent: 3.9", "Category: Variants<br />Prop: 0.037701975<br />Count: 21<br />Percent: 3.8", "Category: Cell Cycle<br />Prop: 0.026929982<br />Count: 15<br />Percent: 2.7", "Category: Alternative Splicing<br />Prop: 0.019748654<br />Count: 11<br />Percent: 2", "Category: Immune<br />Prop: 0.019748654<br />Count: 11<br />Percent: 2", "Category: Rare Cells<br />Prop: 0.014362657<br />Count: 8<br />Percent: 1.4", "Category: Assembly<br />Prop: 0.010771993<br />Count: 6<br />Percent: 1.1", "Category: Allele Specific<br />Prop: 0.008976661<br />Count: 5<br />Percent: 0.9", "Category: Stem Cells<br />Prop: 0.008976661<br />Count: 5<br />Percent: 0.9", "Category: Modality<br />Prop: 0.007181329<br />Count: 4<br />Percent: 0.7", "Category: Transformation<br />Prop: 0.007181329<br />Count: 4<br />Percent: 0.7", "Category: Haplotypes<br />Prop: 0.003590664<br />Count: 2<br />Percent: 0.4"],
      "type": "bar",
      "marker": {
        "autocolorscale": false,
        "color": "rgba(122,82,199,1)",
        "line": {
          "width": 1.88976377952756,
          "color": "transparent"
        }
      },
      "showlegend": false,
      "xaxis": "x",
      "yaxis": "y",
      "hoverinfo": "text",
      "frame": null
    }
  ],
  "layout": {
    "margin": {
      "t": 0,
      "r": 10,
      "b": 0,
      "l": 55
    },
    "font": {
      "color": "rgba(0,0,0,1)",
      "family": "",
      "size": 18.5969281859693
    },
    "xaxis": {
      "domain": [0, 1],
      "automargin": true,
      "type": "linear",
      "autorange": false,
      "range": [0.4, 32.6],
      "tickmode": "array",
      "ticktext": ["Visualisation", "Clustering", "Dimensionality Reduction", "Normalisation", "Ordering", "Interactive", "Quality Control", "Differential Expression", "Gene Networks", "Integration", "Marker Genes", "Classification", "Simulation", "Imputation", "Variable Genes", "Gene Sets", "Gene Filtering", "Quantification", "UMIs", "Expression Patterns", "Alignment", "Variants", "Cell Cycle", "Alternative Splicing", "Immune", "Rare Cells", "Assembly", "Allele Specific", "Stem Cells", "Modality", "Transformation", "Haplotypes"],
      "tickvals": [1, 2, 3, 4, 5, 6, 7, 8, 9, 10, 11, 12, 13, 14, 15, 16, 17, 18, 19, 20, 21, 22, 23, 24, 25, 26, 27, 28, 29, 30, 31, 32],
      "categoryorder": "array",
      "categoryarray": ["Visualisation", "Clustering", "Dimensionality Reduction", "Normalisation", "Ordering", "Interactive", "Quality Control", "Differential Expression", "Gene Networks", "Integration", "Marker Genes", "Classification", "Simulation", "Imputation", "Variable Genes", "Gene Sets", "Gene Filtering", "Quantification", "UMIs", "Expression Patterns", "Alignment", "Variants", "Cell Cycle", "Alternative Splicing", "Immune", "Rare Cells", "Assembly", "Allele Specific", "Stem Cells", "Modality", "Transformation", "Haplotypes"],
      "nticks": null,
      "ticks": "outside",
      "tickcolor": "rgba(0,0,0,1)",
      "ticklen": 4.64923204649232,
      "tickwidth": 0.66417600664176,
      "showticklabels": true,
      "tickfont": {
        "color": "rgba(0,0,0,1)",
        "family": "",
        "size": 7
      },
      "tickangle": -60,
      "showline": true,
      "linecolor": "rgba(0,0,0,1)",
      "linewidth": 0.66417600664176,
      "showgrid": false,
      "gridcolor": null,
      "gridwidth": 0,
      "zeroline": false,
      "anchor": "y",
      "title": {
        "text": "",
        "font": {
          "color": null,
          "family": null,
          "size": 9
        }
      },
      "hoverformat": ".2f",
      "fixedrange": true
    },
    "yaxis": {
      "domain": [0, 1],
      "automargin": true,
      "type": "linear",
      "autorange": false,
      "range": [-0.0231597845601436, 0.486355475763016],
      "tickmode": "array",
      "ticktext": ["0.0%", "10.0%", "20.0%", "30.0%", "40.0%"],
      "tickvals": [0, 0.1, 0.2, 0.3, 0.4],
      "categoryorder": "array",
      "categoryarray": ["0.0%", "10.0%", "20.0%", "30.0%", "40.0%"],
      "nticks": null,
      "ticks": "outside",
      "tickcolor": "rgba(0,0,0,1)",
      "ticklen": 4.64923204649232,
      "tickwidth": 0.66417600664176,
      "showticklabels": true,
      "tickfont": {
        "color": "rgba(0,0,0,1)",
        "family": "",
        "size": 7
      },
      "tickangle": -0,
      "showline": true,
      "linecolor": "rgba(0,0,0,1)",
      "linewidth": 0.66417600664176,
      "showgrid": false,
      "gridcolor": null,
      "gridwidth": 0,
      "zeroline": false,
      "anchor": "x",
      "title": {
        "text": "Percentage of tools",
        "font": {
          "color": "rgba(0,0,0,1)",
          "family": "",
          "size": 9
        }
      },
      "hoverformat": ".2f",