{
  "data": [
    {
      "orientation": "v",
      "width": [0.95, 0.95, 0.95, 0.95, 0.949999999999999, 0.949999999999999, 0.949999999999999, 0.949999999999999, 0.949999999999999, 0.949999999999999, 0.949999999999999, 0.949999999999999, 0.949999999999999, 0.949999999999999, 0.949999999999999, 0.950000000000001, 0.950000000000003, 0.950000000000003, 0.950000000000003, 0.950000000000003, 0.950000000000003, 0.950000000000003, 0.950000000000003, 0.950000000000003, 0.950000000000003, 0.950000000000003, 0.950000000000003, 0.950000000000003, 0.950000000000003, 0.950000000000003, 0.950000000000003, 0.950000000000003],
      "base": [0, 0, 0, 0, 0, 0, 0, 0, 0, 0, 0, 0, 0, 0, 0, 0, 0, 0, 0, 0, 0, 0, 0, 0, 0, 0, 0, 0, 0, 0, 0, 0],
      "x": [1, 2, 3, 4, 5, 6, 7, 8, 9, 10, 11, 12, 13, 14, 15, 16, 17, 18, 19, 20, 21, 22, 23, 24, 25, 26, 27, 28, 29, 30, 31, 32],
      "y": [0.464864864864865, 0.268468468468468, 0.252252252252252, 0.154954954954955, 0.151351351351351, 0.122522522522523, 0.122522522522523, 0.120720720720721, 0.10990990990991, 0.104504504504505, 0.104504504504505, 0.0900900900900901, 0.0828828828828829, 0.0792792792792793, 0.0774774774774775, 0.0738738738738739, 0.0720720720720721, 0.0648648648648649, 0.0558558558558559, 0.0540540540540541, 0.0396396396396396, 0.0378378378378378, 0.027027027027027, 0.0198198198198198, 0.0198198198198198, 0.0144144144144144, 0.0108108108108108, 0.00900900900900901, 0.00900900900900901, 0.00720720720720721, 0.00720720720720721, 0.0036036036036036],
      "text": ["Category: Visualisation<br />Prop: 0.464864865<br />Count: 258<br />Percent: 46.5", "Category: Clustering<br />Prop: 0.268468468<br />Count: 149<br />Percent: 26.8", "Category: Dimensionality Reduction<br />Prop: 0.252252252<br />Count: 140<br />Percent: 25.2", "Category: Normalisation<br />Prop: 0.154954955<br />Count: 86<br />Percent: 15.5", "Category: Ordering<br />Prop: 0.151351351<br />Count: 84<br />Percent: 15.1", "Category: Interactive<br />Prop: 0.122522523<br />Count: 68<br />Percent: 12.3", "Category: Quality Control<br />Prop: 0.122522523<br />Count: 68<br />Percent: 12.3", "Category: Differential Expression<br />Prop: 0.120720721<br />Count: 67<br />Percent: 12.1", "Category: Gene Networks<br />Prop: 0.109909910<br />Count: 61<br />Percent: 11", "Category: Integration<br />Prop: 0.104504505<br />Count: 58<br />Percent: 10.5", "Category: Marker Genes<br />Prop: 0.104504505<br />Count: 58<br />Percent: 10.5", "Category: Classification<br />Prop: 0.090090090<br />Count: 50<br />Percent: 9", "Category: Simulation<br />Prop: 0.082882883<br />Count: 46<br />Percent: 8.3", "Category: Imputation<br />Prop: 0.079279279<br />Count: 44<br />Percent: 7.9", "Category: Variable Genes<br />Prop: 0.077477477<br />Count: 43<br />Percent: 7.7", "Category: Gene Sets<br />Prop: 0.073873874<br />Count: 41<br />Percent: 7.4", "Category: Gene Filtering<br />Prop: 0.072072072<br />Count: 40<br />Percent: 7.2", "Category: Quantification<br />Prop: 0.064864865<br />Count: 36<br />Percent: 6.5", "Category: UMIs<br />Prop: 0.055855856<br />Count: 31<br />Percent: 5.6", "Category: Expression Patterns<br />Prop: 0.054054054<br />Count: 30<br />Percent: 5.4", "Category: Alignment<br />Prop: 0.039639640<br />Count: 22<br />Percent: 4", "Category: Variants<br />Prop: 0.037837838<br />Count: 21<br />Percent: 3.8", "Category: Cell Cycle<br />Prop: 0.027027027<br />Count: 15<br />Percent: 2.7", "Category: Alternative Splicing<br />Prop: 0.019819820<br />Count: 11<br />Percent: 2", "Category: Immune<br />Prop: 0.019819820<br />Count: 11<br />Percent: 2", "Category: Rare Cells<br />Prop: 0.014414414<br />Count: 8<br />Percent: 1.4", "Category: Assembly<br />Prop: 0.010810811<br />Count: 6<br />Percent: 1.1", "Category: Allele Specific<br />Prop: 0.009009009<br />Count: 5<br />Percent: 0.9", "Category: Stem Cells<br />Prop: 0.009009009<br />Count: 5<br />Percent: 0.9", "Category: Modality<br />Prop: 0.007207207<br />Count: 4<br />Percent: 0.7", "Category: Transformation<br />Prop: 0.007207207<br />Count: 4<br />Percent: 0.7", "Category: Haplotypes<br />Prop: 0.003603604<br />Count: 2<br />Percent: 0.4"],
      "type": "bar",
      "marker": {
        "autocolorscale": false,
        "color": "rgba(122,82,199,1)",
        "line": {
          "width": 1.88976377952756,
          "color": "transparent"
        }
      },
      "showlegend": false,
      "xaxis": "x",
      "yaxis": "y",
      "hoverinfo": "text",
      "frame": null
    }
  ],
  "layout": {
    "margin": {
      "t": 0,
      "r": 10,
      "b": 0,
      "l": 55
    },
    "font": {
      "color": "rgba(0,0,0,1)",
      "family": "",
      "size": 18.5969281859693
    },
    "xaxis": {
      "domain": [0, 1],
      "automargin": true,
      "type": "linear",
      "autorange": false,
      "range": [0.4, 32.6],
      "tickmode": "array",
      "ticktext": ["Visualisation", "Clustering", "Dimensionality Reduction", "Normalisation", "Ordering", "Interactive", "Quality Control", "Differential Expression", "Gene Networks", "Integration", "Marker Genes", "Classification", "Simulation", "Imputation", "Variable Genes", "Gene Sets", "Gene Filtering", "Quantification", "UMIs", "Expression Patterns", "Alignment", "Variants", "Cell Cycle", "Alternative Splicing", "Immune", "Rare Cells", "Assembly", "Allele Specific", "Stem Cells", "Modality", "Transformation", "Haplotypes"],
      "tickvals": [1, 2, 3, 4, 5, 6, 7, 8, 9, 10, 11, 12, 13, 14, 15, 16, 17, 18, 19, 20, 21, 22, 23, 24, 25, 26, 27, 28, 29, 30, 31, 32],
      "categoryorder": "array",
      "categoryarray": ["Visualisation", "Clustering", "Dimensionality Reduction", "Normalisation", "Ordering", "Interactive", "Quality Control", "Differential Expression", "Gene Networks", "Integration", "Marker Genes", "Classification", "Simulation", "Imputation", "Variable Genes", "Gene Sets", "Gene Filtering", "Quantification", "UMIs", "Expression Patterns", "Alignment", "Variants", "Cell Cycle", "Alternative Splicing", "Immune", "Rare Cells", "Assembly", "Allele Specific", "Stem Cells", "Modality", "Transformation", "Haplotypes"],
      "nticks": null,
      "ticks": "outside",
      "tickcolor": "rgba(0,0,0,1)",
      "ticklen": 4.64923204649232,
      "tickwidth": 0.66417600664176,
      "showticklabels": true,
      "tickfont": {
        "color": "rgba(0,0,0,1)",
        "family": "",
        "size": 7
      },
      "tickangle": -60,
      "showline": true,
      "linecolor": "rgba(0,0,0,1)",
      "linewidth": 0.66417600664176,
      "showgrid": false,
      "gridcolor": null,
      "gridwidth": 0,
      "zeroline": false,
      "anchor": "y",
      "title": {
        "text": "",
        "font": {
          "color": null,
          "family": null,
          "size": 9
        }
      },
      "hoverformat": ".2f",
      "fixedrange": true
    },
    "yaxis": {
      "domain": [0, 1],
      "automargin": true,
      "type": "linear",
      "autorange": false,
      "range": [-0.0232432432432432, 0.488108108108108],
      "tickmode": "array",
      "ticktext": ["0.0%", "10.0%", "20.0%", "30.0%", "40.0%"],
      "tickvals": [0, 0.1, 0.2, 0.3, 0.4],
      "categoryorder": "array",
      "categoryarray": ["0.0%", "10.0%", "20.0%", "30.0%", "40.0%"],
      "nticks": null,
      "ticks": "outside",
      "tickcolor": "rgba(0,0,0,1)",
      "ticklen": 4.64923204649232,
      "tickwidth": 0.66417600664176,
      "showticklabels": true,
      "tickfont": {
        "color": "rgba(0,0,0,1)",
        "family": "",
        "size": 7
      },
      "tickangle": -0,
      "showline": true,
      "linecolor": "rgba(0,0,0,1)",
      "linewidth": 0.66417600664176,
      "showgrid": false,
      "gridcolor": null,
      "gridwidth": 0,
      "zeroline": false,
      "anchor": "x",
      "title": {
        "text": "Percentage of tools",
        "font": {
          "color": "rgba(0,0,0,1)",
          "family": "",
          "size": 9
        }
      },
      "hoverformat": ".2f",