{
  "data": [
    {
      "orientation": "v",
      "width": [0.95, 0.95, 0.95, 0.95, 0.949999999999999, 0.949999999999999, 0.949999999999999, 0.949999999999999, 0.949999999999999, 0.949999999999999, 0.949999999999999, 0.949999999999999, 0.949999999999999, 0.949999999999999, 0.949999999999999, 0.950000000000001, 0.950000000000003, 0.950000000000003, 0.950000000000003, 0.950000000000003, 0.950000000000003, 0.950000000000003, 0.950000000000003, 0.950000000000003, 0.950000000000003, 0.950000000000003, 0.950000000000003, 0.950000000000003, 0.950000000000003, 0.950000000000003, 0.950000000000003, 0.950000000000003, 0.950000000000003],
      "base": [0, 0, 0, 0, 0, 0, 0, 0, 0, 0, 0, 0, 0, 0, 0, 0, 0, 0, 0, 0, 0, 0, 0, 0, 0, 0, 0, 0, 0, 0, 0, 0, 0],
      "x": [1, 2, 3, 4, 5, 6, 7, 8, 9, 10, 11, 12, 13, 14, 15, 16, 17, 18, 19, 20, 21, 22, 23, 24, 25, 26, 27, 28, 29, 30, 31, 32, 33],
      "y": [0.411147011308562, 0.246365105008078, 0.240710823909531, 0.141357027463651, 0.116316639741519, 0.115508885298869, 0.11470113085622, 0.106623586429725, 0.103392568659128, 0.10016155088853, 0.0856219709208401, 0.0759289176090469, 0.0694668820678514, 0.0646203554119548, 0.0638126009693053, 0.061389337641357, 0.0597738287560582, 0.0460420032310178, 0.04281098546042, 0.0363489499192246, 0.0347334410339257, 0.0339256865912763, 0.0266558966074313, 0.0218093699515347, 0.0218093699515347, 0.0177705977382876, 0.0121163166397415, 0.00726978998384491, 0.00646203554119548, 0.00565428109854604, 0.00565428109854604, 0.00484652665589661, 0.00161550888529887],
      "text": ["Category: Visualisation<br />Count: 509<br />Percent: 41.1", "Category: Clustering<br />Count: 305<br />Percent: 24.6", "Category: Dimensionality Reduction<br />Count: 298<br />Percent: 24.1", "Category: Integration<br />Count: 175<br />Percent: 14.1", "Category: Gene Networks<br />Count: 144<br />Percent: 11.6", "Category: Classification<br />Count: 143<br />Percent: 11.6", "Category: Ordering<br />Count: 142<br />Percent: 11.5", "Category: Differential Expression<br />Count: 132<br />Percent: 10.7", "Category: Quality Control<br />Count: 128<br />Percent: 10.3", "Category: Normalisation<br />Count: 124<br />Percent: 10", "Category: Marker Genes<br />Count: 106<br />Percent: 8.6", "Category: Interactive<br />Count: 94<br />Percent: 7.6", "Category: Gene Sets<br />Count: 86<br />Percent: 6.9", "Category: Imputation<br />Count: 80<br />Percent: 6.5", "Category: Simulation<br />Count: 79<br />Percent: 6.4", "Category: Quantification<br />Count: 76<br />Percent: 6.1", "Category: Variable Genes<br />Count: 74<br />Percent: 6", "Category: Gene Filtering<br />Count: 57<br />Percent: 4.6", "Category: Variants<br />Count: 53<br />Percent: 4.3", "Category: Alignment<br />Count: 45<br />Percent: 3.6", "Category: UMIs<br />Count: 43<br />Percent: 3.5", "Category: Expression Patterns<br />Count: 42<br />Percent: 3.4", "Category: Alternative Splicing<br />Count: 33<br />Percent: 2.7", "Category: Cell Cycle<br />Count: 27<br />Percent: 2.2", "Category: Immune<br />Count: 27<br />Percent: 2.2", "Category: Perturbations<br />Count: 22<br />Percent: 1.8", "Category: Rare Cells<br />Count: 15<br />Percent: 1.2", "Category: Assembly<br />Count: 9<br />Percent: 0.7", "Category: Transformation<br />Count: 8<br />Percent: 0.6", "Category: Modality<br />Count: 7<br />Percent: 0.6", "Category: Stem Cells<br />Count: 7<br />Percent: 0.6", "Category: Allele Specific<br />Count: 6<br />Percent: 0.5", "Category: Haplotypes<br />Count: 2<br />Percent: 0.2"],
      "type": "bar",
      "marker": {
        "autocolorscale": false,
        "color": "rgba(122,82,199,1)",
        "line": {
          "width": 1.88976377952756,
          "color": "transparent"
        }
      },
      "showlegend": false,
      "xaxis": "x",
      "yaxis": "y",
      "hoverinfo": "text",
      "frame": null
    }
  ],
  "layout": {
    "margin": {
      "t": 50,
      "r": 30,
      "b": 50,
      "l": 70
    },
    "font": {
      "color": "rgba(0,0,0,1)",
      "family": "",
      "size": 18.5969281859693
    },
    "xaxis": {
      "domain": [0, 1],
      "automargin": true,
      "type": "linear",
      "autorange": false,
      "range": [0.4, 33.6],
      "tickmode": "array",
      "ticktext": ["Visualisation", "Clustering", "Dimensionality Reduction", "Integration", "Gene Networks", "Classification", "Ordering", "Differential Expression", "Quality Control", "Normalisation", "Marker Genes", "Interactive", "Gene Sets", "Imputation", "Simulation", "Quantification", "Variable Genes", "Gene Filtering", "Variants", "Alignment", "UMIs", "Expression Patterns", "Alternative Splicing", "Cell Cycle", "Immune", "Perturbations", "Rare Cells", "Assembly", "Transformation", "Modality", "Stem Cells", "Allele Specific", "Haplotypes"],
      "tickvals": [1, 2, 3, 4, 5, 6, 7, 8, 9, 10, 11, 12, 13, 14, 15, 16, 17, 18, 19, 20, 21, 22, 23, 24, 25, 26, 27, 28, 29, 30, 31, 32, 33],
      "categoryorder": "array",
      "categoryarray": ["Visualisation", "Clustering", "Dimensionality Reduction", "Integration", "Gene Networks", "Classification", "Ordering", "Differential Expression", "Quality Control", "Normalisation", "Marker Genes", "Interactive", "Gene Sets", "Imputation", "Simulation", "Quantification", "Variable Genes", "Gene Filtering", "Variants", "Alignment", "UMIs", "Expression Patterns", "Alternative Splicing", "Cell Cycle", "Immune", "Perturbations", "Rare Cells", "Assembly", "Transformation", "Modality", "Stem Cells", "Allele Specific", "Haplotypes"],
      "nticks": null,
      "ticks": "outside",
      "tickcolor": "rgba(0,0,0,1)",
      "ticklen": 4.64923204649232,
      "tickwidth": 0.66417600664176,
      "showticklabels": true,
      "tickfont": {
        "color": "rgba(0,0,0,1)",
        "family": "",
        "size": 15.9402241594022
      },
      "tickangle": -60,
      "showline": true,
      "linecolor": "rgba(0,0,0,1)",
      "linewidth": 0.66417600664176,
      "showgrid": false,
      "gridcolor": null,
      "gridwidth": 0,
      "zeroline": false,
      "anchor": "y",
      "title": {
        "text": "",
        "font": {
          "color": null,
          "family": null,
          "size": 0
        }
      },
      "hoverformat": ".2f"
    },
    "yaxis": {
      "domain": [0, 1],
      "automargin": true,
      "type": "linear",
      "autorange": false,
      "range": [-0.0205573505654281, 0.43170436187399],
      "tickmode": "array",
      "ticktext": ["0.0%", "10.0%", "20.0%", "30.0%", "40.0%"],
      "tickvals": [0, 0.1, 0.2, 0.3, 0.4],
      "categoryorder": "array",
      "categoryarray": ["0.0%", "10.0%", "20.0%", "30.0%", "40.0%"],
      "nticks": null,
      "ticks": "outside",
      "tickcolor": "rgba(0,0,0,1)",
      "ticklen": 4.64923204649232,
      "tickwidth": 0.66417600664176,
      "showticklabels": true,
      "tickfont": {
        "color": "rgba(0,0,0,1)",
        "family": "",
        "size": 15.9402241594022
      },
      "tickangle": -0,
      "showline": true,
      "linecolor": "rgba(0,0,0,1)",
      "linewidth": 0.66417600664176,
      "showgrid": false,
      "gridcolor": null,
      "gridwidth": 0,
      "zeroline": false,
      "anchor": "x",
      "title": {
        "text": "Percentage of tools",
        "font": {
          "color": "rgba(0,0,0,1)",
          "family": "",
          "size": 18.5969281859693
        }
      },
      "hoverformat": ".2f"
    },
    "shapes": [
      {
        "type": "rect",
        "fillcolor": null,
        "line": {
          "color": null,
          "width": 0,
          "linetype": []
        },
        "yref": "paper",
        "xref": "paper",
        "x0": 0,
        "x1": 1,
        "y0": 0,
        "y1": 1
      }
    ],
    "showlegend": false,
    "legend": {
      "bgcolor": null,
      "bordercolor": null,
      "borderwidth": 0,
      "font": {
        "color": "rgba(0,0,0,1)",
        "family": "",
        "size": 15.9402241594022
      }
    },
    "hovermode": "closest",