{
  "data": [
    {
      "orientation": "v",
      "width": [0.95, 0.95, 0.95, 0.95, 0.949999999999999, 0.949999999999999, 0.949999999999999, 0.949999999999999, 0.949999999999999, 0.949999999999999, 0.949999999999999, 0.949999999999999, 0.949999999999999, 0.949999999999999, 0.949999999999999, 0.950000000000001, 0.950000000000003, 0.950000000000003, 0.950000000000003, 0.950000000000003, 0.950000000000003, 0.950000000000003, 0.950000000000003, 0.950000000000003, 0.950000000000003, 0.950000000000003, 0.950000000000003, 0.950000000000003, 0.950000000000003, 0.950000000000003, 0.950000000000003, 0.950000000000003, 0.950000000000003],
      "base": [0, 0, 0, 0, 0, 0, 0, 0, 0, 0, 0, 0, 0, 0, 0, 0, 0, 0, 0, 0, 0, 0, 0, 0, 0, 0, 0, 0, 0, 0, 0, 0, 0],
      "x": [1, 2, 3, 4, 5, 6, 7, 8, 9, 10, 11, 12, 13, 14, 15, 16, 17, 18, 19, 20, 21, 22, 23, 24, 25, 26, 27, 28, 29, 30, 31, 32, 33],
      "y": [0.411811023622047, 0.243307086614173, 0.243307086614173, 0.144094488188976, 0.120472440944882, 0.115748031496063, 0.11496062992126, 0.104724409448819, 0.100787401574803, 0.1, 0.0850393700787402, 0.0740157480314961, 0.0692913385826772, 0.0645669291338583, 0.0622047244094488, 0.0614173228346457, 0.0614173228346457, 0.0456692913385827, 0.0417322834645669, 0.0362204724409449, 0.0346456692913386, 0.0330708661417323, 0.0275590551181102, 0.0220472440944882, 0.0220472440944882, 0.0173228346456693, 0.0125984251968504, 0.00708661417322835, 0.0062992125984252, 0.00551181102362205, 0.00551181102362205, 0.0047244094488189, 0.0015748031496063],
      "text": ["Category: Visualisation<br />Prop: 0.411811024<br />Count: 523<br />Percent: 41.2", "Category: Clustering<br />Prop: 0.243307087<br />Count: 309<br />Percent: 24.3", "Category: Dimensionality Reduction<br />Prop: 0.243307087<br />Count: 309<br />Percent: 24.3", "Category: Integration<br />Prop: 0.144094488<br />Count: 183<br />Percent: 14.4", "Category: Gene Networks<br />Prop: 0.120472441<br />Count: 153<br />Percent: 12", "Category: Classification<br />Prop: 0.115748031<br />Count: 147<br />Percent: 11.6", "Category: Ordering<br />Prop: 0.114960630<br />Count: 146<br />Percent: 11.5", "Category: Differential Expression<br />Prop: 0.104724409<br />Count: 133<br />Percent: 10.5", "Category: Quality Control<br />Prop: 0.100787402<br />Count: 128<br />Percent: 10.1", "Category: Normalisation<br />Prop: 0.100000000<br />Count: 127<br />Percent: 10", "Category: Marker Genes<br />Prop: 0.085039370<br />Count: 108<br />Percent: 8.5", "Category: Interactive<br />Prop: 0.074015748<br />Count: 94<br />Percent: 7.4", "Category: Gene Sets<br />Prop: 0.069291339<br />Count: 88<br />Percent: 6.9", "Category: Imputation<br />Prop: 0.064566929<br />Count: 82<br />Percent: 6.5", "Category: Simulation<br />Prop: 0.062204724<br />Count: 79<br />Percent: 6.2", "Category: Quantification<br />Prop: 0.061417323<br />Count: 78<br />Percent: 6.1", "Category: Variable Genes<br />Prop: 0.061417323<br />Count: 78<br />Percent: 6.1", "Category: Gene Filtering<br />Prop: 0.045669291<br />Count: 58<br />Percent: 4.6", "Category: Variants<br />Prop: 0.041732283<br />Count: 53<br />Percent: 4.2", "Category: Alignment<br />Prop: 0.036220472<br />Count: 46<br />Percent: 3.6", "Category: UMIs<br />Prop: 0.034645669<br />Count: 44<br />Percent: 3.5", "Category: Expression Patterns<br />Prop: 0.033070866<br />Count: 42<br />Percent: 3.3", "Category: Alternative Splicing<br />Prop: 0.027559055<br />Count: 35<br />Percent: 2.8", "Category: Cell Cycle<br />Prop: 0.022047244<br />Count: 28<br />Percent: 2.2", "Category: Immune<br />Prop: 0.022047244<br />Count: 28<br />Percent: 2.2", "Category: Perturbations<br />Prop: 0.017322835<br />Count: 22<br />Percent: 1.7", "Category: Rare Cells<br />Prop: 0.012598425<br />Count: 16<br />Percent: 1.3", "Category: Assembly<br />Prop: 0.007086614<br />Count: 9<br />Percent: 0.7", "Category: Transformation<br />Prop: 0.006299213<br />Count: 8<br />Percent: 0.6", "Category: Modality<br />Prop: 0.005511811<br />Count: 7<br />Percent: 0.6", "Category: Stem Cells<br />Prop: 0.005511811<br />Count: 7<br />Percent: 0.6", "Category: Allele Specific<br />Prop: 0.004724409<br />Count: 6<br />Percent: 0.5", "Category: Haplotypes<br />Prop: 0.001574803<br />Count: 2<br />Percent: 0.2"],
      "type": "bar",
      "textposition": "none",
      "marker": {
        "autocolorscale": false,
        "color": "rgba(122,82,199,1)",
        "line": {
          "width": 1.88976377952756,
          "color": "transparent"
        }
      },
      "showlegend": false,
      "xaxis": "x",
      "yaxis": "y",
      "hoverinfo": "text",
      "frame": null
    }
  ],
  "layout": {
    "margin": {
      "t": 0,
      "r": 10,
      "b": 0,
      "l": 55
    },
    "font": {
      "color": "rgba(0,0,0,1)",
      "family": "",
      "size": 18.5969281859693
    },
    "xaxis": {
      "domain": [0, 1],
      "automargin": true,
      "type": "linear",
      "autorange": false,
      "range": [0.4, 33.6],
      "tickmode": "array",
      "ticktext": ["Visualisation", "Clustering", "Dimensionality Reduction", "Integration", "Gene Networks", "Classification", "Ordering", "Differential Expression", "Quality Control", "Normalisation", "Marker Genes", "Interactive", "Gene Sets", "Imputation", "Simulation", "Quantification", "Variable Genes", "Gene Filtering", "Variants", "Alignment", "UMIs", "Expression Patterns", "Alternative Splicing", "Cell Cycle", "Immune", "Perturbations", "Rare Cells", "Assembly", "Transformation", "Modality", "Stem Cells", "Allele Specific", "Haplotypes"],
      "tickvals": [1, 2, 3, 4, 5, 6, 7, 8, 9, 10, 11, 12, 13, 14, 15, 16, 17, 18, 19, 20, 21, 22, 23, 24, 25, 26, 27, 28, 29, 30, 31, 32, 33],
      "categoryorder": "array",
      "categoryarray": ["Visualisation", "Clustering", "Dimensionality Reduction", "Integration", "Gene Networks", "Classification", "Ordering", "Differential Expression", "Quality Control", "Normalisation", "Marker Genes", "Interactive", "Gene Sets", "Imputation", "Simulation", "Quantification", "Variable Genes", "Gene Filtering", "Variants", "Alignment", "UMIs", "Expression Patterns", "Alternative Splicing", "Cell Cycle", "Immune", "Perturbations", "Rare Cells", "Assembly", "Transformation", "Modality", "Stem Cells", "Allele Specific", "Haplotypes"],
      "nticks": null,
      "ticks": "outside",
      "tickcolor": "rgba(0,0,0,1)",
      "ticklen": 4.64923204649232,
      "tickwidth": 0.66417600664176,
      "showticklabels": true,
      "tickfont": {
        "color": "rgba(0,0,0,1)",
        "family": "",
        "size": 7
      },
      "tickangle": -60,
      "showline": true,
      "linecolor": "rgba(0,0,0,1)",
      "linewidth": 0.66417600664176,
      "showgrid": false,
      "gridcolor": null,
      "gridwidth": 0,
      "zeroline": false,
      "anchor": "y",
      "title": {
        "text": "",
        "font": {
          "color": null,
          "family": null,
          "size": 9
        }
      },
      "hoverformat": ".2f",
      "fixedrange": true
    },
    "yaxis": {
      "domain": [0, 1],
      "automargin": true,
      "type": "linear",
      "autorange": false,
      "range": [-0.0205905511811024, 0.43240157480315],
      "tickmode": "array",
      "ticktext": ["0%", "10%", "20%", "30%", "40%"],
      "tickvals": [0, 0.1, 0.2, 0.3, 0.4],
      "categoryorder": "array",
      "categoryarray": ["0%", "10%", "20%", "30%", "40%"],
      "nticks": null,
      "ticks": "outside",
      "tickcolor": "rgba(0,0,0,1)",
      "ticklen": 4.64923204649232,
      "tickwidth": 0.66417600664176,
      "showticklabels": true,
      "tickfont": {
        "color": "rgba(0,0,0,1)",
        "family": "",
        "size": 7
      },
      "tickangle": -0,
      "showline": true,
      "linecolor": "rgba(0,0,0,1)",
      "linewidth": 0.66417600664176,
      "showgrid": false,
      "gridcolor": null,
      "gridwidth": 0,
      "zeroline": false,
      "anchor": "x",