{
  "data": [
    {
      "orientation": "v",
      "width": [0.95, 0.95, 0.95, 0.95, 0.949999999999999, 0.949999999999999, 0.949999999999999, 0.949999999999999, 0.949999999999999, 0.949999999999999, 0.949999999999999, 0.949999999999999, 0.949999999999999, 0.949999999999999, 0.949999999999999, 0.950000000000001, 0.950000000000003, 0.950000000000003, 0.950000000000003, 0.950000000000003, 0.950000000000003, 0.950000000000003, 0.950000000000003, 0.950000000000003, 0.950000000000003, 0.950000000000003, 0.950000000000003, 0.950000000000003, 0.950000000000003, 0.950000000000003, 0.950000000000003, 0.950000000000003, 0.950000000000003],
      "base": [0, 0, 0, 0, 0, 0, 0, 0, 0, 0, 0, 0, 0, 0, 0, 0, 0, 0, 0, 0, 0, 0, 0, 0, 0, 0, 0, 0, 0, 0, 0, 0, 0],
      "x": [1, 2, 3, 4, 5, 6, 7, 8, 9, 10, 11, 12, 13, 14, 15, 16, 17, 18, 19, 20, 21, 22, 23, 24, 25, 26, 27, 28, 29, 30, 31, 32, 33],
      "y": [0.409470752089136, 0.251624883936862, 0.249767873723305, 0.136490250696379, 0.119777158774373, 0.116991643454039, 0.11142061281337, 0.11142061281337, 0.104921077065924, 0.100278551532033, 0.0844939647168059, 0.0826369545032498, 0.0696378830083565, 0.0687093779015785, 0.0677808727948004, 0.0603528319405757, 0.0575673166202414, 0.0501392757660167, 0.0408542246982358, 0.0380687093779016, 0.0362116991643454, 0.0362116991643454, 0.0250696378830084, 0.0232126276694522, 0.0185701021355617, 0.0157845868152275, 0.0129990714948932, 0.0074280408542247, 0.00649953574744661, 0.00557103064066852, 0.00557103064066852, 0.00557103064066852, 0.00185701021355617],
      "text": ["Category: Visualisation<br />Count: 441<br />Percent: 40.9", "Category: Clustering<br />Count: 271<br />Percent: 25.2", "Category: Dimensionality Reduction<br />Count: 269<br />Percent: 25", "Category: Integration<br />Count: 147<br />Percent: 13.6", "Category: Ordering<br />Count: 129<br />Percent: 12", "Category: Gene Networks<br />Count: 126<br />Percent: 11.7", "Category: Classification<br />Count: 120<br />Percent: 11.1", "Category: Differential Expression<br />Count: 120<br />Percent: 11.1", "Category: Normalisation<br />Count: 113<br />Percent: 10.5", "Category: Quality Control<br />Count: 108<br />Percent: 10", "Category: Marker Genes<br />Count: 91<br />Percent: 8.4", "Category: Interactive<br />Count: 89<br />Percent: 8.3", "Category: Imputation<br />Count: 75<br />Percent: 7", "Category: Gene Sets<br />Count: 74<br />Percent: 6.9", "Category: Simulation<br />Count: 73<br />Percent: 6.8", "Category: Variable Genes<br />Count: 65<br />Percent: 6", "Category: Quantification<br />Count: 62<br />Percent: 5.8", "Category: Gene Filtering<br />Count: 54<br />Percent: 5", "Category: Variants<br />Count: 44<br />Percent: 4.1", "Category: UMIs<br />Count: 41<br />Percent: 3.8", "Category: Alignment<br />Count: 39<br />Percent: 3.6", "Category: Expression Patterns<br />Count: 39<br />Percent: 3.6", "Category: Alternative Splicing<br />Count: 27<br />Percent: 2.5", "Category: Cell Cycle<br />Count: 25<br />Percent: 2.3", "Category: Immune<br />Count: 20<br />Percent: 1.9", "Category: Perturbations<br />Count: 17<br />Percent: 1.6", "Category: Rare Cells<br />Count: 14<br />Percent: 1.3", "Category: Assembly<br />Count: 8<br />Percent: 0.7", "Category: Modality<br />Count: 7<br />Percent: 0.6", "Category: Allele Specific<br />Count: 6<br />Percent: 0.6", "Category: Stem Cells<br />Count: 6<br />Percent: 0.6", "Category: Transformation<br />Count: 6<br />Percent: 0.6", "Category: Haplotypes<br />Count: 2<br />Percent: 0.2"],
      "type": "bar",
      "marker": {
        "autocolorscale": false,
        "color": "rgba(122,82,199,1)",
        "line": {
          "width": 1.88976377952756,
          "color": "transparent"
        }
      },
      "showlegend": false,
      "xaxis": "x",
      "yaxis": "y",
      "hoverinfo": "text",
      "frame": null
    }
  ],
  "layout": {
    "margin": {
      "t": 50,
      "r": 30,
      "b": 50,
      "l": 70
    },
    "font": {
      "color": "rgba(0,0,0,1)",
      "family": "",
      "size": 18.5969281859693
    },
    "xaxis": {
      "domain": [0, 1],
      "automargin": true,
      "type": "linear",
      "autorange": false,
      "range": [0.4, 33.6],
      "tickmode": "array",
      "ticktext": ["Visualisation", "Clustering", "Dimensionality Reduction", "Integration", "Ordering", "Gene Networks", "Classification", "Differential Expression", "Normalisation", "Quality Control", "Marker Genes", "Interactive", "Imputation", "Gene Sets", "Simulation", "Variable Genes", "Quantification", "Gene Filtering", "Variants", "UMIs", "Alignment", "Expression Patterns", "Alternative Splicing", "Cell Cycle", "Immune", "Perturbations", "Rare Cells", "Assembly", "Modality", "Allele Specific", "Stem Cells", "Transformation", "Haplotypes"],
      "tickvals": [1, 2, 3, 4, 5, 6, 7, 8, 9, 10, 11, 12, 13, 14, 15, 16, 17, 18, 19, 20, 21, 22, 23, 24, 25, 26, 27, 28, 29, 30, 31, 32, 33],
      "categoryorder": "array",
      "categoryarray": ["Visualisation", "Clustering", "Dimensionality Reduction", "Integration", "Ordering", "Gene Networks", "Classification", "Differential Expression", "Normalisation", "Quality Control", "Marker Genes", "Interactive", "Imputation", "Gene Sets", "Simulation", "Variable Genes", "Quantification", "Gene Filtering", "Variants", "UMIs", "Alignment", "Expression Patterns", "Alternative Splicing", "Cell Cycle", "Immune", "Perturbations", "Rare Cells", "Assembly", "Modality", "Allele Specific", "Stem Cells", "Transformation", "Haplotypes"],
      "nticks": null,
      "ticks": "outside",
      "tickcolor": "rgba(0,0,0,1)",
      "ticklen": 4.64923204649232,
      "tickwidth": 0.66417600664176,
      "showticklabels": true,
      "tickfont": {
        "color": "rgba(0,0,0,1)",
        "family": "",
        "size": 15.9402241594022
      },
      "tickangle": -60,
      "showline": true,
      "linecolor": "rgba(0,0,0,1)",
      "linewidth": 0.66417600664176,
      "showgrid": false,
      "gridcolor": null,
      "gridwidth": 0,
      "zeroline": false,
      "anchor": "y",
      "title": {
        "text": "",
        "font": {
          "color": null,
          "family": null,
          "size": 0
        }
      },
      "hoverformat": ".2f"
    },
    "yaxis": {
      "domain": [0, 1],
      "automargin": true,
      "type": "linear",
      "autorange": false,
      "range": [-0.0204735376044568, 0.429944289693593],
      "tickmode": "array",
      "ticktext": ["0.0%", "10.0%", "20.0%", "30.0%", "40.0%"],
      "tickvals": [0, 0.1, 0.2, 0.3, 0.4],
      "categoryorder": "array",
      "categoryarray": ["0.0%", "10.0%", "20.0%", "30.0%", "40.0%"],
      "nticks": null,
      "ticks": "outside",
      "tickcolor": "rgba(0,0,0,1)",
      "ticklen": 4.64923204649232,
      "tickwidth": 0.66417600664176,
      "showticklabels": true,
      "tickfont": {
        "color": "rgba(0,0,0,1)",
        "family": "",
        "size": 15.9402241594022
      },
      "tickangle": -0,
      "showline": true,
      "linecolor": "rgba(0,0,0,1)",
      "linewidth": 0.66417600664176,
      "showgrid": false,
      "gridcolor": null,
      "gridwidth": 0,
      "zeroline": false,
      "anchor": "x",
      "title": {
        "text": "Percentage of tools",
        "font": {
          "color": "rgba(0,0,0,1)",
          "family": "",
          "size": 18.5969281859693
        }
      },
      "hoverformat": ".2f"
    },
    "shapes": [
      {
        "type": "rect",
        "fillcolor": null,
        "line": {
          "color": null,
          "width": 0,
          "linetype": []
        },
        "yref": "paper",
        "xref": "paper",
        "x0": 0,
        "x1": 1,
        "y0": 0,
        "y1": 1
      }
    ],
    "showlegend": false,
    "legend": {
      "bgcolor": null,
      "bordercolor": null,
      "borderwidth": 0,
      "font": {
        "color": "rgba(0,0,0,1)",
        "family": "",
        "size": 15.9402241594022
      }
    },
    "hovermode": "closest",