{
  "data": [
    {
      "orientation": "v",
      "width": [0.95, 0.95, 0.95, 0.95, 0.949999999999999, 0.949999999999999, 0.949999999999999, 0.949999999999999, 0.949999999999999, 0.949999999999999, 0.949999999999999, 0.949999999999999, 0.949999999999999, 0.949999999999999, 0.949999999999999, 0.950000000000001, 0.950000000000003, 0.950000000000003, 0.950000000000003, 0.950000000000003, 0.950000000000003, 0.950000000000003, 0.950000000000003, 0.950000000000003, 0.950000000000003, 0.950000000000003, 0.950000000000003, 0.950000000000003, 0.950000000000003, 0.950000000000003, 0.950000000000003, 0.950000000000003],
      "base": [0, 0, 0, 0, 0, 0, 0, 0, 0, 0, 0, 0, 0, 0, 0, 0, 0, 0, 0, 0, 0, 0, 0, 0, 0, 0, 0, 0, 0, 0, 0, 0],
      "x": [1, 2, 3, 4, 5, 6, 7, 8, 9, 10, 11, 12, 13, 14, 15, 16, 17, 18, 19, 20, 21, 22, 23, 24, 25, 26, 27, 28, 29, 30, 31, 32],
      "y": [0.462998102466793, 0.267552182163188, 0.246679316888046, 0.155597722960152, 0.15180265654649, 0.127134724857685, 0.123339658444023, 0.123339658444023, 0.110056925996205, 0.10246679316888, 0.10246679316888, 0.0853889943074004, 0.0853889943074004, 0.0777988614800759, 0.0759013282732448, 0.0740037950664137, 0.0702087286527514, 0.0683111954459203, 0.0588235294117647, 0.0550284629981025, 0.0417457305502846, 0.032258064516129, 0.0284629981024668, 0.0208728652751423, 0.0189753320683112, 0.0132827324478178, 0.0113851992409867, 0.0094876660341556, 0.0094876660341556, 0.00759013282732448, 0.00569259962049336, 0.00379506641366224],
      "text": ["Category: Visualisation<br />Count: 244<br />Percent: 46.3", "Category: Clustering<br />Count: 141<br />Percent: 26.8", "Category: Dimensionality Reduction<br />Count: 130<br />Percent: 24.7", "Category: Normalisation<br />Count: 82<br />Percent: 15.6", "Category: Ordering<br />Count: 80<br />Percent: 15.2", "Category: Quality Control<br />Count: 67<br />Percent: 12.7", "Category: Differential Expression<br />Count: 65<br />Percent: 12.3", "Category: Interactive<br />Count: 65<br />Percent: 12.3", "Category: Gene Networks<br />Count: 58<br />Percent: 11", "Category: Integration<br />Count: 54<br />Percent: 10.2", "Category: Marker Genes<br />Count: 54<br />Percent: 10.2", "Category: Classification<br />Count: 45<br />Percent: 8.5", "Category: Simulation<br />Count: 45<br />Percent: 8.5", "Category: Variable Genes<br />Count: 41<br />Percent: 7.8", "Category: Gene Filtering<br />Count: 40<br />Percent: 7.6", "Category: Imputation<br />Count: 39<br />Percent: 7.4", "Category: Gene Sets<br />Count: 37<br />Percent: 7", "Category: Quantification<br />Count: 36<br />Percent: 6.8", "Category: UMIs<br />Count: 31<br />Percent: 5.9", "Category: Expression Patterns<br />Count: 29<br />Percent: 5.5", "Category: Alignment<br />Count: 22<br />Percent: 4.2", "Category: Variants<br />Count: 17<br />Percent: 3.2", "Category: Cell Cycle<br />Count: 15<br />Percent: 2.8", "Category: Immune<br />Count: 11<br />Percent: 2.1", "Category: Alternative Splicing<br />Count: 10<br />Percent: 1.9", "Category: Rare Cells<br />Count: 7<br />Percent: 1.3", "Category: Assembly<br />Count: 6<br />Percent: 1.1", "Category: Allele Specific<br />Count: 5<br />Percent: 0.9", "Category: Stem Cells<br />Count: 5<br />Percent: 0.9", "Category: Transformation<br />Count: 4<br />Percent: 0.8", "Category: Modality<br />Count: 3<br />Percent: 0.6", "Category: Haplotypes<br />Count: 2<br />Percent: 0.4"],
      "type": "bar",
      "marker": {
        "autocolorscale": false,
        "color": "rgba(122,82,199,1)",
        "line": {
          "width": 1.88976377952756,
          "color": "transparent"
        }
      },
      "showlegend": false,
      "xaxis": "x",
      "yaxis": "y",
      "hoverinfo": "text",
      "frame": null
    }
  ],
  "layout": {
    "margin": {
      "t": 50,
      "r": 30,
      "b": 50,
      "l": 70
    },
    "font": {
      "color": "rgba(0,0,0,1)",
      "family": "",
      "size": 18.5969281859693
    },
    "xaxis": {
      "domain": [0, 1],
      "automargin": true,
      "type": "linear",
      "autorange": false,
      "range": [0.4, 32.6],
      "tickmode": "array",
      "ticktext": ["Visualisation", "Clustering", "Dimensionality Reduction", "Normalisation", "Ordering", "Quality Control", "Differential Expression", "Interactive", "Gene Networks", "Integration", "Marker Genes", "Classification", "Simulation", "Variable Genes", "Gene Filtering", "Imputation", "Gene Sets", "Quantification", "UMIs", "Expression Patterns", "Alignment", "Variants", "Cell Cycle", "Immune", "Alternative Splicing", "Rare Cells", "Assembly", "Allele Specific", "Stem Cells", "Transformation", "Modality", "Haplotypes"],
      "tickvals": [1, 2, 3, 4, 5, 6, 7, 8, 9, 10, 11, 12, 13, 14, 15, 16, 17, 18, 19, 20, 21, 22, 23, 24, 25, 26, 27, 28, 29, 30, 31, 32],
      "categoryorder": "array",
      "categoryarray": ["Visualisation", "Clustering", "Dimensionality Reduction", "Normalisation", "Ordering", "Quality Control", "Differential Expression", "Interactive", "Gene Networks", "Integration", "Marker Genes", "Classification", "Simulation", "Variable Genes", "Gene Filtering", "Imputation", "Gene Sets", "Quantification", "UMIs", "Expression Patterns", "Alignment", "Variants", "Cell Cycle", "Immune", "Alternative Splicing", "Rare Cells", "Assembly", "Allele Specific", "Stem Cells", "Transformation", "Modality", "Haplotypes"],
      "nticks": null,
      "ticks": "outside",
      "tickcolor": "rgba(0,0,0,1)",
      "ticklen": 4.64923204649232,
      "tickwidth": 0.66417600664176,
      "showticklabels": true,
      "tickfont": {
        "color": "rgba(0,0,0,1)",
        "family": "",
        "size": 15.9402241594022
      },
      "tickangle": -60,
      "showline": true,
      "linecolor": "rgba(0,0,0,1)",
      "linewidth": 0.66417600664176,
      "showgrid": false,
      "gridcolor": null,
      "gridwidth": 0,
      "zeroline": false,
      "anchor": "y",
      "title": {
        "text": "",
        "font": {
          "color": null,
          "family": null,
          "size": 0
        }
      },
      "hoverformat": ".2f"
    },
    "yaxis": {
      "domain": [0, 1],
      "automargin": true,
      "type": "linear",
      "autorange": false,
      "range": [-0.0231499051233397, 0.486148007590133],
      "tickmode": "array",
      "ticktext": ["0.0%", "10.0%", "20.0%", "30.0%", "40.0%"],
      "tickvals": [0, 0.1, 0.2, 0.3, 0.4],
      "categoryorder": "array",
      "categoryarray": ["0.0%", "10.0%", "20.0%", "30.0%", "40.0%"],
      "nticks": null,
      "ticks": "outside",
      "tickcolor": "rgba(0,0,0,1)",
      "ticklen": 4.64923204649232,
      "tickwidth": 0.66417600664176,
      "showticklabels": true,
      "tickfont": {
        "color": "rgba(0,0,0,1)",
        "family": "",
        "size": 15.9402241594022
      },
      "tickangle": -0,
      "showline": true,
      "linecolor": "rgba(0,0,0,1)",
      "linewidth": 0.66417600664176,
      "showgrid": false,
      "gridcolor": null,
      "gridwidth": 0,
      "zeroline": false,
      "anchor": "x",
      "title": {
        "text": "Percentage of tools",
        "font": {
          "color": "rgba(0,0,0,1)",
          "family": "",
          "size": 18.5969281859693
        }
      },
      "hoverformat": ".2f"
    },
    "shapes": [
      {
        "type": "rect",
        "fillcolor": null,
        "line": {
          "color": null,
          "width": 0,
          "linetype": []
        },
        "yref": "paper",
        "xref": "paper",
        "x0": 0,
        "x1": 1,
        "y0": 0,
        "y1": 1
      }
    ],
    "showlegend": false,
    "legend": {
      "bgcolor": null,
      "bordercolor": null,
      "borderwidth": 0,
      "font": {
        "color": "rgba(0,0,0,1)",
        "family": "",
        "size": 15.9402241594022
      }
    },
    "hovermode": "closest",
    "height": 600,
    "barmode": "relative",
    "autosize": true
  },
  "config": {
    "doubleClick": "reset",
    "showSendToCloud": false,