{
  "data": [
    {
      "orientation": "v",
      "width": [0.95, 0.95, 0.95, 0.95, 0.949999999999999, 0.949999999999999, 0.949999999999999, 0.949999999999999, 0.949999999999999, 0.949999999999999, 0.949999999999999, 0.949999999999999, 0.949999999999999, 0.949999999999999, 0.949999999999999, 0.950000000000001, 0.950000000000003, 0.950000000000003, 0.950000000000003, 0.950000000000003, 0.950000000000003, 0.950000000000003, 0.950000000000003, 0.950000000000003, 0.950000000000003, 0.950000000000003, 0.950000000000003, 0.950000000000003, 0.950000000000003, 0.950000000000003, 0.950000000000003, 0.950000000000003],
      "base": [0, 0, 0, 0, 0, 0, 0, 0, 0, 0, 0, 0, 0, 0, 0, 0, 0, 0, 0, 0, 0, 0, 0, 0, 0, 0, 0, 0, 0, 0, 0, 0],
      "x": [1, 2, 3, 4, 5, 6, 7, 8, 9, 10, 11, 12, 13, 14, 15, 16, 17, 18, 19, 20, 21, 22, 23, 24, 25, 26, 27, 28, 29, 30, 31, 32],
      "y": [0.446570972886762, 0.263157894736842, 0.248803827751196, 0.145135566188198, 0.141945773524721, 0.119617224880383, 0.114832535885167, 0.113237639553429, 0.113237639553429, 0.108452950558214, 0.10207336523126, 0.0925039872408294, 0.087719298245614, 0.0797448165869219, 0.0733652312599681, 0.0701754385964912, 0.0637958532695375, 0.0606060606060606, 0.0526315789473684, 0.0494417862838915, 0.0398724082934609, 0.0366826156299841, 0.025518341307815, 0.0207336523125997, 0.0191387559808612, 0.0143540669856459, 0.00956937799043062, 0.00956937799043062, 0.00797448165869218, 0.00797448165869218, 0.00797448165869218, 0.00318979266347687],
      "text": ["Category: Visualisation<br />Count: 280<br />Percent: 44.7", "Category: Clustering<br />Count: 165<br />Percent: 26.3", "Category: Dimensionality Reduction<br />Count: 156<br />Percent: 24.9", "Category: Ordering<br />Count: 91<br />Percent: 14.5", "Category: Normalisation<br />Count: 89<br />Percent: 14.2", "Category: Integration<br />Count: 75<br />Percent: 12", "Category: Differential Expression<br />Count: 72<br />Percent: 11.5", "Category: Interactive<br />Count: 71<br />Percent: 11.3", "Category: Quality Control<br />Count: 71<br />Percent: 11.3", "Category: Gene Networks<br />Count: 68<br />Percent: 10.8", "Category: Marker Genes<br />Count: 64<br />Percent: 10.2", "Category: Classification<br />Count: 58<br />Percent: 9.3", "Category: Imputation<br />Count: 55<br />Percent: 8.8", "Category: Simulation<br />Count: 50<br />Percent: 8", "Category: Gene Sets<br />Count: 46<br />Percent: 7.3", "Category: Variable Genes<br />Count: 44<br />Percent: 7", "Category: Gene Filtering<br />Count: 40<br />Percent: 6.4", "Category: Quantification<br />Count: 38<br />Percent: 6.1", "Category: UMIs<br />Count: 33<br />Percent: 5.3", "Category: Expression Patterns<br />Count: 31<br />Percent: 4.9", "Category: Variants<br />Count: 25<br />Percent: 4", "Category: Alignment<br />Count: 23<br />Percent: 3.7", "Category: Cell Cycle<br />Count: 16<br />Percent: 2.6", "Category: Immune<br />Count: 13<br />Percent: 2.1", "Category: Alternative Splicing<br />Count: 12<br />Percent: 1.9", "Category: Rare Cells<br />Count: 9<br />Percent: 1.4", "Category: Allele Specific<br />Count: 6<br />Percent: 1", "Category: Assembly<br />Count: 6<br />Percent: 1", "Category: Modality<br />Count: 5<br />Percent: 0.8", "Category: Stem Cells<br />Count: 5<br />Percent: 0.8", "Category: Transformation<br />Count: 5<br />Percent: 0.8", "Category: Haplotypes<br />Count: 2<br />Percent: 0.3"],
      "type": "bar",
      "marker": {
        "autocolorscale": false,
        "color": "rgba(122,82,199,1)",
        "line": {
          "width": 1.88976377952756,
          "color": "transparent"
        }
      },
      "showlegend": false,
      "xaxis": "x",
      "yaxis": "y",
      "hoverinfo": "text",
      "frame": null
    }
  ],
  "layout": {
    "margin": {
      "t": 50,
      "r": 30,
      "b": 50,
      "l": 70
    },
    "font": {
      "color": "rgba(0,0,0,1)",
      "family": "",
      "size": 18.5969281859693
    },
    "xaxis": {
      "domain": [0, 1],
      "automargin": true,
      "type": "linear",
      "autorange": false,
      "range": [0.4, 32.6],
      "tickmode": "array",
      "ticktext": ["Visualisation", "Clustering", "Dimensionality Reduction", "Ordering", "Normalisation", "Integration", "Differential Expression", "Interactive", "Quality Control", "Gene Networks", "Marker Genes", "Classification", "Imputation", "Simulation", "Gene Sets", "Variable Genes", "Gene Filtering", "Quantification", "UMIs", "Expression Patterns", "Variants", "Alignment", "Cell Cycle", "Immune", "Alternative Splicing", "Rare Cells", "Allele Specific", "Assembly", "Modality", "Stem Cells", "Transformation", "Haplotypes"],
      "tickvals": [1, 2, 3, 4, 5, 6, 7, 8, 9, 10, 11, 12, 13, 14, 15, 16, 17, 18, 19, 20, 21, 22, 23, 24, 25, 26, 27, 28, 29, 30, 31, 32],
      "categoryorder": "array",
      "categoryarray": ["Visualisation", "Clustering", "Dimensionality Reduction", "Ordering", "Normalisation", "Integration", "Differential Expression", "Interactive", "Quality Control", "Gene Networks", "Marker Genes", "Classification", "Imputation", "Simulation", "Gene Sets", "Variable Genes", "Gene Filtering", "Quantification", "UMIs", "Expression Patterns", "Variants", "Alignment", "Cell Cycle", "Immune", "Alternative Splicing", "Rare Cells", "Allele Specific", "Assembly", "Modality", "Stem Cells", "Transformation", "Haplotypes"],
      "nticks": null,
      "ticks": "outside",
      "tickcolor": "rgba(0,0,0,1)",
      "ticklen": 4.64923204649232,
      "tickwidth": 0.66417600664176,
      "showticklabels": true,
      "tickfont": {
        "color": "rgba(0,0,0,1)",
        "family": "",
        "size": 15.9402241594022
      },
      "tickangle": -60,
      "showline": true,
      "linecolor": "rgba(0,0,0,1)",
      "linewidth": 0.66417600664176,
      "showgrid": false,
      "gridcolor": null,
      "gridwidth": 0,
      "zeroline": false,
      "anchor": "y",
      "title": {
        "text": "",
        "font": {
          "color": null,
          "family": null,
          "size": 0
        }
      },
      "hoverformat": ".2f"
    },
    "yaxis": {
      "domain": [0, 1],
      "automargin": true,
      "type": "linear",
      "autorange": false,
      "range": [-0.0223285486443381, 0.4688995215311],
      "tickmode": "array",
      "ticktext": ["0.0%", "10.0%", "20.0%", "30.0%", "40.0%"],
      "tickvals": [0, 0.1, 0.2, 0.3, 0.4],
      "categoryorder": "array",
      "categoryarray": ["0.0%", "10.0%", "20.0%", "30.0%", "40.0%"],
      "nticks": null,
      "ticks": "outside",
      "tickcolor": "rgba(0,0,0,1)",
      "ticklen": 4.64923204649232,
      "tickwidth": 0.66417600664176,
      "showticklabels": true,
      "tickfont": {
        "color": "rgba(0,0,0,1)",
        "family": "",
        "size": 15.9402241594022
      },
      "tickangle": -0,
      "showline": true,
      "linecolor": "rgba(0,0,0,1)",
      "linewidth": 0.66417600664176,
      "showgrid": false,
      "gridcolor": null,
      "gridwidth": 0,
      "zeroline": false,
      "anchor": "x",
      "title": {
        "text": "Percentage of tools",
        "font": {
          "color": "rgba(0,0,0,1)",
          "family": "",
          "size": 18.5969281859693
        }
      },
      "hoverformat": ".2f"
    },
    "shapes": [
      {
        "type": "rect",
        "fillcolor": null,
        "line": {
          "color": null,
          "width": 0,
          "linetype": []
        },
        "yref": "paper",
        "xref": "paper",
        "x0": 0,
        "x1": 1,
        "y0": 0,
        "y1": 1
      }
    ],
    "showlegend": false,
    "legend": {
      "bgcolor": null,
      "bordercolor": null,
      "borderwidth": 0,
      "font": {
        "color": "rgba(0,0,0,1)",
        "family": "",
        "size": 15.9402241594022
      }
    },
    "hovermode": "closest",
    "height": 600,
    "barmode": "relative",
    "autosize": true
  },
  "config": {
    "doubleClick": "reset",
    "showSendToCloud": false,