{
  "data": [
    {
      "orientation": "v",
      "width": [0.95, 0.95, 0.95, 0.95, 0.949999999999999, 0.949999999999999, 0.949999999999999, 0.949999999999999, 0.949999999999999, 0.949999999999999, 0.949999999999999, 0.949999999999999, 0.949999999999999, 0.949999999999999, 0.949999999999999, 0.950000000000001, 0.950000000000003, 0.950000000000003, 0.950000000000003, 0.950000000000003, 0.950000000000003, 0.950000000000003, 0.950000000000003, 0.950000000000003, 0.950000000000003, 0.950000000000003, 0.950000000000003, 0.950000000000003, 0.950000000000003, 0.950000000000003, 0.950000000000003, 0.950000000000003, 0.950000000000003],
      "base": [0, 0, 0, 0, 0, 0, 0, 0, 0, 0, 0, 0, 0, 0, 0, 0, 0, 0, 0, 0, 0, 0, 0, 0, 0, 0, 0, 0, 0, 0, 0, 0, 0],
      "x": [1, 2, 3, 4, 5, 6, 7, 8, 9, 10, 11, 12, 13, 14, 15, 16, 17, 18, 19, 20, 21, 22, 23, 24, 25, 26, 27, 28, 29, 30, 31, 32, 33],
      "y": [0.411153635866594, 0.25095680699836, 0.216511755057408, 0.161290322580645, 0.130672498633133, 0.119737561509021, 0.111536358665938, 0.0984144341170038, 0.0951339529797704, 0.0934937124111536, 0.0841990158556588, 0.0787315472936031, 0.0639693821760525, 0.0617823947512302, 0.0617823947512302, 0.0612356478950246, 0.060688901038819, 0.0486604702022963, 0.0377255330781848, 0.0328048113723346, 0.0328048113723346, 0.0306178239475123, 0.0295243302351011, 0.0289775833788956, 0.0262438490978677, 0.0213231273920175, 0.0114816839803171, 0.00656096227446692, 0.00601421541826134, 0.00546746856205577, 0.00437397484964461, 0.00437397484964461, 0.00109349371241115],
      "text": ["Category: Visualisation<br />Count: 752<br />Percent: 41.1", "Category: Dimensionality Reduction<br />Count: 459<br />Percent: 25.1", "Category: Clustering<br />Count: 396<br />Percent: 21.7", "Category: Integration<br />Count: 295<br />Percent: 16.1", "Category: Gene Networks<br />Count: 239<br />Percent: 13.1", "Category: Classification<br />Count: 219<br />Percent: 12", "Category: Ordering<br />Count: 204<br />Percent: 11.2", "Category: Quality Control<br />Count: 180<br />Percent: 9.8", "Category: Normalisation<br />Count: 174<br />Percent: 9.5", "Category: Differential Expression<br />Count: 171<br />Percent: 9.3", "Category: Marker Genes<br />Count: 154<br />Percent: 8.4", "Category: Gene Sets<br />Count: 144<br />Percent: 7.9", "Category: Interactive<br />Count: 117<br />Percent: 6.4", "Category: Imputation<br />Count: 113<br />Percent: 6.2", "Category: Quantification<br />Count: 113<br />Percent: 6.2", "Category: Variable Genes<br />Count: 112<br />Percent: 6.1", "Category: Simulation<br />Count: 111<br />Percent: 6.1", "Category: Variants<br />Count: 89<br />Percent: 4.9", "Category: Gene Filtering<br />Count: 69<br />Percent: 3.8", "Category: Alignment<br />Count: 60<br />Percent: 3.3", "Category: UMIs<br />Count: 60<br />Percent: 3.3", "Category: Expression Patterns<br />Count: 56<br />Percent: 3.1", "Category: Immune<br />Count: 54<br />Percent: 3", "Category: Perturbations<br />Count: 53<br />Percent: 2.9", "Category: Alternative Splicing<br />Count: 48<br />Percent: 2.6", "Category: Cell Cycle<br />Count: 39<br />Percent: 2.1", "Category: Rare Cells<br />Count: 21<br />Percent: 1.1", "Category: Transformation<br />Count: 12<br />Percent: 0.7", "Category: Assembly<br />Count: 11<br />Percent: 0.6", "Category: Stem Cells<br />Count: 10<br />Percent: 0.5", "Category: Allele Specific<br />Count: 8<br />Percent: 0.4", "Category: Modality<br />Count: 8<br />Percent: 0.4", "Category: Haplotypes<br />Count: 2<br />Percent: 0.1"],
      "type": "bar",
      "textposition": "none",
      "marker": {
        "autocolorscale": false,
        "color": "rgba(122,82,199,1)",
        "line": {
          "width": 1.88976377952756,
          "color": "transparent"
        }
      },
      "showlegend": false,
      "xaxis": "x",
      "yaxis": "y",
      "hoverinfo": "text",
      "frame": null
    }
  ],
  "layout": {
    "margin": {
      "t": 50,
      "r": 30,
      "b": 50,
      "l": 70
    },
    "font": {
      "color": "rgba(0,0,0,1)",
      "family": "",
      "size": 18.5969281859693
    },
    "xaxis": {
      "domain": [0, 1],
      "automargin": true,
      "type": "linear",
      "autorange": false,
      "range": [0.4, 33.6],
      "tickmode": "array",
      "ticktext": ["Visualisation", "Dimensionality Reduction", "Clustering", "Integration", "Gene Networks", "Classification", "Ordering", "Quality Control", "Normalisation", "Differential Expression", "Marker Genes", "Gene Sets", "Interactive", "Imputation", "Quantification", "Variable Genes", "Simulation", "Variants", "Gene Filtering", "Alignment", "UMIs", "Expression Patterns", "Immune", "Perturbations", "Alternative Splicing", "Cell Cycle", "Rare Cells", "Transformation", "Assembly", "Stem Cells", "Allele Specific", "Modality", "Haplotypes"],
      "tickvals": [1, 2, 3, 4, 5, 6, 7, 8, 9, 10, 11, 12, 13, 14, 15, 16, 17, 18, 19, 20, 21, 22, 23, 24, 25, 26, 27, 28, 29, 30, 31, 32, 33],
      "categoryorder": "array",
      "categoryarray": ["Visualisation", "Dimensionality Reduction", "Clustering", "Integration", "Gene Networks", "Classification", "Ordering", "Quality Control", "Normalisation", "Differential Expression", "Marker Genes", "Gene Sets", "Interactive", "Imputation", "Quantification", "Variable Genes", "Simulation", "Variants", "Gene Filtering", "Alignment", "UMIs", "Expression Patterns", "Immune", "Perturbations", "Alternative Splicing", "Cell Cycle", "Rare Cells", "Transformation", "Assembly", "Stem Cells", "Allele Specific", "Modality", "Haplotypes"],
      "nticks": null,
      "ticks": "outside",
      "tickcolor": "rgba(0,0,0,1)",
      "ticklen": 4.64923204649232,
      "tickwidth": 0.66417600664176,
      "showticklabels": true,
      "tickfont": {
        "color": "rgba(0,0,0,1)",
        "family": "",
        "size": 15.9402241594022
      },
      "tickangle": -60,
      "showline": true,
      "linecolor": "rgba(0,0,0,1)",
      "linewidth": 0.66417600664176,
      "showgrid": false,
      "gridcolor": null,
      "gridwidth": 0,
      "zeroline": false,
      "anchor": "y",
      "title": {
        "text": "",
        "font": {
          "color": null,
          "family": null,
          "size": 0
        }
      },
      "hoverformat": ".2f"
    },
    "yaxis": {
      "domain": [0, 1],
      "automargin": true,
      "type": "linear",
      "autorange": false,
      "range": [-0.0205576817933297, 0.431711317659923],
      "tickmode": "array",
      "ticktext": ["0%", "10%", "20%", "30%", "40%"],
      "tickvals": [0, 0.1, 0.2, 0.3, 0.4],
      "categoryorder": "array",
      "categoryarray": ["0%", "10%", "20%", "30%", "40%"],
      "nticks": null,
      "ticks": "outside",
      "tickcolor": "rgba(0,0,0,1)",
      "ticklen": 4.64923204649232,
      "tickwidth": 0.66417600664176,
      "showticklabels": true,
      "tickfont": {
        "color": "rgba(0,0,0,1)",
        "family": "",
        "size": 15.9402241594022
      },
      "tickangle": -0,
      "showline": true,
      "linecolor": "rgba(0,0,0,1)",
      "linewidth": 0.66417600664176,
      "showgrid": false,
      "gridcolor": null,
      "gridwidth": 0,
      "zeroline": false,
      "anchor": "x",
      "title": {
        "text": "Percentage of tools",
        "font": {
          "color": "rgba(0,0,0,1)",
          "family": "",
          "size": 18.5969281859693
        }
      },
      "hoverformat": ".2f"
    },
    "shapes": [
      {
        "type": "rect",
        "fillcolor": null,
        "line": {
          "color": null,
          "width": 0,
          "linetype": []
        },
        "yref": "paper",
        "xref": "paper",
        "x0": 0,
        "x1": 1,
        "y0": 0,
        "y1": 1
      }
    ],
    "showlegend": false,
    "legend": {
      "bgcolor": null,
      "bordercolor": null,
      "borderwidth": 0,
      "font": {
        "color": "rgba(0,0,0,1)",
        "family": "",
        "size": 15.9402241594022
      }
    },