{
  "data": [
    {
      "orientation": "v",
      "width": [0.95, 0.95, 0.95, 0.95, 0.949999999999999, 0.949999999999999, 0.949999999999999, 0.949999999999999, 0.949999999999999, 0.949999999999999, 0.949999999999999, 0.949999999999999, 0.949999999999999, 0.949999999999999, 0.949999999999999, 0.950000000000001, 0.950000000000003, 0.950000000000003, 0.950000000000003, 0.950000000000003, 0.950000000000003, 0.950000000000003, 0.950000000000003, 0.950000000000003, 0.950000000000003, 0.950000000000003, 0.950000000000003, 0.950000000000003, 0.950000000000003, 0.950000000000003, 0.950000000000003, 0.950000000000003],
      "base": [0, 0, 0, 0, 0, 0, 0, 0, 0, 0, 0, 0, 0, 0, 0, 0, 0, 0, 0, 0, 0, 0, 0, 0, 0, 0, 0, 0, 0, 0, 0, 0],
      "x": [1, 2, 3, 4, 5, 6, 7, 8, 9, 10, 11, 12, 13, 14, 15, 16, 17, 18, 19, 20, 21, 22, 23, 24, 25, 26, 27, 28, 29, 30, 31, 32],
      "y": [0.473197781885397, 0.273567467652495, 0.253234750462107, 0.157116451016636, 0.153419593345656, 0.125693160813309, 0.125693160813309, 0.123844731977819, 0.11275415896488, 0.105360443622921, 0.105360443622921, 0.088724584103512, 0.0831792975970425, 0.0794824399260629, 0.077634011090573, 0.0739371534195934, 0.0739371534195934, 0.066543438077634, 0.0573012939001848, 0.055452865064695, 0.0406654343807763, 0.0314232902033272, 0.0277264325323475, 0.0203327171903882, 0.0203327171903882, 0.0147874306839187, 0.011090573012939, 0.00924214417744917, 0.00924214417744917, 0.00739371534195933, 0.0055452865064695, 0.00369685767097967],
      "text": ["Category: Visualisation<br />Count: 256<br />Percent: 47.3", "Category: Clustering<br />Count: 148<br />Percent: 27.4", "Category: Dimensionality Reduction<br />Count: 137<br />Percent: 25.3", "Category: Normalisation<br />Count: 85<br />Percent: 15.7", "Category: Ordering<br />Count: 83<br />Percent: 15.3", "Category: Interactive<br />Count: 68<br />Percent: 12.6", "Category: Quality Control<br />Count: 68<br />Percent: 12.6", "Category: Differential Expression<br />Count: 67<br />Percent: 12.4", "Category: Gene Networks<br />Count: 61<br />Percent: 11.3", "Category: Integration<br />Count: 57<br />Percent: 10.5", "Category: Marker Genes<br />Count: 57<br />Percent: 10.5", "Category: Classification<br />Count: 48<br />Percent: 8.9", "Category: Simulation<br />Count: 45<br />Percent: 8.3", "Category: Imputation<br />Count: 43<br />Percent: 7.9", "Category: Variable Genes<br />Count: 42<br />Percent: 7.8", "Category: Gene Filtering<br />Count: 40<br />Percent: 7.4", "Category: Gene Sets<br />Count: 40<br />Percent: 7.4", "Category: Quantification<br />Count: 36<br />Percent: 6.7", "Category: UMIs<br />Count: 31<br />Percent: 5.7", "Category: Expression Patterns<br />Count: 30<br />Percent: 5.5", "Category: Alignment<br />Count: 22<br />Percent: 4.1", "Category: Variants<br />Count: 17<br />Percent: 3.1", "Category: Cell Cycle<br />Count: 15<br />Percent: 2.8", "Category: Alternative Splicing<br />Count: 11<br />Percent: 2", "Category: Immune<br />Count: 11<br />Percent: 2", "Category: Rare Cells<br />Count: 8<br />Percent: 1.5", "Category: Assembly<br />Count: 6<br />Percent: 1.1", "Category: Allele Specific<br />Count: 5<br />Percent: 0.9", "Category: Stem Cells<br />Count: 5<br />Percent: 0.9", "Category: Transformation<br />Count: 4<br />Percent: 0.7", "Category: Modality<br />Count: 3<br />Percent: 0.6", "Category: Haplotypes<br />Count: 2<br />Percent: 0.4"],
      "type": "bar",
      "marker": {
        "autocolorscale": false,
        "color": "rgba(122,82,199,1)",
        "line": {
          "width": 1.88976377952756,
          "color": "transparent"
        }
      },
      "showlegend": false,
      "xaxis": "x",
      "yaxis": "y",
      "hoverinfo": "text",
      "frame": null
    }
  ],
  "layout": {
    "margin": {
      "t": 50,
      "r": 30,
      "b": 50,
      "l": 70
    },
    "font": {
      "color": "rgba(0,0,0,1)",
      "family": "",
      "size": 18.5969281859693
    },
    "xaxis": {
      "domain": [0, 1],
      "automargin": true,
      "type": "linear",
      "autorange": false,
      "range": [0.4, 32.6],
      "tickmode": "array",
      "ticktext": ["Visualisation", "Clustering", "Dimensionality Reduction", "Normalisation", "Ordering", "Interactive", "Quality Control", "Differential Expression", "Gene Networks", "Integration", "Marker Genes", "Classification", "Simulation", "Imputation", "Variable Genes", "Gene Filtering", "Gene Sets", "Quantification", "UMIs", "Expression Patterns", "Alignment", "Variants", "Cell Cycle", "Alternative Splicing", "Immune", "Rare Cells", "Assembly", "Allele Specific", "Stem Cells", "Transformation", "Modality", "Haplotypes"],
      "tickvals": [1, 2, 3, 4, 5, 6, 7, 8, 9, 10, 11, 12, 13, 14, 15, 16, 17, 18, 19, 20, 21, 22, 23, 24, 25, 26, 27, 28, 29, 30, 31, 32],
      "categoryorder": "array",
      "categoryarray": ["Visualisation", "Clustering", "Dimensionality Reduction", "Normalisation", "Ordering", "Interactive", "Quality Control", "Differential Expression", "Gene Networks", "Integration", "Marker Genes", "Classification", "Simulation", "Imputation", "Variable Genes", "Gene Filtering", "Gene Sets", "Quantification", "UMIs", "Expression Patterns", "Alignment", "Variants", "Cell Cycle", "Alternative Splicing", "Immune", "Rare Cells", "Assembly", "Allele Specific", "Stem Cells", "Transformation", "Modality", "Haplotypes"],
      "nticks": null,
      "ticks": "outside",
      "tickcolor": "rgba(0,0,0,1)",
      "ticklen": 4.64923204649232,
      "tickwidth": 0.66417600664176,
      "showticklabels": true,
      "tickfont": {
        "color": "rgba(0,0,0,1)",
        "family": "",
        "size": 15.9402241594022
      },
      "tickangle": -60,
      "showline": true,
      "linecolor": "rgba(0,0,0,1)",
      "linewidth": 0.66417600664176,
      "showgrid": false,
      "gridcolor": null,
      "gridwidth": 0,
      "zeroline": false,
      "anchor": "y",
      "title": {
        "text": "",
        "font": {
          "color": null,
          "family": null,
          "size": 0
        }
      },
      "hoverformat": ".2f"
    },
    "yaxis": {
      "domain": [0, 1],
      "automargin": true,
      "type": "linear",
      "autorange": false,
      "range": [-0.0236598890942699, 0.496857670979667],
      "tickmode": "array",
      "ticktext": ["0.0%", "10.0%", "20.0%", "30.0%", "40.0%"],
      "tickvals": [0, 0.1, 0.2, 0.3, 0.4],
      "categoryorder": "array",
      "categoryarray": ["0.0%", "10.0%", "20.0%", "30.0%", "40.0%"],
      "nticks": null,
      "ticks": "outside",
      "tickcolor": "rgba(0,0,0,1)",
      "ticklen": 4.64923204649232,
      "tickwidth": 0.66417600664176,
      "showticklabels": true,
      "tickfont": {
        "color": "rgba(0,0,0,1)",
        "family": "",
        "size": 15.9402241594022
      },
      "tickangle": -0,
      "showline": true,
      "linecolor": "rgba(0,0,0,1)",
      "linewidth": 0.66417600664176,
      "showgrid": false,
      "gridcolor": null,
      "gridwidth": 0,
      "zeroline": false,
      "anchor": "x",
      "title": {
        "text": "Percentage of tools",
        "font": {
          "color": "rgba(0,0,0,1)",
          "family": "",
          "size": 18.5969281859693
        }
      },
      "hoverformat": ".2f"
    },
    "shapes": [
      {
        "type": "rect",
        "fillcolor": null,
        "line": {
          "color": null,
          "width": 0,
          "linetype": []
        },
        "yref": "paper",
        "xref": "paper",
        "x0": 0,
        "x1": 1,
        "y0": 0,
        "y1": 1
      }
    ],
    "showlegend": false,
    "legend": {
      "bgcolor": null,
      "bordercolor": null,
      "borderwidth": 0,
      "font": {
        "color": "rgba(0,0,0,1)",
        "family": "",
        "size": 15.9402241594022
      }
    },
    "hovermode": "closest",
    "height": 600,
    "barmode": "relative",
    "autosize": true
  },
  "config": {
    "doubleClick": "reset",
    "showSendToCloud": false,