{
  "data": [
    {
      "orientation": "v",
      "width": [0.95, 0.95, 0.95, 0.95, 0.949999999999999, 0.949999999999999, 0.949999999999999, 0.949999999999999, 0.949999999999999, 0.949999999999999, 0.949999999999999, 0.949999999999999, 0.949999999999999, 0.949999999999999, 0.949999999999999, 0.950000000000001, 0.950000000000003, 0.950000000000003, 0.950000000000003, 0.950000000000003, 0.950000000000003, 0.950000000000003, 0.950000000000003, 0.950000000000003, 0.950000000000003, 0.950000000000003, 0.950000000000003, 0.950000000000003, 0.950000000000003, 0.950000000000003, 0.950000000000003, 0.950000000000003],
      "base": [0, 0, 0, 0, 0, 0, 0, 0, 0, 0, 0, 0, 0, 0, 0, 0, 0, 0, 0, 0, 0, 0, 0, 0, 0, 0, 0, 0, 0, 0, 0, 0],
      "x": [1, 2, 3, 4, 5, 6, 7, 8, 9, 10, 11, 12, 13, 14, 15, 16, 17, 18, 19, 20, 21, 22, 23, 24, 25, 26, 27, 28, 29, 30, 31, 32],
      "y": [0.45, 0.263636363636364, 0.25, 0.137878787878788, 0.136363636363636, 0.122727272727273, 0.116666666666667, 0.112121212121212, 0.110606060606061, 0.110606060606061, 0.103030303030303, 0.101515151515152, 0.0878787878787879, 0.0772727272727273, 0.0727272727272727, 0.0666666666666667, 0.0651515151515152, 0.0590909090909091, 0.0515151515151515, 0.0484848484848485, 0.0378787878787879, 0.0363636363636364, 0.0257575757575758, 0.0196969696969697, 0.0181818181818182, 0.0136363636363636, 0.00909090909090909, 0.00909090909090909, 0.00757575757575758, 0.00606060606060606, 0.00606060606060606, 0.00303030303030303],
      "text": ["Category: Visualisation<br />Count: 297<br />Percent: 45", "Category: Clustering<br />Count: 174<br />Percent: 26.4", "Category: Dimensionality Reduction<br />Count: 165<br />Percent: 25", "Category: Ordering<br />Count: 91<br />Percent: 13.8", "Category: Normalisation<br />Count: 90<br />Percent: 13.6", "Category: Integration<br />Count: 81<br />Percent: 12.3", "Category: Differential Expression<br />Count: 77<br />Percent: 11.7", "Category: Quality Control<br />Count: 74<br />Percent: 11.2", "Category: Gene Networks<br />Count: 73<br />Percent: 11.1", "Category: Interactive<br />Count: 73<br />Percent: 11.1", "Category: Marker Genes<br />Count: 68<br />Percent: 10.3", "Category: Classification<br />Count: 67<br />Percent: 10.2", "Category: Imputation<br />Count: 58<br />Percent: 8.8", "Category: Simulation<br />Count: 51<br />Percent: 7.7", "Category: Gene Sets<br />Count: 48<br />Percent: 7.3", "Category: Variable Genes<br />Count: 44<br />Percent: 6.7", "Category: Gene Filtering<br />Count: 43<br />Percent: 6.5", "Category: Quantification<br />Count: 39<br />Percent: 5.9", "Category: UMIs<br />Count: 34<br />Percent: 5.2", "Category: Expression Patterns<br />Count: 32<br />Percent: 4.8", "Category: Variants<br />Count: 25<br />Percent: 3.8", "Category: Alignment<br />Count: 24<br />Percent: 3.6", "Category: Cell Cycle<br />Count: 17<br />Percent: 2.6", "Category: Immune<br />Count: 13<br />Percent: 2", "Category: Alternative Splicing<br />Count: 12<br />Percent: 1.8", "Category: Rare Cells<br />Count: 9<br />Percent: 1.4", "Category: Allele Specific<br />Count: 6<br />Percent: 0.9", "Category: Assembly<br />Count: 6<br />Percent: 0.9", "Category: Stem Cells<br />Count: 5<br />Percent: 0.8", "Category: Modality<br />Count: 4<br />Percent: 0.6", "Category: Transformation<br />Count: 4<br />Percent: 0.6", "Category: Haplotypes<br />Count: 2<br />Percent: 0.3"],
      "type": "bar",
      "marker": {
        "autocolorscale": false,
        "color": "rgba(122,82,199,1)",
        "line": {
          "width": 1.88976377952756,
          "color": "transparent"
        }
      },
      "showlegend": false,
      "xaxis": "x",
      "yaxis": "y",
      "hoverinfo": "text",
      "frame": null
    }
  ],
  "layout": {
    "margin": {
      "t": 50,
      "r": 30,
      "b": 50,
      "l": 70
    },
    "font": {
      "color": "rgba(0,0,0,1)",
      "family": "",
      "size": 18.5969281859693
    },
    "xaxis": {
      "domain": [0, 1],
      "automargin": true,
      "type": "linear",
      "autorange": false,
      "range": [0.4, 32.6],
      "tickmode": "array",
      "ticktext": ["Visualisation", "Clustering", "Dimensionality Reduction", "Ordering", "Normalisation", "Integration", "Differential Expression", "Quality Control", "Gene Networks", "Interactive", "Marker Genes", "Classification", "Imputation", "Simulation", "Gene Sets", "Variable Genes", "Gene Filtering", "Quantification", "UMIs", "Expression Patterns", "Variants", "Alignment", "Cell Cycle", "Immune", "Alternative Splicing", "Rare Cells", "Allele Specific", "Assembly", "Stem Cells", "Modality", "Transformation", "Haplotypes"],
      "tickvals": [1, 2, 3, 4, 5, 6, 7, 8, 9, 10, 11, 12, 13, 14, 15, 16, 17, 18, 19, 20, 21, 22, 23, 24, 25, 26, 27, 28, 29, 30, 31, 32],
      "categoryorder": "array",
      "categoryarray": ["Visualisation", "Clustering", "Dimensionality Reduction", "Ordering", "Normalisation", "Integration", "Differential Expression", "Quality Control", "Gene Networks", "Interactive", "Marker Genes", "Classification", "Imputation", "Simulation", "Gene Sets", "Variable Genes", "Gene Filtering", "Quantification", "UMIs", "Expression Patterns", "Variants", "Alignment", "Cell Cycle", "Immune", "Alternative Splicing", "Rare Cells", "Allele Specific", "Assembly", "Stem Cells", "Modality", "Transformation", "Haplotypes"],
      "nticks": null,
      "ticks": "outside",
      "tickcolor": "rgba(0,0,0,1)",
      "ticklen": 4.64923204649232,
      "tickwidth": 0.66417600664176,
      "showticklabels": true,
      "tickfont": {
        "color": "rgba(0,0,0,1)",
        "family": "",
        "size": 15.9402241594022
      },
      "tickangle": -60,
      "showline": true,
      "linecolor": "rgba(0,0,0,1)",
      "linewidth": 0.66417600664176,
      "showgrid": false,
      "gridcolor": null,
      "gridwidth": 0,
      "zeroline": false,
      "anchor": "y",
      "title": {
        "text": "",
        "font": {
          "color": null,
          "family": null,
          "size": 0
        }
      },
      "hoverformat": ".2f"
    },
    "yaxis": {
      "domain": [0, 1],
      "automargin": true,
      "type": "linear",
      "autorange": false,
      "range": [-0.0225, 0.4725],
      "tickmode": "array",
      "ticktext": ["0.0%", "10.0%", "20.0%", "30.0%", "40.0%"],
      "tickvals": [0, 0.1, 0.2, 0.3, 0.4],
      "categoryorder": "array",
      "categoryarray": ["0.0%", "10.0%", "20.0%", "30.0%", "40.0%"],
      "nticks": null,
      "ticks": "outside",
      "tickcolor": "rgba(0,0,0,1)",
      "ticklen": 4.64923204649232,
      "tickwidth": 0.66417600664176,
      "showticklabels": true,
      "tickfont": {
        "color": "rgba(0,0,0,1)",
        "family": "",
        "size": 15.9402241594022
      },
      "tickangle": -0,
      "showline": true,
      "linecolor": "rgba(0,0,0,1)",
      "linewidth": 0.66417600664176,
      "showgrid": false,
      "gridcolor": null,
      "gridwidth": 0,
      "zeroline": false,
      "anchor": "x",
      "title": {
        "text": "Percentage of tools",
        "font": {
          "color": "rgba(0,0,0,1)",
          "family": "",
          "size": 18.5969281859693
        }
      },
      "hoverformat": ".2f"
    },
    "shapes": [
      {
        "type": "rect",
        "fillcolor": null,
        "line": {
          "color": null,
          "width": 0,
          "linetype": []
        },
        "yref": "paper",
        "xref": "paper",
        "x0": 0,
        "x1": 1,
        "y0": 0,
        "y1": 1
      }
    ],
    "showlegend": false,
    "legend": {
      "bgcolor": null,
      "bordercolor": null,
      "borderwidth": 0,
      "font": {
        "color": "rgba(0,0,0,1)",
        "family": "",
        "size": 15.9402241594022
      }
    },
    "hovermode": "closest",
    "height": 600,
    "barmode": "relative",
    "autosize": true
  },
  "config": {
    "doubleClick": "reset",
    "showSendToCloud": false,
    "responsive": true
  },
  "source": "A",