{
  "data": [
    {
      "orientation": "v",
      "width": [0.95, 0.95, 0.95, 0.95, 0.949999999999999, 0.949999999999999, 0.949999999999999, 0.949999999999999, 0.949999999999999, 0.949999999999999, 0.949999999999999, 0.949999999999999, 0.949999999999999, 0.949999999999999, 0.949999999999999, 0.950000000000001, 0.950000000000003, 0.950000000000003, 0.950000000000003, 0.950000000000003, 0.950000000000003, 0.950000000000003, 0.950000000000003, 0.950000000000003, 0.950000000000003, 0.950000000000003, 0.950000000000003, 0.950000000000003, 0.950000000000003, 0.950000000000003, 0.950000000000003, 0.950000000000003, 0.950000000000003],
      "base": [0, 0, 0, 0, 0, 0, 0, 0, 0, 0, 0, 0, 0, 0, 0, 0, 0, 0, 0, 0, 0, 0, 0, 0, 0, 0, 0, 0, 0, 0, 0, 0, 0],
      "x": [1, 2, 3, 4, 5, 6, 7, 8, 9, 10, 11, 12, 13, 14, 15, 16, 17, 18, 19, 20, 21, 22, 23, 24, 25, 26, 27, 28, 29, 30, 31, 32, 33],
      "y": [0.411273486430063, 0.240083507306889, 0.237995824634656, 0.149617258176757, 0.128044537230341, 0.116214335421016, 0.114126652748782, 0.101600556715379, 0.0981210855949896, 0.0974251913709116, 0.0835073068893528, 0.0709812108559499, 0.0681976339596381, 0.0647181628392484, 0.0633263743910926, 0.0598469032707029, 0.058455114822547, 0.0452331245650661, 0.0431454418928323, 0.0368823938761308, 0.0368823938761308, 0.0320111343075852, 0.0264439805149617, 0.0257480862908838, 0.0208768267223382, 0.0201809324982603, 0.0132219902574809, 0.0069589422407794, 0.00626304801670146, 0.00556715379262352, 0.00487125956854558, 0.00487125956854558, 0.00139178844815588],
      "text": ["Category: Visualisation<br />Prop: 0.411273486<br />Count: 591<br />Percent: 41.1", "Category: Dimensionality Reduction<br />Prop: 0.240083507<br />Count: 345<br />Percent: 24", "Category: Clustering<br />Prop: 0.237995825<br />Count: 342<br />Percent: 23.8", "Category: Integration<br />Prop: 0.149617258<br />Count: 215<br />Percent: 15", "Category: Gene Networks<br />Prop: 0.128044537<br />Count: 184<br />Percent: 12.8", "Category: Classification<br />Prop: 0.116214335<br />Count: 167<br />Percent: 11.6", "Category: Ordering<br />Prop: 0.114126653<br />Count: 164<br />Percent: 11.4", "Category: Quality Control<br />Prop: 0.101600557<br />Count: 146<br />Percent: 10.2", "Category: Differential Expression<br />Prop: 0.098121086<br />Count: 141<br />Percent: 9.8", "Category: Normalisation<br />Prop: 0.097425191<br />Count: 140<br />Percent: 9.7", "Category: Marker Genes<br />Prop: 0.083507307<br />Count: 120<br />Percent: 8.4", "Category: Gene Sets<br />Prop: 0.070981211<br />Count: 102<br />Percent: 7.1", "Category: Interactive<br />Prop: 0.068197634<br />Count: 98<br />Percent: 6.8", "Category: Imputation<br />Prop: 0.064718163<br />Count: 93<br />Percent: 6.5", "Category: Quantification<br />Prop: 0.063326374<br />Count: 91<br />Percent: 6.3", "Category: Simulation<br />Prop: 0.059846903<br />Count: 86<br />Percent: 6", "Category: Variable Genes<br />Prop: 0.058455115<br />Count: 84<br />Percent: 5.8", "Category: Variants<br />Prop: 0.045233125<br />Count: 65<br />Percent: 4.5", "Category: Gene Filtering<br />Prop: 0.043145442<br />Count: 62<br />Percent: 4.3", "Category: Alignment<br />Prop: 0.036882394<br />Count: 53<br />Percent: 3.7", "Category: UMIs<br />Prop: 0.036882394<br />Count: 53<br />Percent: 3.7", "Category: Expression Patterns<br />Prop: 0.032011134<br />Count: 46<br />Percent: 3.2", "Category: Alternative Splicing<br />Prop: 0.026443981<br />Count: 38<br />Percent: 2.6", "Category: Immune<br />Prop: 0.025748086<br />Count: 37<br />Percent: 2.6", "Category: Perturbations<br />Prop: 0.020876827<br />Count: 30<br />Percent: 2.1", "Category: Cell Cycle<br />Prop: 0.020180932<br />Count: 29<br />Percent: 2", "Category: Rare Cells<br />Prop: 0.013221990<br />Count: 19<br />Percent: 1.3", "Category: Assembly<br />Prop: 0.006958942<br />Count: 10<br />Percent: 0.7", "Category: Transformation<br />Prop: 0.006263048<br />Count: 9<br />Percent: 0.6", "Category: Stem Cells<br />Prop: 0.005567154<br />Count: 8<br />Percent: 0.6", "Category: Allele Specific<br />Prop: 0.004871260<br />Count: 7<br />Percent: 0.5", "Category: Modality<br />Prop: 0.004871260<br />Count: 7<br />Percent: 0.5", "Category: Haplotypes<br />Prop: 0.001391788<br />Count: 2<br />Percent: 0.1"],
      "type": "bar",
      "textposition": "none",
      "marker": {
        "autocolorscale": false,
        "color": "rgba(122,82,199,1)",
        "line": {
          "width": 1.88976377952756,
          "color": "transparent"
        }
      },
      "showlegend": false,
      "xaxis": "x",
      "yaxis": "y",
      "hoverinfo": "text",
      "frame": null
    }
  ],
  "layout": {
    "margin": {
      "t": 0,
      "r": 10,
      "b": 0,
      "l": 55
    },
    "font": {
      "color": "rgba(0,0,0,1)",
      "family": "",
      "size": 18.5969281859693
    },
    "xaxis": {
      "domain": [0, 1],
      "automargin": true,
      "type": "linear",
      "autorange": false,
      "range": [0.4, 33.6],
      "tickmode": "array",
      "ticktext": ["Visualisation", "Dimensionality Reduction", "Clustering", "Integration", "Gene Networks", "Classification", "Ordering", "Quality Control", "Differential Expression", "Normalisation", "Marker Genes", "Gene Sets", "Interactive", "Imputation", "Quantification", "Simulation", "Variable Genes", "Variants", "Gene Filtering", "Alignment", "UMIs", "Expression Patterns", "Alternative Splicing", "Immune", "Perturbations", "Cell Cycle", "Rare Cells", "Assembly", "Transformation", "Stem Cells", "Allele Specific", "Modality", "Haplotypes"],
      "tickvals": [1, 2, 3, 4, 5, 6, 7, 8, 9, 10, 11, 12, 13, 14, 15, 16, 17, 18, 19, 20, 21, 22, 23, 24, 25, 26, 27, 28, 29, 30, 31, 32, 33],
      "categoryorder": "array",
      "categoryarray": ["Visualisation", "Dimensionality Reduction", "Clustering", "Integration", "Gene Networks", "Classification", "Ordering", "Quality Control", "Differential Expression", "Normalisation", "Marker Genes", "Gene Sets", "Interactive", "Imputation", "Quantification", "Simulation", "Variable Genes", "Variants", "Gene Filtering", "Alignment", "UMIs", "Expression Patterns", "Alternative Splicing", "Immune", "Perturbations", "Cell Cycle", "Rare Cells", "Assembly", "Transformation", "Stem Cells", "Allele Specific", "Modality", "Haplotypes"],
      "nticks": null,
      "ticks": "outside",
      "tickcolor": "rgba(0,0,0,1)",
      "ticklen": 4.64923204649232,
      "tickwidth": 0.66417600664176,
      "showticklabels": true,
      "tickfont": {
        "color": "rgba(0,0,0,1)",
        "family": "",
        "size": 7
      },
      "tickangle": -60,
      "showline": true,
      "linecolor": "rgba(0,0,0,1)",
      "linewidth": 0.66417600664176,
      "showgrid": false,
      "gridcolor": null,
      "gridwidth": 0,
      "zeroline": false,
      "anchor": "y",
      "title": {
        "text": "",
        "font": {
          "color": null,
          "family": null,
          "size": 9
        }
      },
      "hoverformat": ".2f",
      "fixedrange": true
    },
    "yaxis": {
      "domain": [0, 1],
      "automargin": true,
      "type": "linear",
      "autorange": false,
      "range": [-0.0205636743215031, 0.431837160751566],
      "tickmode": "array",
      "ticktext": ["0%", "10%", "20%", "30%", "40%"],
      "tickvals": [0, 0.1, 0.2, 0.3, 0.4],
      "categoryorder": "array",
      "categoryarray": ["0%", "10%", "20%", "30%", "40%"],
      "nticks": null,
      "ticks": "outside",
      "tickcolor": "rgba(0,0,0,1)",
      "ticklen": 4.64923204649232,
      "tickwidth": 0.66417600664176,
      "showticklabels": true,
      "tickfont": {
        "color": "rgba(0,0,0,1)",
        "family": "",
        "size": 7
      },
      "tickangle": -0,
      "showline": true,
      "linecolor": "rgba(0,0,0,1)",
      "linewidth": 0.66417600664176,
      "showgrid": false,
      "gridcolor": null,
      "gridwidth": 0,
      "zeroline": false,
      "anchor": "x",