{
  "data": [
    {
      "orientation": "v",
      "width": [0.95, 0.95, 0.95, 0.95, 0.949999999999999, 0.949999999999999, 0.949999999999999, 0.949999999999999, 0.949999999999999, 0.949999999999999, 0.949999999999999, 0.949999999999999, 0.949999999999999, 0.949999999999999, 0.949999999999999, 0.950000000000001, 0.950000000000003, 0.950000000000003, 0.950000000000003, 0.950000000000003, 0.950000000000003, 0.950000000000003, 0.950000000000003, 0.950000000000003, 0.950000000000003, 0.950000000000003, 0.950000000000003, 0.950000000000003, 0.950000000000003, 0.950000000000003, 0.950000000000003, 0.950000000000003, 0.950000000000003],
      "base": [0, 0, 0, 0, 0, 0, 0, 0, 0, 0, 0, 0, 0, 0, 0, 0, 0, 0, 0, 0, 0, 0, 0, 0, 0, 0, 0, 0, 0, 0, 0, 0, 0],
      "x": [1, 2, 3, 4, 5, 6, 7, 8, 9, 10, 11, 12, 13, 14, 15, 16, 17, 18, 19, 20, 21, 22, 23, 24, 25, 26, 27, 28, 29, 30, 31, 32, 33],
      "y": [0.430274135876043, 0.250297973778308, 0.250297973778308, 0.132300357568534, 0.128724672228844, 0.116805721096544, 0.112038140643623, 0.110846245530393, 0.108462455303933, 0.106078665077473, 0.0941597139451728, 0.0941597139451728, 0.0786650774731824, 0.0727056019070322, 0.0703218116805721, 0.0631704410011919, 0.0584028605482718, 0.0548271752085816, 0.0452920143027414, 0.0417163289630513, 0.0393325387365912, 0.034564958283671, 0.0214541120381406, 0.0190703218116806, 0.0190703218116806, 0.0131108462455304, 0.0119189511323004, 0.00834326579261025, 0.00715137067938021, 0.00715137067938021, 0.00595947556615018, 0.00476758045292014, 0.00238379022646007],
      "text": ["Category: Visualisation<br />Prop: 0.430274136<br />Count: 361<br />Percent: 43", "Category: Clustering<br />Prop: 0.250297974<br />Count: 210<br />Percent: 25", "Category: Dimensionality Reduction<br />Prop: 0.250297974<br />Count: 210<br />Percent: 25", "Category: Integration<br />Prop: 0.132300358<br />Count: 111<br />Percent: 13.2", "Category: Ordering<br />Prop: 0.128724672<br />Count: 108<br />Percent: 12.9", "Category: Normalisation<br />Prop: 0.116805721<br />Count: 98<br />Percent: 11.7", "Category: Differential Expression<br />Prop: 0.112038141<br />Count: 94<br />Percent: 11.2", "Category: Classification<br />Prop: 0.110846246<br />Count: 93<br />Percent: 11.1", "Category: Gene Networks<br />Prop: 0.108462455<br />Count: 91<br />Percent: 10.8", "Category: Quality Control<br />Prop: 0.106078665<br />Count: 89<br />Percent: 10.6", "Category: Interactive<br />Prop: 0.094159714<br />Count: 79<br />Percent: 9.4", "Category: Marker Genes<br />Prop: 0.094159714<br />Count: 79<br />Percent: 9.4", "Category: Imputation<br />Prop: 0.078665077<br />Count: 66<br />Percent: 7.9", "Category: Gene Sets<br />Prop: 0.072705602<br />Count: 61<br />Percent: 7.3", "Category: Simulation<br />Prop: 0.070321812<br />Count: 59<br />Percent: 7", "Category: Variable Genes<br />Prop: 0.063170441<br />Count: 53<br />Percent: 6.3", "Category: Gene Filtering<br />Prop: 0.058402861<br />Count: 49<br />Percent: 5.8", "Category: Quantification<br />Prop: 0.054827175<br />Count: 46<br />Percent: 5.5", "Category: UMIs<br />Prop: 0.045292014<br />Count: 38<br />Percent: 4.5", "Category: Expression Patterns<br />Prop: 0.041716329<br />Count: 35<br />Percent: 4.2", "Category: Variants<br />Prop: 0.039332539<br />Count: 33<br />Percent: 3.9", "Category: Alignment<br />Prop: 0.034564958<br />Count: 29<br />Percent: 3.5", "Category: Cell Cycle<br />Prop: 0.021454112<br />Count: 18<br />Percent: 2.1", "Category: Alternative Splicing<br />Prop: 0.019070322<br />Count: 16<br />Percent: 1.9", "Category: Immune<br />Prop: 0.019070322<br />Count: 16<br />Percent: 1.9", "Category: Perturbations<br />Prop: 0.013110846<br />Count: 11<br />Percent: 1.3", "Category: Rare Cells<br />Prop: 0.011918951<br />Count: 10<br />Percent: 1.2", "Category: Assembly<br />Prop: 0.008343266<br />Count: 7<br />Percent: 0.8", "Category: Allele Specific<br />Prop: 0.007151371<br />Count: 6<br />Percent: 0.7", "Category: Stem Cells<br />Prop: 0.007151371<br />Count: 6<br />Percent: 0.7", "Category: Modality<br />Prop: 0.005959476<br />Count: 5<br />Percent: 0.6", "Category: Transformation<br />Prop: 0.004767580<br />Count: 4<br />Percent: 0.5", "Category: Haplotypes<br />Prop: 0.002383790<br />Count: 2<br />Percent: 0.2"],
      "type": "bar",
      "marker": {
        "autocolorscale": false,
        "color": "rgba(122,82,199,1)",
        "line": {
          "width": 1.88976377952756,
          "color": "transparent"
        }
      },
      "showlegend": false,
      "xaxis": "x",
      "yaxis": "y",
      "hoverinfo": "text",
      "frame": null
    }
  ],
  "layout": {
    "margin": {
      "t": 0,
      "r": 10,
      "b": 0,
      "l": 55
    },
    "font": {
      "color": "rgba(0,0,0,1)",
      "family": "",
      "size": 18.5969281859693
    },
    "xaxis": {
      "domain": [0, 1],
      "automargin": true,
      "type": "linear",
      "autorange": false,
      "range": [0.4, 33.6],
      "tickmode": "array",
      "ticktext": ["Visualisation", "Clustering", "Dimensionality Reduction", "Integration", "Ordering", "Normalisation", "Differential Expression", "Classification", "Gene Networks", "Quality Control", "Interactive", "Marker Genes", "Imputation", "Gene Sets", "Simulation", "Variable Genes", "Gene Filtering", "Quantification", "UMIs", "Expression Patterns", "Variants", "Alignment", "Cell Cycle", "Alternative Splicing", "Immune", "Perturbations", "Rare Cells", "Assembly", "Allele Specific", "Stem Cells", "Modality", "Transformation", "Haplotypes"],
      "tickvals": [1, 2, 3, 4, 5, 6, 7, 8, 9, 10, 11, 12, 13, 14, 15, 16, 17, 18, 19, 20, 21, 22, 23, 24, 25, 26, 27, 28, 29, 30, 31, 32, 33],
      "categoryorder": "array",
      "categoryarray": ["Visualisation", "Clustering", "Dimensionality Reduction", "Integration", "Ordering", "Normalisation", "Differential Expression", "Classification", "Gene Networks", "Quality Control", "Interactive", "Marker Genes", "Imputation", "Gene Sets", "Simulation", "Variable Genes", "Gene Filtering", "Quantification", "UMIs", "Expression Patterns", "Variants", "Alignment", "Cell Cycle", "Alternative Splicing", "Immune", "Perturbations", "Rare Cells", "Assembly", "Allele Specific", "Stem Cells", "Modality", "Transformation", "Haplotypes"],
      "nticks": null,
      "ticks": "outside",
      "tickcolor": "rgba(0,0,0,1)",
      "ticklen": 4.64923204649232,
      "tickwidth": 0.66417600664176,
      "showticklabels": true,
      "tickfont": {
        "color": "rgba(0,0,0,1)",
        "family": "",
        "size": 7
      },
      "tickangle": -60,
      "showline": true,
      "linecolor": "rgba(0,0,0,1)",
      "linewidth": 0.66417600664176,
      "showgrid": false,
      "gridcolor": null,
      "gridwidth": 0,
      "zeroline": false,
      "anchor": "y",
      "title": {
        "text": "",
        "font": {
          "color": null,
          "family": null,
          "size": 9
        }
      },
      "hoverformat": ".2f",
      "fixedrange": true
    },
    "yaxis": {
      "domain": [0, 1],
      "automargin": true,
      "type": "linear",
      "autorange": false,
      "range": [-0.0215137067938021, 0.451787842669845],
      "tickmode": "array",
      "ticktext": ["0.0%", "10.0%", "20.0%", "30.0%", "40.0%"],
      "tickvals": [0, 0.1, 0.2, 0.3, 0.4],
      "categoryorder": "array",
      "categoryarray": ["0.0%", "10.0%", "20.0%", "30.0%", "40.0%"],
      "nticks": null,
      "ticks": "outside",
      "tickcolor": "rgba(0,0,0,1)",
      "ticklen": 4.64923204649232,
      "tickwidth": 0.66417600664176,
      "showticklabels": true,
      "tickfont": {
        "color": "rgba(0,0,0,1)",
        "family": "",
        "size": 7
      },
      "tickangle": -0,
      "showline": true,
      "linecolor": "rgba(0,0,0,1)",
      "linewidth": 0.66417600664176,
      "showgrid": false,
      "gridcolor": null,
      "gridwidth": 0,
      "zeroline": false,
      "anchor": "x",