{
  "data": [
    {
      "orientation": "v",
      "width": [0.95, 0.95, 0.95, 0.95, 0.949999999999999, 0.949999999999999, 0.949999999999999, 0.949999999999999, 0.949999999999999, 0.949999999999999, 0.949999999999999, 0.949999999999999, 0.949999999999999, 0.949999999999999, 0.949999999999999, 0.950000000000001, 0.950000000000003, 0.950000000000003, 0.950000000000003, 0.950000000000003, 0.950000000000003, 0.950000000000003, 0.950000000000003, 0.950000000000003, 0.950000000000003, 0.950000000000003, 0.950000000000003, 0.950000000000003, 0.950000000000003, 0.950000000000003, 0.950000000000003, 0.950000000000003],
      "base": [0, 0, 0, 0, 0, 0, 0, 0, 0, 0, 0, 0, 0, 0, 0, 0, 0, 0, 0, 0, 0, 0, 0, 0, 0, 0, 0, 0, 0, 0, 0, 0],
      "x": [1, 2, 3, 4, 5, 6, 7, 8, 9, 10, 11, 12, 13, 14, 15, 16, 17, 18, 19, 20, 21, 22, 23, 24, 25, 26, 27, 28, 29, 30, 31, 32],
      "y": [0.463327370304114, 0.26654740608229, 0.254025044722719, 0.153846153846154, 0.150268336314848, 0.121645796064401, 0.121645796064401, 0.119856887298748, 0.10912343470483, 0.107334525939177, 0.103756708407871, 0.0894454382826476, 0.0822898032200358, 0.0787119856887299, 0.0769230769230769, 0.073345259391771, 0.0715563506261181, 0.0644007155635063, 0.0554561717352415, 0.0536672629695885, 0.0393559928443649, 0.0393559928443649, 0.0268336314847943, 0.0196779964221825, 0.0196779964221825, 0.0143112701252236, 0.0107334525939177, 0.00894454382826476, 0.00894454382826476, 0.00715563506261181, 0.00715563506261181, 0.0035778175313059],
      "text": ["Category: Visualisation<br />Prop: 0.463327370<br />Count: 259<br />Percent: 46.3", "Category: Clustering<br />Prop: 0.266547406<br />Count: 149<br />Percent: 26.7", "Category: Dimensionality Reduction<br />Prop: 0.254025045<br />Count: 142<br />Percent: 25.4", "Category: Normalisation<br />Prop: 0.153846154<br />Count: 86<br />Percent: 15.4", "Category: Ordering<br />Prop: 0.150268336<br />Count: 84<br />Percent: 15", "Category: Interactive<br />Prop: 0.121645796<br />Count: 68<br />Percent: 12.2", "Category: Quality Control<br />Prop: 0.121645796<br />Count: 68<br />Percent: 12.2", "Category: Differential Expression<br />Prop: 0.119856887<br />Count: 67<br />Percent: 12", "Category: Gene Networks<br />Prop: 0.109123435<br />Count: 61<br />Percent: 10.9", "Category: Integration<br />Prop: 0.107334526<br />Count: 60<br />Percent: 10.7", "Category: Marker Genes<br />Prop: 0.103756708<br />Count: 58<br />Percent: 10.4", "Category: Classification<br />Prop: 0.089445438<br />Count: 50<br />Percent: 8.9", "Category: Simulation<br />Prop: 0.082289803<br />Count: 46<br />Percent: 8.2", "Category: Imputation<br />Prop: 0.078711986<br />Count: 44<br />Percent: 7.9", "Category: Variable Genes<br />Prop: 0.076923077<br />Count: 43<br />Percent: 7.7", "Category: Gene Sets<br />Prop: 0.073345259<br />Count: 41<br />Percent: 7.3", "Category: Gene Filtering<br />Prop: 0.071556351<br />Count: 40<br />Percent: 7.2", "Category: Quantification<br />Prop: 0.064400716<br />Count: 36<br />Percent: 6.4", "Category: UMIs<br />Prop: 0.055456172<br />Count: 31<br />Percent: 5.5", "Category: Expression Patterns<br />Prop: 0.053667263<br />Count: 30<br />Percent: 5.4", "Category: Alignment<br />Prop: 0.039355993<br />Count: 22<br />Percent: 3.9", "Category: Variants<br />Prop: 0.039355993<br />Count: 22<br />Percent: 3.9", "Category: Cell Cycle<br />Prop: 0.026833631<br />Count: 15<br />Percent: 2.7", "Category: Alternative Splicing<br />Prop: 0.019677996<br />Count: 11<br />Percent: 2", "Category: Immune<br />Prop: 0.019677996<br />Count: 11<br />Percent: 2", "Category: Rare Cells<br />Prop: 0.014311270<br />Count: 8<br />Percent: 1.4", "Category: Assembly<br />Prop: 0.010733453<br />Count: 6<br />Percent: 1.1", "Category: Allele Specific<br />Prop: 0.008944544<br />Count: 5<br />Percent: 0.9", "Category: Stem Cells<br />Prop: 0.008944544<br />Count: 5<br />Percent: 0.9", "Category: Modality<br />Prop: 0.007155635<br />Count: 4<br />Percent: 0.7", "Category: Transformation<br />Prop: 0.007155635<br />Count: 4<br />Percent: 0.7", "Category: Haplotypes<br />Prop: 0.003577818<br />Count: 2<br />Percent: 0.4"],
      "type": "bar",
      "marker": {
        "autocolorscale": false,
        "color": "rgba(122,82,199,1)",
        "line": {
          "width": 1.88976377952756,
          "color": "transparent"
        }
      },
      "showlegend": false,
      "xaxis": "x",
      "yaxis": "y",
      "hoverinfo": "text",
      "frame": null
    }
  ],
  "layout": {
    "margin": {
      "t": 0,
      "r": 10,
      "b": 0,
      "l": 55
    },
    "font": {
      "color": "rgba(0,0,0,1)",
      "family": "",
      "size": 18.5969281859693
    },
    "xaxis": {
      "domain": [0, 1],
      "automargin": true,
      "type": "linear",
      "autorange": false,
      "range": [0.4, 32.6],
      "tickmode": "array",
      "ticktext": ["Visualisation", "Clustering", "Dimensionality Reduction", "Normalisation", "Ordering", "Interactive", "Quality Control", "Differential Expression", "Gene Networks", "Integration", "Marker Genes", "Classification", "Simulation", "Imputation", "Variable Genes", "Gene Sets", "Gene Filtering", "Quantification", "UMIs", "Expression Patterns", "Alignment", "Variants", "Cell Cycle", "Alternative Splicing", "Immune", "Rare Cells", "Assembly", "Allele Specific", "Stem Cells", "Modality", "Transformation", "Haplotypes"],
      "tickvals": [1, 2, 3, 4, 5, 6, 7, 8, 9, 10, 11, 12, 13, 14, 15, 16, 17, 18, 19, 20, 21, 22, 23, 24, 25, 26, 27, 28, 29, 30, 31, 32],
      "categoryorder": "array",
      "categoryarray": ["Visualisation", "Clustering", "Dimensionality Reduction", "Normalisation", "Ordering", "Interactive", "Quality Control", "Differential Expression", "Gene Networks", "Integration", "Marker Genes", "Classification", "Simulation", "Imputation", "Variable Genes", "Gene Sets", "Gene Filtering", "Quantification", "UMIs", "Expression Patterns", "Alignment", "Variants", "Cell Cycle", "Alternative Splicing", "Immune", "Rare Cells", "Assembly", "Allele Specific", "Stem Cells", "Modality", "Transformation", "Haplotypes"],
      "nticks": null,
      "ticks": "outside",
      "tickcolor": "rgba(0,0,0,1)",
      "ticklen": 4.64923204649232,
      "tickwidth": 0.66417600664176,
      "showticklabels": true,
      "tickfont": {
        "color": "rgba(0,0,0,1)",
        "family": "",
        "size": 7
      },
      "tickangle": -60,
      "showline": true,
      "linecolor": "rgba(0,0,0,1)",
      "linewidth": 0.66417600664176,
      "showgrid": false,
      "gridcolor": null,
      "gridwidth": 0,
      "zeroline": false,
      "anchor": "y",
      "title": {
        "text": "",
        "font": {
          "color": null,
          "family": null,
          "size": 9
        }
      },
      "hoverformat": ".2f",
      "fixedrange": true
    },
    "yaxis": {
      "domain": [0, 1],
      "automargin": true,
      "type": "linear",
      "autorange": false,
      "range": [-0.0231663685152057, 0.48649373881932],
      "tickmode": "array",
      "ticktext": ["0.0%", "10.0%", "20.0%", "30.0%", "40.0%"],
      "tickvals": [0, 0.1, 0.2, 0.3, 0.4],
      "categoryorder": "array",
      "categoryarray": ["0.0%", "10.0%", "20.0%", "30.0%", "40.0%"],
      "nticks": null,
      "ticks": "outside",
      "tickcolor": "rgba(0,0,0,1)",
      "ticklen": 4.64923204649232,
      "tickwidth": 0.66417600664176,
      "showticklabels": true,
      "tickfont": {
        "color": "rgba(0,0,0,1)",
        "family": "",
        "size": 7
      },
      "tickangle": -0,
      "showline": true,
      "linecolor": "rgba(0,0,0,1)",
      "linewidth": 0.66417600664176,
      "showgrid": false,
      "gridcolor": null,
      "gridwidth": 0,
      "zeroline": false,
      "anchor": "x",
      "title": {
        "text": "Percentage of tools",
        "font": {
          "color": "rgba(0,0,0,1)",
          "family": "",
          "size": 9
        }
      },
      "hoverformat": ".2f",