{
  "data": [
    {
      "orientation": "v",
      "width": [0.95, 0.95, 0.95, 0.95, 0.949999999999999, 0.949999999999999, 0.949999999999999, 0.949999999999999, 0.949999999999999, 0.949999999999999, 0.949999999999999, 0.949999999999999, 0.949999999999999, 0.949999999999999, 0.949999999999999, 0.950000000000001, 0.950000000000003, 0.950000000000003, 0.950000000000003, 0.950000000000003, 0.950000000000003, 0.950000000000003, 0.950000000000003, 0.950000000000003, 0.950000000000003, 0.950000000000003, 0.950000000000003, 0.950000000000003, 0.950000000000003, 0.950000000000003, 0.950000000000003, 0.950000000000003, 0.950000000000003],
      "base": [0, 0, 0, 0, 0, 0, 0, 0, 0, 0, 0, 0, 0, 0, 0, 0, 0, 0, 0, 0, 0, 0, 0, 0, 0, 0, 0, 0, 0, 0, 0, 0, 0],
      "x": [1, 2, 3, 4, 5, 6, 7, 8, 9, 10, 11, 12, 13, 14, 15, 16, 17, 18, 19, 20, 21, 22, 23, 24, 25, 26, 27, 28, 29, 30, 31, 32, 33],
      "y": [0.41066417212348, 0.253507951356408, 0.249766136576239, 0.137511693171188, 0.12067352666043, 0.117867165575304, 0.112254443405051, 0.109448082319925, 0.103835360149673, 0.0991580916744621, 0.0841908325537886, 0.0832553788587465, 0.0701590271281572, 0.068288119738073, 0.068288119738073, 0.058933582787652, 0.0570626753975678, 0.0505144995322732, 0.039289055191768, 0.0383536014967259, 0.0364826941066417, 0.0355472404115996, 0.0252572497661366, 0.0233863423760524, 0.0187090739008419, 0.0149672591206735, 0.0130963517305893, 0.00748362956033676, 0.00654817586529467, 0.00561272217025257, 0.00561272217025257, 0.00561272217025257, 0.00187090739008419],
      "text": ["Category: Visualisation<br />Count: 439<br />Percent: 41.1", "Category: Clustering<br />Count: 271<br />Percent: 25.4", "Category: Dimensionality Reduction<br />Count: 267<br />Percent: 25", "Category: Integration<br />Count: 147<br />Percent: 13.8", "Category: Ordering<br />Count: 129<br />Percent: 12.1", "Category: Gene Networks<br />Count: 126<br />Percent: 11.8", "Category: Differential Expression<br />Count: 120<br />Percent: 11.2", "Category: Classification<br />Count: 117<br />Percent: 10.9", "Category: Normalisation<br />Count: 111<br />Percent: 10.4", "Category: Quality Control<br />Count: 106<br />Percent: 9.9", "Category: Marker Genes<br />Count: 90<br />Percent: 8.4", "Category: Interactive<br />Count: 89<br />Percent: 8.3", "Category: Imputation<br />Count: 75<br />Percent: 7", "Category: Gene Sets<br />Count: 73<br />Percent: 6.8", "Category: Simulation<br />Count: 73<br />Percent: 6.8", "Category: Variable Genes<br />Count: 63<br />Percent: 5.9", "Category: Quantification<br />Count: 61<br />Percent: 5.7", "Category: Gene Filtering<br />Count: 54<br />Percent: 5.1", "Category: Variants<br />Count: 42<br />Percent: 3.9", "Category: UMIs<br />Count: 41<br />Percent: 3.8", "Category: Expression Patterns<br />Count: 39<br />Percent: 3.6", "Category: Alignment<br />Count: 38<br />Percent: 3.6", "Category: Alternative Splicing<br />Count: 27<br />Percent: 2.5", "Category: Cell Cycle<br />Count: 25<br />Percent: 2.3", "Category: Immune<br />Count: 20<br />Percent: 1.9", "Category: Perturbations<br />Count: 16<br />Percent: 1.5", "Category: Rare Cells<br />Count: 14<br />Percent: 1.3", "Category: Assembly<br />Count: 8<br />Percent: 0.7", "Category: Modality<br />Count: 7<br />Percent: 0.7", "Category: Allele Specific<br />Count: 6<br />Percent: 0.6", "Category: Stem Cells<br />Count: 6<br />Percent: 0.6", "Category: Transformation<br />Count: 6<br />Percent: 0.6", "Category: Haplotypes<br />Count: 2<br />Percent: 0.2"],
      "type": "bar",
      "marker": {
        "autocolorscale": false,
        "color": "rgba(122,82,199,1)",
        "line": {
          "width": 1.88976377952756,
          "color": "transparent"
        }
      },
      "showlegend": false,
      "xaxis": "x",
      "yaxis": "y",
      "hoverinfo": "text",
      "frame": null
    }
  ],
  "layout": {
    "margin": {
      "t": 50,
      "r": 30,
      "b": 50,
      "l": 70
    },
    "font": {
      "color": "rgba(0,0,0,1)",
      "family": "",
      "size": 18.5969281859693
    },
    "xaxis": {
      "domain": [0, 1],
      "automargin": true,
      "type": "linear",
      "autorange": false,
      "range": [0.4, 33.6],
      "tickmode": "array",
      "ticktext": ["Visualisation", "Clustering", "Dimensionality Reduction", "Integration", "Ordering", "Gene Networks", "Differential Expression", "Classification", "Normalisation", "Quality Control", "Marker Genes", "Interactive", "Imputation", "Gene Sets", "Simulation", "Variable Genes", "Quantification", "Gene Filtering", "Variants", "UMIs", "Expression Patterns", "Alignment", "Alternative Splicing", "Cell Cycle", "Immune", "Perturbations", "Rare Cells", "Assembly", "Modality", "Allele Specific", "Stem Cells", "Transformation", "Haplotypes"],
      "tickvals": [1, 2, 3, 4, 5, 6, 7, 8, 9, 10, 11, 12, 13, 14, 15, 16, 17, 18, 19, 20, 21, 22, 23, 24, 25, 26, 27, 28, 29, 30, 31, 32, 33],
      "categoryorder": "array",
      "categoryarray": ["Visualisation", "Clustering", "Dimensionality Reduction", "Integration", "Ordering", "Gene Networks", "Differential Expression", "Classification", "Normalisation", "Quality Control", "Marker Genes", "Interactive", "Imputation", "Gene Sets", "Simulation", "Variable Genes", "Quantification", "Gene Filtering", "Variants", "UMIs", "Expression Patterns", "Alignment", "Alternative Splicing", "Cell Cycle", "Immune", "Perturbations", "Rare Cells", "Assembly", "Modality", "Allele Specific", "Stem Cells", "Transformation", "Haplotypes"],
      "nticks": null,
      "ticks": "outside",
      "tickcolor": "rgba(0,0,0,1)",
      "ticklen": 4.64923204649232,
      "tickwidth": 0.66417600664176,
      "showticklabels": true,
      "tickfont": {
        "color": "rgba(0,0,0,1)",
        "family": "",
        "size": 15.9402241594022
      },
      "tickangle": -60,
      "showline": true,
      "linecolor": "rgba(0,0,0,1)",
      "linewidth": 0.66417600664176,
      "showgrid": false,
      "gridcolor": null,
      "gridwidth": 0,
      "zeroline": false,
      "anchor": "y",
      "title": {
        "text": "",
        "font": {
          "color": null,
          "family": null,
          "size": 0
        }
      },
      "hoverformat": ".2f"
    },
    "yaxis": {
      "domain": [0, 1],
      "automargin": true,
      "type": "linear",
      "autorange": false,
      "range": [-0.020533208606174, 0.431197380729654],
      "tickmode": "array",
      "ticktext": ["0.0%", "10.0%", "20.0%", "30.0%", "40.0%"],
      "tickvals": [0, 0.1, 0.2, 0.3, 0.4],
      "categoryorder": "array",
      "categoryarray": ["0.0%", "10.0%", "20.0%", "30.0%", "40.0%"],
      "nticks": null,
      "ticks": "outside",
      "tickcolor": "rgba(0,0,0,1)",
      "ticklen": 4.64923204649232,
      "tickwidth": 0.66417600664176,
      "showticklabels": true,
      "tickfont": {
        "color": "rgba(0,0,0,1)",
        "family": "",
        "size": 15.9402241594022
      },
      "tickangle": -0,
      "showline": true,
      "linecolor": "rgba(0,0,0,1)",
      "linewidth": 0.66417600664176,
      "showgrid": false,
      "gridcolor": null,
      "gridwidth": 0,
      "zeroline": false,
      "anchor": "x",
      "title": {
        "text": "Percentage of tools",
        "font": {
          "color": "rgba(0,0,0,1)",
          "family": "",
          "size": 18.5969281859693
        }
      },
      "hoverformat": ".2f"
    },
    "shapes": [
      {
        "type": "rect",
        "fillcolor": null,
        "line": {
          "color": null,
          "width": 0,
          "linetype": []
        },
        "yref": "paper",
        "xref": "paper",
        "x0": 0,
        "x1": 1,
        "y0": 0,
        "y1": 1
      }
    ],
    "showlegend": false,
    "legend": {
      "bgcolor": null,
      "bordercolor": null,
      "borderwidth": 0,
      "font": {
        "color": "rgba(0,0,0,1)",
        "family": "",
        "size": 15.9402241594022
      }
    },
    "hovermode": "closest",