{
  "data": [
    {
      "orientation": "v",
      "width": [0.95, 0.95, 0.95, 0.95, 0.949999999999999, 0.949999999999999, 0.949999999999999, 0.949999999999999, 0.949999999999999, 0.949999999999999, 0.949999999999999, 0.949999999999999, 0.949999999999999, 0.949999999999999, 0.949999999999999, 0.950000000000001, 0.950000000000003, 0.950000000000003, 0.950000000000003, 0.950000000000003, 0.950000000000003, 0.950000000000003, 0.950000000000003, 0.950000000000003, 0.950000000000003, 0.950000000000003, 0.950000000000003, 0.950000000000003, 0.950000000000003, 0.950000000000003, 0.950000000000003, 0.950000000000003, 0.950000000000003],
      "base": [0, 0, 0, 0, 0, 0, 0, 0, 0, 0, 0, 0, 0, 0, 0, 0, 0, 0, 0, 0, 0, 0, 0, 0, 0, 0, 0, 0, 0, 0, 0, 0, 0],
      "x": [1, 2, 3, 4, 5, 6, 7, 8, 9, 10, 11, 12, 13, 14, 15, 16, 17, 18, 19, 20, 21, 22, 23, 24, 25, 26, 27, 28, 29, 30, 31, 32, 33],
      "y": [0.410557184750733, 0.255131964809384, 0.24633431085044, 0.136852394916911, 0.125122189638319, 0.114369501466276, 0.112414467253177, 0.108504398826979, 0.10752688172043, 0.101661779081134, 0.0850439882697947, 0.0840664711632454, 0.0713587487781036, 0.0684261974584555, 0.0674486803519062, 0.0606060606060606, 0.0586510263929619, 0.050830889540567, 0.0400782013685239, 0.0381231671554252, 0.0371456500488759, 0.0371456500488759, 0.0254154447702835, 0.0244379276637341, 0.0185728250244379, 0.0156402737047898, 0.0136852394916911, 0.00782013685239492, 0.00586510263929619, 0.00586510263929619, 0.00586510263929619, 0.00488758553274682, 0.00195503421309873],
      "text": ["Category: Visualisation<br />Count: 420<br />Percent: 41.1", "Category: Clustering<br />Count: 261<br />Percent: 25.5", "Category: Dimensionality Reduction<br />Count: 252<br />Percent: 24.6", "Category: Integration<br />Count: 140<br />Percent: 13.7", "Category: Ordering<br />Count: 128<br />Percent: 12.5", "Category: Gene Networks<br />Count: 117<br />Percent: 11.4", "Category: Differential Expression<br />Count: 115<br />Percent: 11.2", "Category: Normalisation<br />Count: 111<br />Percent: 10.9", "Category: Classification<br />Count: 110<br />Percent: 10.8", "Category: Quality Control<br />Count: 104<br />Percent: 10.2", "Category: Marker Genes<br />Count: 87<br />Percent: 8.5", "Category: Interactive<br />Count: 86<br />Percent: 8.4", "Category: Imputation<br />Count: 73<br />Percent: 7.1", "Category: Gene Sets<br />Count: 70<br />Percent: 6.8", "Category: Simulation<br />Count: 69<br />Percent: 6.7", "Category: Variable Genes<br />Count: 62<br />Percent: 6.1", "Category: Quantification<br />Count: 60<br />Percent: 5.9", "Category: Gene Filtering<br />Count: 52<br />Percent: 5.1", "Category: Variants<br />Count: 41<br />Percent: 4", "Category: UMIs<br />Count: 39<br />Percent: 3.8", "Category: Alignment<br />Count: 38<br />Percent: 3.7", "Category: Expression Patterns<br />Count: 38<br />Percent: 3.7", "Category: Alternative Splicing<br />Count: 26<br />Percent: 2.5", "Category: Cell Cycle<br />Count: 25<br />Percent: 2.4", "Category: Immune<br />Count: 19<br />Percent: 1.9", "Category: Perturbations<br />Count: 16<br />Percent: 1.6", "Category: Rare Cells<br />Count: 14<br />Percent: 1.4", "Category: Assembly<br />Count: 8<br />Percent: 0.8", "Category: Allele Specific<br />Count: 6<br />Percent: 0.6", "Category: Modality<br />Count: 6<br />Percent: 0.6", "Category: Stem Cells<br />Count: 6<br />Percent: 0.6", "Category: Transformation<br />Count: 5<br />Percent: 0.5", "Category: Haplotypes<br />Count: 2<br />Percent: 0.2"],
      "type": "bar",
      "marker": {
        "autocolorscale": false,
        "color": "rgba(122,82,199,1)",
        "line": {
          "width": 1.88976377952756,
          "color": "transparent"
        }
      },
      "showlegend": false,
      "xaxis": "x",
      "yaxis": "y",
      "hoverinfo": "text",
      "frame": null
    }
  ],
  "layout": {
    "margin": {
      "t": 50,
      "r": 30,
      "b": 50,
      "l": 70
    },
    "font": {
      "color": "rgba(0,0,0,1)",
      "family": "",
      "size": 18.5969281859693
    },
    "xaxis": {
      "domain": [0, 1],
      "automargin": true,
      "type": "linear",
      "autorange": false,
      "range": [0.4, 33.6],
      "tickmode": "array",
      "ticktext": ["Visualisation", "Clustering", "Dimensionality Reduction", "Integration", "Ordering", "Gene Networks", "Differential Expression", "Normalisation", "Classification", "Quality Control", "Marker Genes", "Interactive", "Imputation", "Gene Sets", "Simulation", "Variable Genes", "Quantification", "Gene Filtering", "Variants", "UMIs", "Alignment", "Expression Patterns", "Alternative Splicing", "Cell Cycle", "Immune", "Perturbations", "Rare Cells", "Assembly", "Allele Specific", "Modality", "Stem Cells", "Transformation", "Haplotypes"],
      "tickvals": [1, 2, 3, 4, 5, 6, 7, 8, 9, 10, 11, 12, 13, 14, 15, 16, 17, 18, 19, 20, 21, 22, 23, 24, 25, 26, 27, 28, 29, 30, 31, 32, 33],
      "categoryorder": "array",
      "categoryarray": ["Visualisation", "Clustering", "Dimensionality Reduction", "Integration", "Ordering", "Gene Networks", "Differential Expression", "Normalisation", "Classification", "Quality Control", "Marker Genes", "Interactive", "Imputation", "Gene Sets", "Simulation", "Variable Genes", "Quantification", "Gene Filtering", "Variants", "UMIs", "Alignment", "Expression Patterns", "Alternative Splicing", "Cell Cycle", "Immune", "Perturbations", "Rare Cells", "Assembly", "Allele Specific", "Modality", "Stem Cells", "Transformation", "Haplotypes"],
      "nticks": null,
      "ticks": "outside",
      "tickcolor": "rgba(0,0,0,1)",
      "ticklen": 4.64923204649232,
      "tickwidth": 0.66417600664176,
      "showticklabels": true,
      "tickfont": {
        "color": "rgba(0,0,0,1)",
        "family": "",
        "size": 15.9402241594022
      },
      "tickangle": -60,
      "showline": true,
      "linecolor": "rgba(0,0,0,1)",
      "linewidth": 0.66417600664176,
      "showgrid": false,
      "gridcolor": null,
      "gridwidth": 0,
      "zeroline": false,
      "anchor": "y",
      "title": {
        "text": "",
        "font": {
          "color": null,
          "family": null,
          "size": 0
        }
      },
      "hoverformat": ".2f"
    },
    "yaxis": {
      "domain": [0, 1],
      "automargin": true,
      "type": "linear",
      "autorange": false,
      "range": [-0.0205278592375367, 0.43108504398827],
      "tickmode": "array",
      "ticktext": ["0.0%", "10.0%", "20.0%", "30.0%", "40.0%"],
      "tickvals": [0, 0.1, 0.2, 0.3, 0.4],
      "categoryorder": "array",
      "categoryarray": ["0.0%", "10.0%", "20.0%", "30.0%", "40.0%"],
      "nticks": null,
      "ticks": "outside",
      "tickcolor": "rgba(0,0,0,1)",
      "ticklen": 4.64923204649232,
      "tickwidth": 0.66417600664176,
      "showticklabels": true,
      "tickfont": {
        "color": "rgba(0,0,0,1)",
        "family": "",
        "size": 15.9402241594022
      },
      "tickangle": -0,
      "showline": true,
      "linecolor": "rgba(0,0,0,1)",
      "linewidth": 0.66417600664176,
      "showgrid": false,
      "gridcolor": null,
      "gridwidth": 0,
      "zeroline": false,
      "anchor": "x",
      "title": {
        "text": "Percentage of tools",
        "font": {
          "color": "rgba(0,0,0,1)",
          "family": "",
          "size": 18.5969281859693
        }
      },
      "hoverformat": ".2f"
    },
    "shapes": [
      {
        "type": "rect",
        "fillcolor": null,
        "line": {
          "color": null,
          "width": 0,
          "linetype": []
        },
        "yref": "paper",
        "xref": "paper",
        "x0": 0,
        "x1": 1,
        "y0": 0,
        "y1": 1
      }
    ],
    "showlegend": false,
    "legend": {
      "bgcolor": null,
      "bordercolor": null,
      "borderwidth": 0,
      "font": {
        "color": "rgba(0,0,0,1)",
        "family": "",
        "size": 15.9402241594022
      }
    },
    "hovermode": "closest",