{
  "data": [
    {
      "orientation": "v",
      "width": [0.95, 0.95, 0.95, 0.95, 0.949999999999999, 0.949999999999999, 0.949999999999999, 0.949999999999999, 0.949999999999999, 0.949999999999999, 0.949999999999999, 0.949999999999999, 0.949999999999999, 0.949999999999999, 0.949999999999999, 0.950000000000001, 0.950000000000003, 0.950000000000003, 0.950000000000003, 0.950000000000003, 0.950000000000003, 0.950000000000003, 0.950000000000003, 0.950000000000003, 0.950000000000003, 0.950000000000003, 0.950000000000003, 0.950000000000003, 0.950000000000003, 0.950000000000003, 0.950000000000003, 0.950000000000003, 0.950000000000003],
      "base": [0, 0, 0, 0, 0, 0, 0, 0, 0, 0, 0, 0, 0, 0, 0, 0, 0, 0, 0, 0, 0, 0, 0, 0, 0, 0, 0, 0, 0, 0, 0, 0, 0],
      "x": [1, 2, 3, 4, 5, 6, 7, 8, 9, 10, 11, 12, 13, 14, 15, 16, 17, 18, 19, 20, 21, 22, 23, 24, 25, 26, 27, 28, 29, 30, 31, 32, 33],
      "y": [0.410433689503457, 0.248900062853551, 0.225644248900063, 0.155248271527341, 0.126335637963545, 0.120678818353237, 0.112507856693903, 0.0999371464487744, 0.0974230043997486, 0.0967944688874921, 0.0835952231301069, 0.0747957259585167, 0.0672532998114393, 0.0628535512256442, 0.0628535512256442, 0.0622250157133878, 0.0609679446888749, 0.0458830923947203, 0.0402262727844123, 0.0345694531741043, 0.0339409176618479, 0.0295411690760528, 0.0257699560025141, 0.0251414204902577, 0.0232558139534884, 0.021370207416719, 0.0119421747328724, 0.00628535512256443, 0.00565681961030798, 0.00565681961030798, 0.00502828409805154, 0.0043997485857951, 0.00125707102451289],
      "text": ["Category: Visualisation<br />Count: 653<br />Percent: 41", "Category: Dimensionality Reduction<br />Count: 396<br />Percent: 24.9", "Category: Clustering<br />Count: 359<br />Percent: 22.6", "Category: Integration<br />Count: 247<br />Percent: 15.5", "Category: Gene Networks<br />Count: 201<br />Percent: 12.6", "Category: Classification<br />Count: 192<br />Percent: 12.1", "Category: Ordering<br />Count: 179<br />Percent: 11.3", "Category: Quality Control<br />Count: 159<br />Percent: 10", "Category: Normalisation<br />Count: 155<br />Percent: 9.7", "Category: Differential Expression<br />Count: 154<br />Percent: 9.7", "Category: Marker Genes<br />Count: 133<br />Percent: 8.4", "Category: Gene Sets<br />Count: 119<br />Percent: 7.5", "Category: Interactive<br />Count: 107<br />Percent: 6.7", "Category: Imputation<br />Count: 100<br />Percent: 6.3", "Category: Quantification<br />Count: 100<br />Percent: 6.3", "Category: Variable Genes<br />Count: 99<br />Percent: 6.2", "Category: Simulation<br />Count: 97<br />Percent: 6.1", "Category: Variants<br />Count: 73<br />Percent: 4.6", "Category: Gene Filtering<br />Count: 64<br />Percent: 4", "Category: UMIs<br />Count: 55<br />Percent: 3.5", "Category: Alignment<br />Count: 54<br />Percent: 3.4", "Category: Expression Patterns<br />Count: 47<br />Percent: 3", "Category: Alternative Splicing<br />Count: 41<br />Percent: 2.6", "Category: Immune<br />Count: 40<br />Percent: 2.5", "Category: Perturbations<br />Count: 37<br />Percent: 2.3", "Category: Cell Cycle<br />Count: 34<br />Percent: 2.1", "Category: Rare Cells<br />Count: 19<br />Percent: 1.2", "Category: Assembly<br />Count: 10<br />Percent: 0.6", "Category: Stem Cells<br />Count: 9<br />Percent: 0.6", "Category: Transformation<br />Count: 9<br />Percent: 0.6", "Category: Modality<br />Count: 8<br />Percent: 0.5", "Category: Allele Specific<br />Count: 7<br />Percent: 0.4", "Category: Haplotypes<br />Count: 2<br />Percent: 0.1"],
      "type": "bar",
      "textposition": "none",
      "marker": {
        "autocolorscale": false,
        "color": "rgba(122,82,199,1)",
        "line": {
          "width": 1.88976377952756,
          "color": "transparent"
        }
      },
      "showlegend": false,
      "xaxis": "x",
      "yaxis": "y",
      "hoverinfo": "text",
      "frame": null
    }
  ],
  "layout": {
    "margin": {
      "t": 50,
      "r": 30,
      "b": 50,
      "l": 70
    },
    "font": {
      "color": "rgba(0,0,0,1)",
      "family": "",
      "size": 18.5969281859693
    },
    "xaxis": {
      "domain": [0, 1],
      "automargin": true,
      "type": "linear",
      "autorange": false,
      "range": [0.4, 33.6],
      "tickmode": "array",
      "ticktext": ["Visualisation", "Dimensionality Reduction", "Clustering", "Integration", "Gene Networks", "Classification", "Ordering", "Quality Control", "Normalisation", "Differential Expression", "Marker Genes", "Gene Sets", "Interactive", "Imputation", "Quantification", "Variable Genes", "Simulation", "Variants", "Gene Filtering", "UMIs", "Alignment", "Expression Patterns", "Alternative Splicing", "Immune", "Perturbations", "Cell Cycle", "Rare Cells", "Assembly", "Stem Cells", "Transformation", "Modality", "Allele Specific", "Haplotypes"],
      "tickvals": [1, 2, 3, 4, 5, 6, 7, 8, 9, 10, 11, 12, 13, 14, 15, 16, 17, 18, 19, 20, 21, 22, 23, 24, 25, 26, 27, 28, 29, 30, 31, 32, 33],
      "categoryorder": "array",
      "categoryarray": ["Visualisation", "Dimensionality Reduction", "Clustering", "Integration", "Gene Networks", "Classification", "Ordering", "Quality Control", "Normalisation", "Differential Expression", "Marker Genes", "Gene Sets", "Interactive", "Imputation", "Quantification", "Variable Genes", "Simulation", "Variants", "Gene Filtering", "UMIs", "Alignment", "Expression Patterns", "Alternative Splicing", "Immune", "Perturbations", "Cell Cycle", "Rare Cells", "Assembly", "Stem Cells", "Transformation", "Modality", "Allele Specific", "Haplotypes"],
      "nticks": null,
      "ticks": "outside",
      "tickcolor": "rgba(0,0,0,1)",
      "ticklen": 4.64923204649232,
      "tickwidth": 0.66417600664176,
      "showticklabels": true,
      "tickfont": {
        "color": "rgba(0,0,0,1)",
        "family": "",
        "size": 15.9402241594022
      },
      "tickangle": -60,
      "showline": true,
      "linecolor": "rgba(0,0,0,1)",
      "linewidth": 0.66417600664176,
      "showgrid": false,
      "gridcolor": null,
      "gridwidth": 0,
      "zeroline": false,
      "anchor": "y",
      "title": {
        "text": "",
        "font": {
          "color": null,
          "family": null,
          "size": 0
        }
      },
      "hoverformat": ".2f"
    },
    "yaxis": {
      "domain": [0, 1],
      "automargin": true,
      "type": "linear",
      "autorange": false,
      "range": [-0.0205216844751728, 0.43095537397863],
      "tickmode": "array",
      "ticktext": ["0%", "10%", "20%", "30%", "40%"],
      "tickvals": [0, 0.1, 0.2, 0.3, 0.4],
      "categoryorder": "array",
      "categoryarray": ["0%", "10%", "20%", "30%", "40%"],
      "nticks": null,
      "ticks": "outside",
      "tickcolor": "rgba(0,0,0,1)",
      "ticklen": 4.64923204649232,
      "tickwidth": 0.66417600664176,
      "showticklabels": true,
      "tickfont": {
        "color": "rgba(0,0,0,1)",
        "family": "",
        "size": 15.9402241594022
      },
      "tickangle": -0,
      "showline": true,
      "linecolor": "rgba(0,0,0,1)",
      "linewidth": 0.66417600664176,
      "showgrid": false,
      "gridcolor": null,
      "gridwidth": 0,
      "zeroline": false,
      "anchor": "x",
      "title": {
        "text": "Percentage of tools",
        "font": {
          "color": "rgba(0,0,0,1)",
          "family": "",
          "size": 18.5969281859693
        }
      },
      "hoverformat": ".2f"
    },
    "shapes": [
      {
        "type": "rect",
        "fillcolor": null,
        "line": {
          "color": null,
          "width": 0,
          "linetype": []
        },
        "yref": "paper",
        "xref": "paper",
        "x0": 0,
        "x1": 1,
        "y0": 0,
        "y1": 1
      }
    ],
    "showlegend": false,
    "legend": {
      "bgcolor": null,
      "bordercolor": null,
      "borderwidth": 0,
      "font": {
        "color": "rgba(0,0,0,1)",
        "family": "",
        "size": 15.9402241594022
      }
    },