{
  "data": [
    {
      "orientation": "v",
      "width": [0.95, 0.95, 0.95, 0.95, 0.949999999999999, 0.949999999999999, 0.949999999999999, 0.949999999999999, 0.949999999999999, 0.949999999999999, 0.949999999999999, 0.949999999999999, 0.949999999999999, 0.949999999999999, 0.949999999999999, 0.950000000000001, 0.950000000000003, 0.950000000000003, 0.950000000000003, 0.950000000000003, 0.950000000000003, 0.950000000000003, 0.950000000000003, 0.950000000000003, 0.950000000000003, 0.950000000000003, 0.950000000000003, 0.950000000000003, 0.950000000000003, 0.950000000000003, 0.950000000000003, 0.950000000000003, 0.950000000000003],
      "base": [0, 0, 0, 0, 0, 0, 0, 0, 0, 0, 0, 0, 0, 0, 0, 0, 0, 0, 0, 0, 0, 0, 0, 0, 0, 0, 0, 0, 0, 0, 0, 0, 0],
      "x": [1, 2, 3, 4, 5, 6, 7, 8, 9, 10, 11, 12, 13, 14, 15, 16, 17, 18, 19, 20, 21, 22, 23, 24, 25, 26, 27, 28, 29, 30, 31, 32, 33],
      "y": [0.409395973154362, 0.248322147651007, 0.24496644295302, 0.141778523489933, 0.116610738255034, 0.115771812080537, 0.11493288590604, 0.10738255033557, 0.102348993288591, 0.101510067114094, 0.0855704697986577, 0.0788590604026846, 0.0671140939597315, 0.0654362416107383, 0.0654362416107383, 0.0620805369127517, 0.0604026845637584, 0.0461409395973154, 0.0427852348993289, 0.0360738255033557, 0.0352348993288591, 0.0343959731543624, 0.026006711409396, 0.0209731543624161, 0.0192953020134228, 0.0167785234899329, 0.0125838926174497, 0.00671140939597315, 0.00587248322147651, 0.00587248322147651, 0.00587248322147651, 0.00503355704697987, 0.00167785234899329],
      "text": ["Category: Visualisation<br />Prop: 0.409395973<br />Count: 488<br />Percent: 40.9", "Category: Clustering<br />Prop: 0.248322148<br />Count: 296<br />Percent: 24.8", "Category: Dimensionality Reduction<br />Prop: 0.244966443<br />Count: 292<br />Percent: 24.5", "Category: Integration<br />Prop: 0.141778523<br />Count: 169<br />Percent: 14.2", "Category: Gene Networks<br />Prop: 0.116610738<br />Count: 139<br />Percent: 11.7", "Category: Ordering<br />Prop: 0.115771812<br />Count: 138<br />Percent: 11.6", "Category: Classification<br />Prop: 0.114932886<br />Count: 137<br />Percent: 11.5", "Category: Differential Expression<br />Prop: 0.107382550<br />Count: 128<br />Percent: 10.7", "Category: Normalisation<br />Prop: 0.102348993<br />Count: 122<br />Percent: 10.2", "Category: Quality Control<br />Prop: 0.101510067<br />Count: 121<br />Percent: 10.2", "Category: Marker Genes<br />Prop: 0.085570470<br />Count: 102<br />Percent: 8.6", "Category: Interactive<br />Prop: 0.078859060<br />Count: 94<br />Percent: 7.9", "Category: Gene Sets<br />Prop: 0.067114094<br />Count: 80<br />Percent: 6.7", "Category: Imputation<br />Prop: 0.065436242<br />Count: 78<br />Percent: 6.5", "Category: Simulation<br />Prop: 0.065436242<br />Count: 78<br />Percent: 6.5", "Category: Variable Genes<br />Prop: 0.062080537<br />Count: 74<br />Percent: 6.2", "Category: Quantification<br />Prop: 0.060402685<br />Count: 72<br />Percent: 6", "Category: Gene Filtering<br />Prop: 0.046140940<br />Count: 55<br />Percent: 4.6", "Category: Variants<br />Prop: 0.042785235<br />Count: 51<br />Percent: 4.3", "Category: Alignment<br />Prop: 0.036073826<br />Count: 43<br />Percent: 3.6", "Category: Expression Patterns<br />Prop: 0.035234899<br />Count: 42<br />Percent: 3.5", "Category: UMIs<br />Prop: 0.034395973<br />Count: 41<br />Percent: 3.4", "Category: Alternative Splicing<br />Prop: 0.026006711<br />Count: 31<br />Percent: 2.6", "Category: Cell Cycle<br />Prop: 0.020973154<br />Count: 25<br />Percent: 2.1", "Category: Immune<br />Prop: 0.019295302<br />Count: 23<br />Percent: 1.9", "Category: Perturbations<br />Prop: 0.016778523<br />Count: 20<br />Percent: 1.7", "Category: Rare Cells<br />Prop: 0.012583893<br />Count: 15<br />Percent: 1.3", "Category: Assembly<br />Prop: 0.006711409<br />Count: 8<br />Percent: 0.7", "Category: Modality<br />Prop: 0.005872483<br />Count: 7<br />Percent: 0.6", "Category: Stem Cells<br />Prop: 0.005872483<br />Count: 7<br />Percent: 0.6", "Category: Transformation<br />Prop: 0.005872483<br />Count: 7<br />Percent: 0.6", "Category: Allele Specific<br />Prop: 0.005033557<br />Count: 6<br />Percent: 0.5", "Category: Haplotypes<br />Prop: 0.001677852<br />Count: 2<br />Percent: 0.2"],
      "type": "bar",
      "marker": {
        "autocolorscale": false,
        "color": "rgba(122,82,199,1)",
        "line": {
          "width": 1.88976377952756,
          "color": "transparent"
        }
      },
      "showlegend": false,
      "xaxis": "x",
      "yaxis": "y",
      "hoverinfo": "text",
      "frame": null
    }
  ],
  "layout": {
    "margin": {
      "t": 0,
      "r": 10,
      "b": 0,
      "l": 55
    },
    "font": {
      "color": "rgba(0,0,0,1)",
      "family": "",
      "size": 18.5969281859693
    },
    "xaxis": {
      "domain": [0, 1],
      "automargin": true,
      "type": "linear",
      "autorange": false,
      "range": [0.4, 33.6],
      "tickmode": "array",
      "ticktext": ["Visualisation", "Clustering", "Dimensionality Reduction", "Integration", "Gene Networks", "Ordering", "Classification", "Differential Expression", "Normalisation", "Quality Control", "Marker Genes", "Interactive", "Gene Sets", "Imputation", "Simulation", "Variable Genes", "Quantification", "Gene Filtering", "Variants", "Alignment", "Expression Patterns", "UMIs", "Alternative Splicing", "Cell Cycle", "Immune", "Perturbations", "Rare Cells", "Assembly", "Modality", "Stem Cells", "Transformation", "Allele Specific", "Haplotypes"],
      "tickvals": [1, 2, 3, 4, 5, 6, 7, 8, 9, 10, 11, 12, 13, 14, 15, 16, 17, 18, 19, 20, 21, 22, 23, 24, 25, 26, 27, 28, 29, 30, 31, 32, 33],
      "categoryorder": "array",
      "categoryarray": ["Visualisation", "Clustering", "Dimensionality Reduction", "Integration", "Gene Networks", "Ordering", "Classification", "Differential Expression", "Normalisation", "Quality Control", "Marker Genes", "Interactive", "Gene Sets", "Imputation", "Simulation", "Variable Genes", "Quantification", "Gene Filtering", "Variants", "Alignment", "Expression Patterns", "UMIs", "Alternative Splicing", "Cell Cycle", "Immune", "Perturbations", "Rare Cells", "Assembly", "Modality", "Stem Cells", "Transformation", "Allele Specific", "Haplotypes"],
      "nticks": null,
      "ticks": "outside",
      "tickcolor": "rgba(0,0,0,1)",
      "ticklen": 4.64923204649232,
      "tickwidth": 0.66417600664176,
      "showticklabels": true,
      "tickfont": {
        "color": "rgba(0,0,0,1)",
        "family": "",
        "size": 7
      },
      "tickangle": -60,
      "showline": true,
      "linecolor": "rgba(0,0,0,1)",
      "linewidth": 0.66417600664176,
      "showgrid": false,
      "gridcolor": null,
      "gridwidth": 0,
      "zeroline": false,
      "anchor": "y",
      "title": {
        "text": "",
        "font": {
          "color": null,
          "family": null,
          "size": 9
        }
      },
      "hoverformat": ".2f",
      "fixedrange": true
    },
    "yaxis": {
      "domain": [0, 1],
      "automargin": true,
      "type": "linear",
      "autorange": false,
      "range": [-0.0204697986577181, 0.429865771812081],
      "tickmode": "array",
      "ticktext": ["0.0%", "10.0%", "20.0%", "30.0%", "40.0%"],
      "tickvals": [0, 0.1, 0.2, 0.3, 0.4],
      "categoryorder": "array",
      "categoryarray": ["0.0%", "10.0%", "20.0%", "30.0%", "40.0%"],
      "nticks": null,
      "ticks": "outside",
      "tickcolor": "rgba(0,0,0,1)",
      "ticklen": 4.64923204649232,
      "tickwidth": 0.66417600664176,
      "showticklabels": true,
      "tickfont": {
        "color": "rgba(0,0,0,1)",
        "family": "",
        "size": 7
      },
      "tickangle": -0,
      "showline": true,
      "linecolor": "rgba(0,0,0,1)",
      "linewidth": 0.66417600664176,
      "showgrid": false,
      "gridcolor": null,
      "gridwidth": 0,
      "zeroline": false,
      "anchor": "x",