{
  "data": [
    {
      "orientation": "v",
      "width": [0.95, 0.95, 0.95, 0.95, 0.949999999999999, 0.949999999999999, 0.949999999999999, 0.949999999999999, 0.949999999999999, 0.949999999999999, 0.949999999999999, 0.949999999999999, 0.949999999999999, 0.949999999999999, 0.949999999999999, 0.950000000000001, 0.950000000000003, 0.950000000000003, 0.950000000000003, 0.950000000000003, 0.950000000000003, 0.950000000000003, 0.950000000000003, 0.950000000000003, 0.950000000000003, 0.950000000000003, 0.950000000000003, 0.950000000000003, 0.950000000000003, 0.950000000000003, 0.950000000000003, 0.950000000000003],
      "base": [0, 0, 0, 0, 0, 0, 0, 0, 0, 0, 0, 0, 0, 0, 0, 0, 0, 0, 0, 0, 0, 0, 0, 0, 0, 0, 0, 0, 0, 0, 0, 0],
      "x": [1, 2, 3, 4, 5, 6, 7, 8, 9, 10, 11, 12, 13, 14, 15, 16, 17, 18, 19, 20, 21, 22, 23, 24, 25, 26, 27, 28, 29, 30, 31, 32],
      "y": [0.432598039215686, 0.251225490196078, 0.247549019607843, 0.131127450980392, 0.129901960784314, 0.117647058823529, 0.111519607843137, 0.111519607843137, 0.106617647058824, 0.105392156862745, 0.0968137254901961, 0.0919117647058824, 0.079656862745098, 0.071078431372549, 0.0698529411764706, 0.0649509803921569, 0.0588235294117647, 0.053921568627451, 0.0441176470588235, 0.0428921568627451, 0.0392156862745098, 0.0330882352941176, 0.0220588235294118, 0.0196078431372549, 0.0183823529411765, 0.0110294117647059, 0.00857843137254902, 0.00735294117647059, 0.00735294117647059, 0.00612745098039216, 0.00490196078431373, 0.00245098039215686],
      "text": ["Category: Visualisation<br />Prop: 0.432598039<br />Count: 353<br />Percent: 43.3", "Category: Clustering<br />Prop: 0.251225490<br />Count: 205<br />Percent: 25.1", "Category: Dimensionality Reduction<br />Prop: 0.247549020<br />Count: 202<br />Percent: 24.8", "Category: Integration<br />Prop: 0.131127451<br />Count: 107<br />Percent: 13.1", "Category: Ordering<br />Prop: 0.129901961<br />Count: 106<br />Percent: 13", "Category: Normalisation<br />Prop: 0.117647059<br />Count: 96<br />Percent: 11.8", "Category: Classification<br />Prop: 0.111519608<br />Count: 91<br />Percent: 11.2", "Category: Differential Expression<br />Prop: 0.111519608<br />Count: 91<br />Percent: 11.2", "Category: Gene Networks<br />Prop: 0.106617647<br />Count: 87<br />Percent: 10.7", "Category: Quality Control<br />Prop: 0.105392157<br />Count: 86<br />Percent: 10.5", "Category: Interactive<br />Prop: 0.096813725<br />Count: 79<br />Percent: 9.7", "Category: Marker Genes<br />Prop: 0.091911765<br />Count: 75<br />Percent: 9.2", "Category: Imputation<br />Prop: 0.079656863<br />Count: 65<br />Percent: 8", "Category: Gene Sets<br />Prop: 0.071078431<br />Count: 58<br />Percent: 7.1", "Category: Simulation<br />Prop: 0.069852941<br />Count: 57<br />Percent: 7", "Category: Variable Genes<br />Prop: 0.064950980<br />Count: 53<br />Percent: 6.5", "Category: Gene Filtering<br />Prop: 0.058823529<br />Count: 48<br />Percent: 5.9", "Category: Quantification<br />Prop: 0.053921569<br />Count: 44<br />Percent: 5.4", "Category: UMIs<br />Prop: 0.044117647<br />Count: 36<br />Percent: 4.4", "Category: Expression Patterns<br />Prop: 0.042892157<br />Count: 35<br />Percent: 4.3", "Category: Variants<br />Prop: 0.039215686<br />Count: 32<br />Percent: 3.9", "Category: Alignment<br />Prop: 0.033088235<br />Count: 27<br />Percent: 3.3", "Category: Cell Cycle<br />Prop: 0.022058824<br />Count: 18<br />Percent: 2.2", "Category: Immune<br />Prop: 0.019607843<br />Count: 16<br />Percent: 2", "Category: Alternative Splicing<br />Prop: 0.018382353<br />Count: 15<br />Percent: 1.8", "Category: Rare Cells<br />Prop: 0.011029412<br />Count: 9<br />Percent: 1.1", "Category: Assembly<br />Prop: 0.008578431<br />Count: 7<br />Percent: 0.9", "Category: Allele Specific<br />Prop: 0.007352941<br />Count: 6<br />Percent: 0.7", "Category: Stem Cells<br />Prop: 0.007352941<br />Count: 6<br />Percent: 0.7", "Category: Modality<br />Prop: 0.006127451<br />Count: 5<br />Percent: 0.6", "Category: Transformation<br />Prop: 0.004901961<br />Count: 4<br />Percent: 0.5", "Category: Haplotypes<br />Prop: 0.002450980<br />Count: 2<br />Percent: 0.2"],
      "type": "bar",
      "marker": {
        "autocolorscale": false,
        "color": "rgba(122,82,199,1)",
        "line": {
          "width": 1.88976377952756,
          "color": "transparent"
        }
      },
      "showlegend": false,
      "xaxis": "x",
      "yaxis": "y",
      "hoverinfo": "text",
      "frame": null
    }
  ],
  "layout": {
    "margin": {
      "t": 0,
      "r": 10,
      "b": 0,
      "l": 55
    },
    "font": {
      "color": "rgba(0,0,0,1)",
      "family": "",
      "size": 18.5969281859693
    },
    "xaxis": {
      "domain": [0, 1],
      "automargin": true,
      "type": "linear",
      "autorange": false,
      "range": [0.4, 32.6],
      "tickmode": "array",
      "ticktext": ["Visualisation", "Clustering", "Dimensionality Reduction", "Integration", "Ordering", "Normalisation", "Classification", "Differential Expression", "Gene Networks", "Quality Control", "Interactive", "Marker Genes", "Imputation", "Gene Sets", "Simulation", "Variable Genes", "Gene Filtering", "Quantification", "UMIs", "Expression Patterns", "Variants", "Alignment", "Cell Cycle", "Immune", "Alternative Splicing", "Rare Cells", "Assembly", "Allele Specific", "Stem Cells", "Modality", "Transformation", "Haplotypes"],
      "tickvals": [1, 2, 3, 4, 5, 6, 7, 8, 9, 10, 11, 12, 13, 14, 15, 16, 17, 18, 19, 20, 21, 22, 23, 24, 25, 26, 27, 28, 29, 30, 31, 32],
      "categoryorder": "array",
      "categoryarray": ["Visualisation", "Clustering", "Dimensionality Reduction", "Integration", "Ordering", "Normalisation", "Classification", "Differential Expression", "Gene Networks", "Quality Control", "Interactive", "Marker Genes", "Imputation", "Gene Sets", "Simulation", "Variable Genes", "Gene Filtering", "Quantification", "UMIs", "Expression Patterns", "Variants", "Alignment", "Cell Cycle", "Immune", "Alternative Splicing", "Rare Cells", "Assembly", "Allele Specific", "Stem Cells", "Modality", "Transformation", "Haplotypes"],
      "nticks": null,
      "ticks": "outside",
      "tickcolor": "rgba(0,0,0,1)",
      "ticklen": 4.64923204649232,
      "tickwidth": 0.66417600664176,
      "showticklabels": true,
      "tickfont": {
        "color": "rgba(0,0,0,1)",
        "family": "",
        "size": 7
      },
      "tickangle": -60,
      "showline": true,
      "linecolor": "rgba(0,0,0,1)",
      "linewidth": 0.66417600664176,
      "showgrid": false,
      "gridcolor": null,
      "gridwidth": 0,
      "zeroline": false,
      "anchor": "y",
      "title": {
        "text": "",
        "font": {
          "color": null,
          "family": null,
          "size": 9
        }
      },
      "hoverformat": ".2f",
      "fixedrange": true
    },
    "yaxis": {
      "domain": [0, 1],
      "automargin": true,
      "type": "linear",
      "autorange": false,
      "range": [-0.0216299019607843, 0.454227941176471],
      "tickmode": "array",
      "ticktext": ["0.0%", "10.0%", "20.0%", "30.0%", "40.0%"],
      "tickvals": [0, 0.1, 0.2, 0.3, 0.4],
      "categoryorder": "array",
      "categoryarray": ["0.0%", "10.0%", "20.0%", "30.0%", "40.0%"],
      "nticks": null,
      "ticks": "outside",
      "tickcolor": "rgba(0,0,0,1)",
      "ticklen": 4.64923204649232,
      "tickwidth": 0.66417600664176,
      "showticklabels": true,
      "tickfont": {
        "color": "rgba(0,0,0,1)",
        "family": "",
        "size": 7
      },
      "tickangle": -0,
      "showline": true,
      "linecolor": "rgba(0,0,0,1)",
      "linewidth": 0.66417600664176,
      "showgrid": false,
      "gridcolor": null,
      "gridwidth": 0,
      "zeroline": false,
      "anchor": "x",
      "title": {
        "text": "Percentage of tools",
        "font": {
          "color": "rgba(0,0,0,1)",
          "family": "",
          "size": 9
        }
      },
      "hoverformat": ".2f",