{
  "data": [
    {
      "orientation": "v",
      "width": [0.95, 0.95, 0.95, 0.95, 0.949999999999999, 0.949999999999999, 0.949999999999999, 0.949999999999999, 0.949999999999999, 0.949999999999999, 0.949999999999999, 0.949999999999999, 0.949999999999999, 0.949999999999999, 0.949999999999999, 0.950000000000001, 0.950000000000003, 0.950000000000003, 0.950000000000003, 0.950000000000003, 0.950000000000003, 0.950000000000003, 0.950000000000003, 0.950000000000003, 0.950000000000003, 0.950000000000003, 0.950000000000003, 0.950000000000003, 0.950000000000003, 0.950000000000003, 0.950000000000003, 0.950000000000003, 0.950000000000003],
      "base": [0, 0, 0, 0, 0, 0, 0, 0, 0, 0, 0, 0, 0, 0, 0, 0, 0, 0, 0, 0, 0, 0, 0, 0, 0, 0, 0, 0, 0, 0, 0, 0, 0],
      "x": [1, 2, 3, 4, 5, 6, 7, 8, 9, 10, 11, 12, 13, 14, 15, 16, 17, 18, 19, 20, 21, 22, 23, 24, 25, 26, 27, 28, 29, 30, 31, 32, 33],
      "y": [0.412710007304602, 0.240321402483565, 0.239590942293645, 0.14682249817385, 0.123447772096421, 0.116873630387144, 0.115412710007305, 0.101533966398831, 0.101533966398831, 0.0993425858290723, 0.0840029218407597, 0.0701241782322863, 0.0693937180423667, 0.0664718772826881, 0.0635500365230095, 0.0613586559532505, 0.0591672753834916, 0.043827611395179, 0.0423666910153397, 0.0365230094959825, 0.0357925493060628, 0.0314097881665449, 0.0255661066471877, 0.0241051862673484, 0.0204528853177502, 0.0204528853177502, 0.0131482834185537, 0.00657414170927684, 0.0058436815193572, 0.0058436815193572, 0.00511322132943755, 0.0043827611395179, 0.0014609203798393],
      "text": ["Category: Visualisation<br />Count: 565<br />Percent: 41.3", "Category: Clustering<br />Count: 329<br />Percent: 24", "Category: Dimensionality Reduction<br />Count: 328<br />Percent: 24", "Category: Integration<br />Count: 201<br />Percent: 14.7", "Category: Gene Networks<br />Count: 169<br />Percent: 12.3", "Category: Classification<br />Count: 160<br />Percent: 11.7", "Category: Ordering<br />Count: 158<br />Percent: 11.5", "Category: Differential Expression<br />Count: 139<br />Percent: 10.2", "Category: Quality Control<br />Count: 139<br />Percent: 10.2", "Category: Normalisation<br />Count: 136<br />Percent: 9.9", "Category: Marker Genes<br />Count: 115<br />Percent: 8.4", "Category: Interactive<br />Count: 96<br />Percent: 7", "Category: Gene Sets<br />Count: 95<br />Percent: 6.9", "Category: Imputation<br />Count: 91<br />Percent: 6.6", "Category: Quantification<br />Count: 87<br />Percent: 6.4", "Category: Simulation<br />Count: 84<br />Percent: 6.1", "Category: Variable Genes<br />Count: 81<br />Percent: 5.9", "Category: Gene Filtering<br />Count: 60<br />Percent: 4.4", "Category: Variants<br />Count: 58<br />Percent: 4.2", "Category: UMIs<br />Count: 50<br />Percent: 3.7", "Category: Alignment<br />Count: 49<br />Percent: 3.6", "Category: Expression Patterns<br />Count: 43<br />Percent: 3.1", "Category: Alternative Splicing<br />Count: 35<br />Percent: 2.6", "Category: Immune<br />Count: 33<br />Percent: 2.4", "Category: Cell Cycle<br />Count: 28<br />Percent: 2", "Category: Perturbations<br />Count: 28<br />Percent: 2", "Category: Rare Cells<br />Count: 18<br />Percent: 1.3", "Category: Assembly<br />Count: 9<br />Percent: 0.7", "Category: Stem Cells<br />Count: 8<br />Percent: 0.6", "Category: Transformation<br />Count: 8<br />Percent: 0.6", "Category: Modality<br />Count: 7<br />Percent: 0.5", "Category: Allele Specific<br />Count: 6<br />Percent: 0.4", "Category: Haplotypes<br />Count: 2<br />Percent: 0.1"],
      "type": "bar",
      "textposition": "none",
      "marker": {
        "autocolorscale": false,
        "color": "rgba(122,82,199,1)",
        "line": {
          "width": 1.88976377952756,
          "color": "transparent"
        }
      },
      "showlegend": false,
      "xaxis": "x",
      "yaxis": "y",
      "hoverinfo": "text",
      "frame": null
    }
  ],
  "layout": {
    "margin": {
      "t": 50,
      "r": 30,
      "b": 50,
      "l": 70
    },
    "font": {
      "color": "rgba(0,0,0,1)",
      "family": "",
      "size": 18.5969281859693
    },
    "xaxis": {
      "domain": [0, 1],
      "automargin": true,
      "type": "linear",
      "autorange": false,
      "range": [0.4, 33.6],
      "tickmode": "array",
      "ticktext": ["Visualisation", "Clustering", "Dimensionality Reduction", "Integration", "Gene Networks", "Classification", "Ordering", "Differential Expression", "Quality Control", "Normalisation", "Marker Genes", "Interactive", "Gene Sets", "Imputation", "Quantification", "Simulation", "Variable Genes", "Gene Filtering", "Variants", "UMIs", "Alignment", "Expression Patterns", "Alternative Splicing", "Immune", "Cell Cycle", "Perturbations", "Rare Cells", "Assembly", "Stem Cells", "Transformation", "Modality", "Allele Specific", "Haplotypes"],
      "tickvals": [1, 2, 3, 4, 5, 6, 7, 8, 9, 10, 11, 12, 13, 14, 15, 16, 17, 18, 19, 20, 21, 22, 23, 24, 25, 26, 27, 28, 29, 30, 31, 32, 33],
      "categoryorder": "array",
      "categoryarray": ["Visualisation", "Clustering", "Dimensionality Reduction", "Integration", "Gene Networks", "Classification", "Ordering", "Differential Expression", "Quality Control", "Normalisation", "Marker Genes", "Interactive", "Gene Sets", "Imputation", "Quantification", "Simulation", "Variable Genes", "Gene Filtering", "Variants", "UMIs", "Alignment", "Expression Patterns", "Alternative Splicing", "Immune", "Cell Cycle", "Perturbations", "Rare Cells", "Assembly", "Stem Cells", "Transformation", "Modality", "Allele Specific", "Haplotypes"],
      "nticks": null,
      "ticks": "outside",
      "tickcolor": "rgba(0,0,0,1)",
      "ticklen": 4.64923204649232,
      "tickwidth": 0.66417600664176,
      "showticklabels": true,
      "tickfont": {
        "color": "rgba(0,0,0,1)",
        "family": "",
        "size": 15.9402241594022
      },
      "tickangle": -60,
      "showline": true,
      "linecolor": "rgba(0,0,0,1)",
      "linewidth": 0.66417600664176,
      "showgrid": false,
      "gridcolor": null,
      "gridwidth": 0,
      "zeroline": false,
      "anchor": "y",
      "title": {
        "text": "",
        "font": {
          "color": null,
          "family": null,
          "size": 0
        }
      },
      "hoverformat": ".2f"
    },
    "yaxis": {
      "domain": [0, 1],
      "automargin": true,
      "type": "linear",
      "autorange": false,
      "range": [-0.0206355003652301, 0.433345507669832],
      "tickmode": "array",
      "ticktext": ["0%", "10%", "20%", "30%", "40%"],
      "tickvals": [0, 0.1, 0.2, 0.3, 0.4],
      "categoryorder": "array",
      "categoryarray": ["0%", "10%", "20%", "30%", "40%"],
      "nticks": null,
      "ticks": "outside",
      "tickcolor": "rgba(0,0,0,1)",
      "ticklen": 4.64923204649232,
      "tickwidth": 0.66417600664176,
      "showticklabels": true,
      "tickfont": {
        "color": "rgba(0,0,0,1)",
        "family": "",
        "size": 15.9402241594022
      },
      "tickangle": -0,
      "showline": true,
      "linecolor": "rgba(0,0,0,1)",
      "linewidth": 0.66417600664176,
      "showgrid": false,
      "gridcolor": null,
      "gridwidth": 0,
      "zeroline": false,
      "anchor": "x",
      "title": {
        "text": "Percentage of tools",
        "font": {
          "color": "rgba(0,0,0,1)",
          "family": "",
          "size": 18.5969281859693
        }
      },
      "hoverformat": ".2f"
    },
    "shapes": [
      {
        "type": "rect",
        "fillcolor": null,
        "line": {
          "color": null,
          "width": 0,
          "linetype": []
        },
        "yref": "paper",
        "xref": "paper",
        "x0": 0,
        "x1": 1,
        "y0": 0,
        "y1": 1
      }
    ],
    "showlegend": false,
    "legend": {
      "bgcolor": null,
      "bordercolor": null,
      "borderwidth": 0,
      "font": {
        "color": "rgba(0,0,0,1)",
        "family": "",
        "size": 15.9402241594022
      }
    },
    "hovermode": "closest",