{
  "data": [
    {
      "orientation": "v",
      "width": [0.95, 0.95, 0.95, 0.95, 0.949999999999999, 0.949999999999999, 0.949999999999999, 0.949999999999999, 0.949999999999999, 0.949999999999999, 0.949999999999999, 0.949999999999999, 0.949999999999999, 0.949999999999999, 0.949999999999999, 0.950000000000001, 0.950000000000003, 0.950000000000003, 0.950000000000003, 0.950000000000003, 0.950000000000003, 0.950000000000003, 0.950000000000003, 0.950000000000003, 0.950000000000003, 0.950000000000003, 0.950000000000003, 0.950000000000003, 0.950000000000003, 0.950000000000003, 0.950000000000003, 0.950000000000003],
      "base": [0, 0, 0, 0, 0, 0, 0, 0, 0, 0, 0, 0, 0, 0, 0, 0, 0, 0, 0, 0, 0, 0, 0, 0, 0, 0, 0, 0, 0, 0, 0, 0],
      "x": [1, 2, 3, 4, 5, 6, 7, 8, 9, 10, 11, 12, 13, 14, 15, 16, 17, 18, 19, 20, 21, 22, 23, 24, 25, 26, 27, 28, 29, 30, 31, 32],
      "y": [0.467532467532468, 0.267161410018553, 0.250463821892393, 0.155844155844156, 0.152133580705009, 0.126159554730983, 0.126159554730983, 0.122448979591837, 0.111317254174397, 0.102040816326531, 0.102040816326531, 0.0871985157699443, 0.0834879406307978, 0.0779220779220779, 0.0742115027829314, 0.0742115027829314, 0.0723562152133581, 0.0667903525046382, 0.0575139146567718, 0.0538033395176252, 0.0408163265306122, 0.0315398886827458, 0.0278293135435993, 0.0204081632653061, 0.0204081632653061, 0.0148423005565863, 0.0111317254174397, 0.00927643784786642, 0.00927643784786642, 0.00742115027829314, 0.00556586270871985, 0.00371057513914657],
      "text": ["Category: Visualisation<br />Prop: 0.467532468<br />Count: 252<br />Percent: 46.8", "Category: Clustering<br />Prop: 0.267161410<br />Count: 144<br />Percent: 26.7", "Category: Dimensionality Reduction<br />Prop: 0.250463822<br />Count: 135<br />Percent: 25", "Category: Normalisation<br />Prop: 0.155844156<br />Count: 84<br />Percent: 15.6", "Category: Ordering<br />Prop: 0.152133581<br />Count: 82<br />Percent: 15.2", "Category: Interactive<br />Prop: 0.126159555<br />Count: 68<br />Percent: 12.6", "Category: Quality Control<br />Prop: 0.126159555<br />Count: 68<br />Percent: 12.6", "Category: Differential Expression<br />Prop: 0.122448980<br />Count: 66<br />Percent: 12.2", "Category: Gene Networks<br />Prop: 0.111317254<br />Count: 60<br />Percent: 11.1", "Category: Integration<br />Prop: 0.102040816<br />Count: 55<br />Percent: 10.2", "Category: Marker Genes<br />Prop: 0.102040816<br />Count: 55<br />Percent: 10.2", "Category: Classification<br />Prop: 0.087198516<br />Count: 47<br />Percent: 8.7", "Category: Simulation<br />Prop: 0.083487941<br />Count: 45<br />Percent: 8.3", "Category: Variable Genes<br />Prop: 0.077922078<br />Count: 42<br />Percent: 7.8", "Category: Gene Filtering<br />Prop: 0.074211503<br />Count: 40<br />Percent: 7.4", "Category: Imputation<br />Prop: 0.074211503<br />Count: 40<br />Percent: 7.4", "Category: Gene Sets<br />Prop: 0.072356215<br />Count: 39<br />Percent: 7.2", "Category: Quantification<br />Prop: 0.066790353<br />Count: 36<br />Percent: 6.7", "Category: UMIs<br />Prop: 0.057513915<br />Count: 31<br />Percent: 5.8", "Category: Expression Patterns<br />Prop: 0.053803340<br />Count: 29<br />Percent: 5.4", "Category: Alignment<br />Prop: 0.040816327<br />Count: 22<br />Percent: 4.1", "Category: Variants<br />Prop: 0.031539889<br />Count: 17<br />Percent: 3.2", "Category: Cell Cycle<br />Prop: 0.027829314<br />Count: 15<br />Percent: 2.8", "Category: Alternative Splicing<br />Prop: 0.020408163<br />Count: 11<br />Percent: 2", "Category: Immune<br />Prop: 0.020408163<br />Count: 11<br />Percent: 2", "Category: Rare Cells<br />Prop: 0.014842301<br />Count: 8<br />Percent: 1.5", "Category: Assembly<br />Prop: 0.011131725<br />Count: 6<br />Percent: 1.1", "Category: Allele Specific<br />Prop: 0.009276438<br />Count: 5<br />Percent: 0.9", "Category: Stem Cells<br />Prop: 0.009276438<br />Count: 5<br />Percent: 0.9", "Category: Transformation<br />Prop: 0.007421150<br />Count: 4<br />Percent: 0.7", "Category: Modality<br />Prop: 0.005565863<br />Count: 3<br />Percent: 0.6", "Category: Haplotypes<br />Prop: 0.003710575<br />Count: 2<br />Percent: 0.4"],
      "type": "bar",
      "marker": {
        "autocolorscale": false,
        "color": "rgba(122,82,199,1)",
        "line": {
          "width": 1.88976377952756,
          "color": "transparent"
        }
      },
      "showlegend": false,
      "xaxis": "x",
      "yaxis": "y",
      "hoverinfo": "text",
      "frame": null
    }
  ],
  "layout": {
    "margin": {
      "t": 0,
      "r": 10,
      "b": 0,
      "l": 55
    },
    "font": {
      "color": "rgba(0,0,0,1)",
      "family": "",
      "size": 18.5969281859693
    },
    "xaxis": {
      "domain": [0, 1],
      "automargin": true,
      "type": "linear",
      "autorange": false,
      "range": [0.4, 32.6],
      "tickmode": "array",
      "ticktext": ["Visualisation", "Clustering", "Dimensionality Reduction", "Normalisation", "Ordering", "Interactive", "Quality Control", "Differential Expression", "Gene Networks", "Integration", "Marker Genes", "Classification", "Simulation", "Variable Genes", "Gene Filtering", "Imputation", "Gene Sets", "Quantification", "UMIs", "Expression Patterns", "Alignment", "Variants", "Cell Cycle", "Alternative Splicing", "Immune", "Rare Cells", "Assembly", "Allele Specific", "Stem Cells", "Transformation", "Modality", "Haplotypes"],
      "tickvals": [1, 2, 3, 4, 5, 6, 7, 8, 9, 10, 11, 12, 13, 14, 15, 16, 17, 18, 19, 20, 21, 22, 23, 24, 25, 26, 27, 28, 29, 30, 31, 32],
      "categoryorder": "array",
      "categoryarray": ["Visualisation", "Clustering", "Dimensionality Reduction", "Normalisation", "Ordering", "Interactive", "Quality Control", "Differential Expression", "Gene Networks", "Integration", "Marker Genes", "Classification", "Simulation", "Variable Genes", "Gene Filtering", "Imputation", "Gene Sets", "Quantification", "UMIs", "Expression Patterns", "Alignment", "Variants", "Cell Cycle", "Alternative Splicing", "Immune", "Rare Cells", "Assembly", "Allele Specific", "Stem Cells", "Transformation", "Modality", "Haplotypes"],
      "nticks": null,
      "ticks": "outside",
      "tickcolor": "rgba(0,0,0,1)",
      "ticklen": 4.64923204649232,
      "tickwidth": 0.66417600664176,
      "showticklabels": true,
      "tickfont": {
        "color": "rgba(0,0,0,1)",
        "family": "",
        "size": 7
      },
      "tickangle": -60,
      "showline": true,
      "linecolor": "rgba(0,0,0,1)",
      "linewidth": 0.66417600664176,
      "showgrid": false,
      "gridcolor": null,
      "gridwidth": 0,
      "zeroline": false,
      "anchor": "y",
      "title": {
        "text": "",
        "font": {
          "color": null,
          "family": null,
          "size": 9
        }
      },
      "hoverformat": ".2f",
      "fixedrange": true
    },
    "yaxis": {
      "domain": [0, 1],
      "automargin": true,
      "type": "linear",
      "autorange": false,
      "range": [-0.0233766233766234, 0.490909090909091],
      "tickmode": "array",
      "ticktext": ["0.0%", "10.0%", "20.0%", "30.0%", "40.0%"],
      "tickvals": [0, 0.1, 0.2, 0.3, 0.4],
      "categoryorder": "array",
      "categoryarray": ["0.0%", "10.0%", "20.0%", "30.0%", "40.0%"],
      "nticks": null,
      "ticks": "outside",
      "tickcolor": "rgba(0,0,0,1)",
      "ticklen": 4.64923204649232,
      "tickwidth": 0.66417600664176,
      "showticklabels": true,
      "tickfont": {
        "color": "rgba(0,0,0,1)",
        "family": "",
        "size": 7
      },
      "tickangle": -0,
      "showline": true,
      "linecolor": "rgba(0,0,0,1)",
      "linewidth": 0.66417600664176,
      "showgrid": false,
      "gridcolor": null,
      "gridwidth": 0,
      "zeroline": false,
      "anchor": "x",
      "title": {
        "text": "Percentage of tools",
        "font": {
          "color": "rgba(0,0,0,1)",
          "family": "",
          "size": 9
        }
      },
      "hoverformat": ".2f",