{
  "data": [
    {
      "orientation": "v",
      "width": [0.95, 0.95, 0.95, 0.95, 0.949999999999999, 0.949999999999999, 0.949999999999999, 0.949999999999999, 0.949999999999999, 0.949999999999999, 0.949999999999999, 0.949999999999999, 0.949999999999999, 0.949999999999999, 0.949999999999999, 0.950000000000001, 0.950000000000003, 0.950000000000003, 0.950000000000003, 0.950000000000003, 0.950000000000003, 0.950000000000003, 0.950000000000003, 0.950000000000003, 0.950000000000003, 0.950000000000003, 0.950000000000003, 0.950000000000003, 0.950000000000003, 0.950000000000003, 0.950000000000003, 0.950000000000003, 0.950000000000003],
      "base": [0, 0, 0, 0, 0, 0, 0, 0, 0, 0, 0, 0, 0, 0, 0, 0, 0, 0, 0, 0, 0, 0, 0, 0, 0, 0, 0, 0, 0, 0, 0, 0, 0],
      "x": [1, 2, 3, 4, 5, 6, 7, 8, 9, 10, 11, 12, 13, 14, 15, 16, 17, 18, 19, 20, 21, 22, 23, 24, 25, 26, 27, 28, 29, 30, 31, 32, 33],
      "y": [0.426940639269406, 0.252283105022831, 0.251141552511416, 0.133561643835616, 0.125570776255708, 0.114155251141553, 0.113013698630137, 0.110730593607306, 0.108447488584475, 0.101598173515982, 0.0936073059360731, 0.091324200913242, 0.0787671232876712, 0.0707762557077626, 0.0707762557077626, 0.0639269406392694, 0.0559360730593607, 0.0536529680365297, 0.04337899543379, 0.0410958904109589, 0.0410958904109589, 0.0342465753424658, 0.0205479452054795, 0.0205479452054795, 0.0194063926940639, 0.0125570776255708, 0.0114155251141553, 0.00799086757990868, 0.00684931506849315, 0.00684931506849315, 0.00570776255707763, 0.0045662100456621, 0.00228310502283105],
      "text": ["Category: Visualisation<br />Prop: 0.426940639<br />Count: 374<br />Percent: 42.7", "Category: Clustering<br />Prop: 0.252283105<br />Count: 221<br />Percent: 25.2", "Category: Dimensionality Reduction<br />Prop: 0.251141553<br />Count: 220<br />Percent: 25.1", "Category: Integration<br />Prop: 0.133561644<br />Count: 117<br />Percent: 13.4", "Category: Ordering<br />Prop: 0.125570776<br />Count: 110<br />Percent: 12.6", "Category: Normalisation<br />Prop: 0.114155251<br />Count: 100<br />Percent: 11.4", "Category: Differential Expression<br />Prop: 0.113013699<br />Count: 99<br />Percent: 11.3", "Category: Classification<br />Prop: 0.110730594<br />Count: 97<br />Percent: 11.1", "Category: Gene Networks<br />Prop: 0.108447489<br />Count: 95<br />Percent: 10.8", "Category: Quality Control<br />Prop: 0.101598174<br />Count: 89<br />Percent: 10.2", "Category: Interactive<br />Prop: 0.093607306<br />Count: 82<br />Percent: 9.4", "Category: Marker Genes<br />Prop: 0.091324201<br />Count: 80<br />Percent: 9.1", "Category: Imputation<br />Prop: 0.078767123<br />Count: 69<br />Percent: 7.9", "Category: Gene Sets<br />Prop: 0.070776256<br />Count: 62<br />Percent: 7.1", "Category: Simulation<br />Prop: 0.070776256<br />Count: 62<br />Percent: 7.1", "Category: Variable Genes<br />Prop: 0.063926941<br />Count: 56<br />Percent: 6.4", "Category: Gene Filtering<br />Prop: 0.055936073<br />Count: 49<br />Percent: 5.6", "Category: Quantification<br />Prop: 0.053652968<br />Count: 47<br />Percent: 5.4", "Category: UMIs<br />Prop: 0.043378995<br />Count: 38<br />Percent: 4.3", "Category: Expression Patterns<br />Prop: 0.041095890<br />Count: 36<br />Percent: 4.1", "Category: Variants<br />Prop: 0.041095890<br />Count: 36<br />Percent: 4.1", "Category: Alignment<br />Prop: 0.034246575<br />Count: 30<br />Percent: 3.4", "Category: Cell Cycle<br />Prop: 0.020547945<br />Count: 18<br />Percent: 2.1", "Category: Immune<br />Prop: 0.020547945<br />Count: 18<br />Percent: 2.1", "Category: Alternative Splicing<br />Prop: 0.019406393<br />Count: 17<br />Percent: 1.9", "Category: Perturbations<br />Prop: 0.012557078<br />Count: 11<br />Percent: 1.3", "Category: Rare Cells<br />Prop: 0.011415525<br />Count: 10<br />Percent: 1.1", "Category: Assembly<br />Prop: 0.007990868<br />Count: 7<br />Percent: 0.8", "Category: Allele Specific<br />Prop: 0.006849315<br />Count: 6<br />Percent: 0.7", "Category: Stem Cells<br />Prop: 0.006849315<br />Count: 6<br />Percent: 0.7", "Category: Modality<br />Prop: 0.005707763<br />Count: 5<br />Percent: 0.6", "Category: Transformation<br />Prop: 0.004566210<br />Count: 4<br />Percent: 0.5", "Category: Haplotypes<br />Prop: 0.002283105<br />Count: 2<br />Percent: 0.2"],
      "type": "bar",
      "marker": {
        "autocolorscale": false,
        "color": "rgba(122,82,199,1)",
        "line": {
          "width": 1.88976377952756,
          "color": "transparent"
        }
      },
      "showlegend": false,
      "xaxis": "x",
      "yaxis": "y",
      "hoverinfo": "text",
      "frame": null
    }
  ],
  "layout": {
    "margin": {
      "t": 0,
      "r": 10,
      "b": 0,
      "l": 55
    },
    "font": {
      "color": "rgba(0,0,0,1)",
      "family": "",
      "size": 18.5969281859693
    },
    "xaxis": {
      "domain": [0, 1],
      "automargin": true,
      "type": "linear",
      "autorange": false,
      "range": [0.4, 33.6],
      "tickmode": "array",
      "ticktext": ["Visualisation", "Clustering", "Dimensionality Reduction", "Integration", "Ordering", "Normalisation", "Differential Expression", "Classification", "Gene Networks", "Quality Control", "Interactive", "Marker Genes", "Imputation", "Gene Sets", "Simulation", "Variable Genes", "Gene Filtering", "Quantification", "UMIs", "Expression Patterns", "Variants", "Alignment", "Cell Cycle", "Immune", "Alternative Splicing", "Perturbations", "Rare Cells", "Assembly", "Allele Specific", "Stem Cells", "Modality", "Transformation", "Haplotypes"],
      "tickvals": [1, 2, 3, 4, 5, 6, 7, 8, 9, 10, 11, 12, 13, 14, 15, 16, 17, 18, 19, 20, 21, 22, 23, 24, 25, 26, 27, 28, 29, 30, 31, 32, 33],
      "categoryorder": "array",
      "categoryarray": ["Visualisation", "Clustering", "Dimensionality Reduction", "Integration", "Ordering", "Normalisation", "Differential Expression", "Classification", "Gene Networks", "Quality Control", "Interactive", "Marker Genes", "Imputation", "Gene Sets", "Simulation", "Variable Genes", "Gene Filtering", "Quantification", "UMIs", "Expression Patterns", "Variants", "Alignment", "Cell Cycle", "Immune", "Alternative Splicing", "Perturbations", "Rare Cells", "Assembly", "Allele Specific", "Stem Cells", "Modality", "Transformation", "Haplotypes"],
      "nticks": null,
      "ticks": "outside",
      "tickcolor": "rgba(0,0,0,1)",
      "ticklen": 4.64923204649232,
      "tickwidth": 0.66417600664176,
      "showticklabels": true,
      "tickfont": {
        "color": "rgba(0,0,0,1)",
        "family": "",
        "size": 7
      },
      "tickangle": -60,
      "showline": true,
      "linecolor": "rgba(0,0,0,1)",
      "linewidth": 0.66417600664176,
      "showgrid": false,
      "gridcolor": null,
      "gridwidth": 0,
      "zeroline": false,
      "anchor": "y",
      "title": {
        "text": "",
        "font": {
          "color": null,
          "family": null,
          "size": 9
        }
      },
      "hoverformat": ".2f",
      "fixedrange": true
    },
    "yaxis": {
      "domain": [0, 1],
      "automargin": true,
      "type": "linear",
      "autorange": false,
      "range": [-0.0213470319634703, 0.448287671232877],
      "tickmode": "array",
      "ticktext": ["0.0%", "10.0%", "20.0%", "30.0%", "40.0%"],
      "tickvals": [0, 0.1, 0.2, 0.3, 0.4],
      "categoryorder": "array",
      "categoryarray": ["0.0%", "10.0%", "20.0%", "30.0%", "40.0%"],
      "nticks": null,
      "ticks": "outside",
      "tickcolor": "rgba(0,0,0,1)",
      "ticklen": 4.64923204649232,
      "tickwidth": 0.66417600664176,
      "showticklabels": true,
      "tickfont": {
        "color": "rgba(0,0,0,1)",
        "family": "",
        "size": 7
      },
      "tickangle": -0,
      "showline": true,
      "linecolor": "rgba(0,0,0,1)",
      "linewidth": 0.66417600664176,
      "showgrid": false,
      "gridcolor": null,
      "gridwidth": 0,
      "zeroline": false,
      "anchor": "x",