{
  "data": [
    {
      "orientation": "v",
      "width": [0.95, 0.95, 0.95, 0.95, 0.949999999999999, 0.949999999999999, 0.949999999999999, 0.949999999999999, 0.949999999999999, 0.949999999999999, 0.949999999999999, 0.949999999999999, 0.949999999999999, 0.949999999999999, 0.949999999999999, 0.950000000000001, 0.950000000000003, 0.950000000000003, 0.950000000000003, 0.950000000000003, 0.950000000000003, 0.950000000000003, 0.950000000000003, 0.950000000000003, 0.950000000000003, 0.950000000000003, 0.950000000000003, 0.950000000000003, 0.950000000000003, 0.950000000000003, 0.950000000000003, 0.950000000000003, 0.950000000000003],
      "base": [0, 0, 0, 0, 0, 0, 0, 0, 0, 0, 0, 0, 0, 0, 0, 0, 0, 0, 0, 0, 0, 0, 0, 0, 0, 0, 0, 0, 0, 0, 0, 0, 0],
      "x": [1, 2, 3, 4, 5, 6, 7, 8, 9, 10, 11, 12, 13, 14, 15, 16, 17, 18, 19, 20, 21, 22, 23, 24, 25, 26, 27, 28, 29, 30, 31, 32, 33],
      "y": [0.409628378378378, 0.247466216216216, 0.245777027027027, 0.142736486486486, 0.117398648648649, 0.116554054054054, 0.114864864864865, 0.107263513513514, 0.102195945945946, 0.100506756756757, 0.0853040540540541, 0.0785472972972973, 0.066722972972973, 0.0658783783783784, 0.0650337837837838, 0.0608108108108108, 0.0608108108108108, 0.0464527027027027, 0.0413851351351351, 0.0363175675675676, 0.035472972972973, 0.0346283783783784, 0.0261824324324324, 0.0211148648648649, 0.0194256756756757, 0.0168918918918919, 0.0126689189189189, 0.00675675675675676, 0.00591216216216216, 0.00591216216216216, 0.00591216216216216, 0.00506756756756757, 0.00168918918918919],
      "text": ["Category: Visualisation<br />Count: 485<br />Percent: 41", "Category: Clustering<br />Count: 293<br />Percent: 24.7", "Category: Dimensionality Reduction<br />Count: 291<br />Percent: 24.6", "Category: Integration<br />Count: 169<br />Percent: 14.3", "Category: Gene Networks<br />Count: 139<br />Percent: 11.7", "Category: Ordering<br />Count: 138<br />Percent: 11.7", "Category: Classification<br />Count: 136<br />Percent: 11.5", "Category: Differential Expression<br />Count: 127<br />Percent: 10.7", "Category: Normalisation<br />Count: 121<br />Percent: 10.2", "Category: Quality Control<br />Count: 119<br />Percent: 10.1", "Category: Marker Genes<br />Count: 101<br />Percent: 8.5", "Category: Interactive<br />Count: 93<br />Percent: 7.9", "Category: Gene Sets<br />Count: 79<br />Percent: 6.7", "Category: Imputation<br />Count: 78<br />Percent: 6.6", "Category: Simulation<br />Count: 77<br />Percent: 6.5", "Category: Quantification<br />Count: 72<br />Percent: 6.1", "Category: Variable Genes<br />Count: 72<br />Percent: 6.1", "Category: Gene Filtering<br />Count: 55<br />Percent: 4.6", "Category: Variants<br />Count: 49<br />Percent: 4.1", "Category: Alignment<br />Count: 43<br />Percent: 3.6", "Category: Expression Patterns<br />Count: 42<br />Percent: 3.5", "Category: UMIs<br />Count: 41<br />Percent: 3.5", "Category: Alternative Splicing<br />Count: 31<br />Percent: 2.6", "Category: Cell Cycle<br />Count: 25<br />Percent: 2.1", "Category: Immune<br />Count: 23<br />Percent: 1.9", "Category: Perturbations<br />Count: 20<br />Percent: 1.7", "Category: Rare Cells<br />Count: 15<br />Percent: 1.3", "Category: Assembly<br />Count: 8<br />Percent: 0.7", "Category: Modality<br />Count: 7<br />Percent: 0.6", "Category: Stem Cells<br />Count: 7<br />Percent: 0.6", "Category: Transformation<br />Count: 7<br />Percent: 0.6", "Category: Allele Specific<br />Count: 6<br />Percent: 0.5", "Category: Haplotypes<br />Count: 2<br />Percent: 0.2"],
      "type": "bar",
      "marker": {
        "autocolorscale": false,
        "color": "rgba(122,82,199,1)",
        "line": {
          "width": 1.88976377952756,
          "color": "transparent"
        }
      },
      "showlegend": false,
      "xaxis": "x",
      "yaxis": "y",
      "hoverinfo": "text",
      "frame": null
    }
  ],
  "layout": {
    "margin": {
      "t": 50,
      "r": 30,
      "b": 50,
      "l": 70
    },
    "font": {
      "color": "rgba(0,0,0,1)",
      "family": "",
      "size": 18.5969281859693
    },
    "xaxis": {
      "domain": [0, 1],
      "automargin": true,
      "type": "linear",
      "autorange": false,
      "range": [0.4, 33.6],
      "tickmode": "array",
      "ticktext": ["Visualisation", "Clustering", "Dimensionality Reduction", "Integration", "Gene Networks", "Ordering", "Classification", "Differential Expression", "Normalisation", "Quality Control", "Marker Genes", "Interactive", "Gene Sets", "Imputation", "Simulation", "Quantification", "Variable Genes", "Gene Filtering", "Variants", "Alignment", "Expression Patterns", "UMIs", "Alternative Splicing", "Cell Cycle", "Immune", "Perturbations", "Rare Cells", "Assembly", "Modality", "Stem Cells", "Transformation", "Allele Specific", "Haplotypes"],
      "tickvals": [1, 2, 3, 4, 5, 6, 7, 8, 9, 10, 11, 12, 13, 14, 15, 16, 17, 18, 19, 20, 21, 22, 23, 24, 25, 26, 27, 28, 29, 30, 31, 32, 33],
      "categoryorder": "array",
      "categoryarray": ["Visualisation", "Clustering", "Dimensionality Reduction", "Integration", "Gene Networks", "Ordering", "Classification", "Differential Expression", "Normalisation", "Quality Control", "Marker Genes", "Interactive", "Gene Sets", "Imputation", "Simulation", "Quantification", "Variable Genes", "Gene Filtering", "Variants", "Alignment", "Expression Patterns", "UMIs", "Alternative Splicing", "Cell Cycle", "Immune", "Perturbations", "Rare Cells", "Assembly", "Modality", "Stem Cells", "Transformation", "Allele Specific", "Haplotypes"],
      "nticks": null,
      "ticks": "outside",
      "tickcolor": "rgba(0,0,0,1)",
      "ticklen": 4.64923204649232,
      "tickwidth": 0.66417600664176,
      "showticklabels": true,
      "tickfont": {
        "color": "rgba(0,0,0,1)",
        "family": "",
        "size": 15.9402241594022
      },
      "tickangle": -60,
      "showline": true,
      "linecolor": "rgba(0,0,0,1)",
      "linewidth": 0.66417600664176,
      "showgrid": false,
      "gridcolor": null,
      "gridwidth": 0,
      "zeroline": false,
      "anchor": "y",
      "title": {
        "text": "",
        "font": {
          "color": null,
          "family": null,
          "size": 0
        }
      },
      "hoverformat": ".2f"
    },
    "yaxis": {
      "domain": [0, 1],
      "automargin": true,
      "type": "linear",
      "autorange": false,
      "range": [-0.0204814189189189, 0.430109797297297],
      "tickmode": "array",
      "ticktext": ["0.0%", "10.0%", "20.0%", "30.0%", "40.0%"],
      "tickvals": [0, 0.1, 0.2, 0.3, 0.4],
      "categoryorder": "array",
      "categoryarray": ["0.0%", "10.0%", "20.0%", "30.0%", "40.0%"],
      "nticks": null,
      "ticks": "outside",
      "tickcolor": "rgba(0,0,0,1)",
      "ticklen": 4.64923204649232,
      "tickwidth": 0.66417600664176,
      "showticklabels": true,
      "tickfont": {
        "color": "rgba(0,0,0,1)",
        "family": "",
        "size": 15.9402241594022
      },
      "tickangle": -0,
      "showline": true,
      "linecolor": "rgba(0,0,0,1)",
      "linewidth": 0.66417600664176,
      "showgrid": false,
      "gridcolor": null,
      "gridwidth": 0,
      "zeroline": false,
      "anchor": "x",
      "title": {
        "text": "Percentage of tools",
        "font": {
          "color": "rgba(0,0,0,1)",
          "family": "",
          "size": 18.5969281859693
        }
      },
      "hoverformat": ".2f"
    },
    "shapes": [
      {
        "type": "rect",
        "fillcolor": null,
        "line": {
          "color": null,
          "width": 0,
          "linetype": []
        },
        "yref": "paper",
        "xref": "paper",
        "x0": 0,
        "x1": 1,
        "y0": 0,
        "y1": 1
      }
    ],
    "showlegend": false,
    "legend": {
      "bgcolor": null,
      "bordercolor": null,
      "borderwidth": 0,
      "font": {
        "color": "rgba(0,0,0,1)",
        "family": "",
        "size": 15.9402241594022
      }
    },