{
  "data": [
    {
      "orientation": "v",
      "width": [0.95, 0.95, 0.95, 0.95, 0.949999999999999, 0.949999999999999, 0.949999999999999, 0.949999999999999, 0.949999999999999, 0.949999999999999, 0.949999999999999, 0.949999999999999, 0.949999999999999, 0.949999999999999, 0.949999999999999, 0.950000000000001, 0.950000000000003, 0.950000000000003, 0.950000000000003, 0.950000000000003, 0.950000000000003, 0.950000000000003, 0.950000000000003, 0.950000000000003, 0.950000000000003, 0.950000000000003, 0.950000000000003, 0.950000000000003, 0.950000000000003, 0.950000000000003, 0.950000000000003, 0.950000000000003, 0.950000000000003],
      "base": [0, 0, 0, 0, 0, 0, 0, 0, 0, 0, 0, 0, 0, 0, 0, 0, 0, 0, 0, 0, 0, 0, 0, 0, 0, 0, 0, 0, 0, 0, 0, 0, 0],
      "x": [1, 2, 3, 4, 5, 6, 7, 8, 9, 10, 11, 12, 13, 14, 15, 16, 17, 18, 19, 20, 21, 22, 23, 24, 25, 26, 27, 28, 29, 30, 31, 32, 33],
      "y": [0.413074712643678, 0.239224137931034, 0.238505747126437, 0.146551724137931, 0.122844827586207, 0.11566091954023, 0.114942528735632, 0.100574712643678, 0.0998563218390805, 0.0977011494252874, 0.0833333333333333, 0.069683908045977, 0.069683908045977, 0.0653735632183908, 0.0632183908045977, 0.0610632183908046, 0.0596264367816092, 0.0438218390804598, 0.0431034482758621, 0.0359195402298851, 0.0352011494252874, 0.0330459770114943, 0.0258620689655172, 0.0251436781609195, 0.021551724137931, 0.0201149425287356, 0.0136494252873563, 0.00646551724137931, 0.00574712643678161, 0.00574712643678161, 0.00502873563218391, 0.00431034482758621, 0.0014367816091954],
      "text": ["Category: Visualisation<br />Prop: 0.413074713<br />Count: 575<br />Percent: 41.3", "Category: Dimensionality Reduction<br />Prop: 0.239224138<br />Count: 333<br />Percent: 23.9", "Category: Clustering<br />Prop: 0.238505747<br />Count: 332<br />Percent: 23.9", "Category: Integration<br />Prop: 0.146551724<br />Count: 204<br />Percent: 14.7", "Category: Gene Networks<br />Prop: 0.122844828<br />Count: 171<br />Percent: 12.3", "Category: Classification<br />Prop: 0.115660920<br />Count: 161<br />Percent: 11.6", "Category: Ordering<br />Prop: 0.114942529<br />Count: 160<br />Percent: 11.5", "Category: Quality Control<br />Prop: 0.100574713<br />Count: 140<br />Percent: 10.1", "Category: Differential Expression<br />Prop: 0.099856322<br />Count: 139<br />Percent: 10", "Category: Normalisation<br />Prop: 0.097701149<br />Count: 136<br />Percent: 9.8", "Category: Marker Genes<br />Prop: 0.083333333<br />Count: 116<br />Percent: 8.3", "Category: Gene Sets<br />Prop: 0.069683908<br />Count: 97<br />Percent: 7", "Category: Interactive<br />Prop: 0.069683908<br />Count: 97<br />Percent: 7", "Category: Imputation<br />Prop: 0.065373563<br />Count: 91<br />Percent: 6.5", "Category: Quantification<br />Prop: 0.063218391<br />Count: 88<br />Percent: 6.3", "Category: Simulation<br />Prop: 0.061063218<br />Count: 85<br />Percent: 6.1", "Category: Variable Genes<br />Prop: 0.059626437<br />Count: 83<br />Percent: 6", "Category: Variants<br />Prop: 0.043821839<br />Count: 61<br />Percent: 4.4", "Category: Gene Filtering<br />Prop: 0.043103448<br />Count: 60<br />Percent: 4.3", "Category: UMIs<br />Prop: 0.035919540<br />Count: 50<br />Percent: 3.6", "Category: Alignment<br />Prop: 0.035201149<br />Count: 49<br />Percent: 3.5", "Category: Expression Patterns<br />Prop: 0.033045977<br />Count: 46<br />Percent: 3.3", "Category: Alternative Splicing<br />Prop: 0.025862069<br />Count: 36<br />Percent: 2.6", "Category: Immune<br />Prop: 0.025143678<br />Count: 35<br />Percent: 2.5", "Category: Perturbations<br />Prop: 0.021551724<br />Count: 30<br />Percent: 2.2", "Category: Cell Cycle<br />Prop: 0.020114943<br />Count: 28<br />Percent: 2", "Category: Rare Cells<br />Prop: 0.013649425<br />Count: 19<br />Percent: 1.4", "Category: Assembly<br />Prop: 0.006465517<br />Count: 9<br />Percent: 0.6", "Category: Stem Cells<br />Prop: 0.005747126<br />Count: 8<br />Percent: 0.6", "Category: Transformation<br />Prop: 0.005747126<br />Count: 8<br />Percent: 0.6", "Category: Modality<br />Prop: 0.005028736<br />Count: 7<br />Percent: 0.5", "Category: Allele Specific<br />Prop: 0.004310345<br />Count: 6<br />Percent: 0.4", "Category: Haplotypes<br />Prop: 0.001436782<br />Count: 2<br />Percent: 0.1"],
      "type": "bar",
      "textposition": "none",
      "marker": {
        "autocolorscale": false,
        "color": "rgba(122,82,199,1)",
        "line": {
          "width": 1.88976377952756,
          "color": "transparent"
        }
      },
      "showlegend": false,
      "xaxis": "x",
      "yaxis": "y",
      "hoverinfo": "text",
      "frame": null
    }
  ],
  "layout": {
    "margin": {
      "t": 0,
      "r": 10,
      "b": 0,
      "l": 55
    },
    "font": {
      "color": "rgba(0,0,0,1)",
      "family": "",
      "size": 18.5969281859693
    },
    "xaxis": {
      "domain": [0, 1],
      "automargin": true,
      "type": "linear",
      "autorange": false,
      "range": [0.4, 33.6],
      "tickmode": "array",
      "ticktext": ["Visualisation", "Dimensionality Reduction", "Clustering", "Integration", "Gene Networks", "Classification", "Ordering", "Quality Control", "Differential Expression", "Normalisation", "Marker Genes", "Gene Sets", "Interactive", "Imputation", "Quantification", "Simulation", "Variable Genes", "Variants", "Gene Filtering", "UMIs", "Alignment", "Expression Patterns", "Alternative Splicing", "Immune", "Perturbations", "Cell Cycle", "Rare Cells", "Assembly", "Stem Cells", "Transformation", "Modality", "Allele Specific", "Haplotypes"],
      "tickvals": [1, 2, 3, 4, 5, 6, 7, 8, 9, 10, 11, 12, 13, 14, 15, 16, 17, 18, 19, 20, 21, 22, 23, 24, 25, 26, 27, 28, 29, 30, 31, 32, 33],
      "categoryorder": "array",
      "categoryarray": ["Visualisation", "Dimensionality Reduction", "Clustering", "Integration", "Gene Networks", "Classification", "Ordering", "Quality Control", "Differential Expression", "Normalisation", "Marker Genes", "Gene Sets", "Interactive", "Imputation", "Quantification", "Simulation", "Variable Genes", "Variants", "Gene Filtering", "UMIs", "Alignment", "Expression Patterns", "Alternative Splicing", "Immune", "Perturbations", "Cell Cycle", "Rare Cells", "Assembly", "Stem Cells", "Transformation", "Modality", "Allele Specific", "Haplotypes"],
      "nticks": null,
      "ticks": "outside",
      "tickcolor": "rgba(0,0,0,1)",
      "ticklen": 4.64923204649232,
      "tickwidth": 0.66417600664176,
      "showticklabels": true,
      "tickfont": {
        "color": "rgba(0,0,0,1)",
        "family": "",
        "size": 7
      },
      "tickangle": -60,
      "showline": true,
      "linecolor": "rgba(0,0,0,1)",
      "linewidth": 0.66417600664176,
      "showgrid": false,
      "gridcolor": null,
      "gridwidth": 0,
      "zeroline": false,
      "anchor": "y",
      "title": {
        "text": "",
        "font": {
          "color": null,
          "family": null,
          "size": 9
        }
      },
      "hoverformat": ".2f",
      "fixedrange": true
    },
    "yaxis": {
      "domain": [0, 1],
      "automargin": true,
      "type": "linear",
      "autorange": false,
      "range": [-0.0206537356321839, 0.433728448275862],
      "tickmode": "array",
      "ticktext": ["0%", "10%", "20%", "30%", "40%"],
      "tickvals": [0, 0.1, 0.2, 0.3, 0.4],
      "categoryorder": "array",
      "categoryarray": ["0%", "10%", "20%", "30%", "40%"],
      "nticks": null,
      "ticks": "outside",
      "tickcolor": "rgba(0,0,0,1)",
      "ticklen": 4.64923204649232,
      "tickwidth": 0.66417600664176,
      "showticklabels": true,
      "tickfont": {
        "color": "rgba(0,0,0,1)",
        "family": "",
        "size": 7
      },
      "tickangle": -0,
      "showline": true,
      "linecolor": "rgba(0,0,0,1)",
      "linewidth": 0.66417600664176,
      "showgrid": false,
      "gridcolor": null,
      "gridwidth": 0,
      "zeroline": false,
      "anchor": "x",