{
  "data": [
    {
      "orientation": "v",
      "width": [0.95, 0.95, 0.95, 0.95, 0.949999999999999, 0.949999999999999, 0.949999999999999, 0.949999999999999, 0.949999999999999, 0.949999999999999, 0.949999999999999, 0.949999999999999, 0.949999999999999, 0.949999999999999, 0.949999999999999, 0.950000000000001, 0.950000000000003, 0.950000000000003, 0.950000000000003, 0.950000000000003, 0.950000000000003, 0.950000000000003, 0.950000000000003, 0.950000000000003, 0.950000000000003, 0.950000000000003, 0.950000000000003, 0.950000000000003, 0.950000000000003, 0.950000000000003, 0.950000000000003, 0.950000000000003],
      "base": [0, 0, 0, 0, 0, 0, 0, 0, 0, 0, 0, 0, 0, 0, 0, 0, 0, 0, 0, 0, 0, 0, 0, 0, 0, 0, 0, 0, 0, 0, 0, 0],
      "x": [1, 2, 3, 4, 5, 6, 7, 8, 9, 10, 11, 12, 13, 14, 15, 16, 17, 18, 19, 20, 21, 22, 23, 24, 25, 26, 27, 28, 29, 30, 31, 32],
      "y": [0.450406504065041, 0.266666666666667, 0.247154471544715, 0.144715447154472, 0.143089430894309, 0.11869918699187, 0.113821138211382, 0.113821138211382, 0.11219512195122, 0.108943089430894, 0.102439024390244, 0.0943089430894309, 0.0845528455284553, 0.0796747967479675, 0.0747967479674797, 0.0715447154471545, 0.0650406504065041, 0.0617886178861789, 0.0536585365853659, 0.0504065040650407, 0.0390243902439024, 0.0357723577235772, 0.024390243902439, 0.0195121951219512, 0.0195121951219512, 0.0146341463414634, 0.00975609756097561, 0.00975609756097561, 0.00813008130081301, 0.00650406504065041, 0.00650406504065041, 0.0032520325203252],
      "text": ["Category: Visualisation<br />Count: 277<br />Percent: 45", "Category: Clustering<br />Count: 164<br />Percent: 26.7", "Category: Dimensionality Reduction<br />Count: 152<br />Percent: 24.7", "Category: Ordering<br />Count: 89<br />Percent: 14.5", "Category: Normalisation<br />Count: 88<br />Percent: 14.3", "Category: Integration<br />Count: 73<br />Percent: 11.9", "Category: Differential Expression<br />Count: 70<br />Percent: 11.4", "Category: Quality Control<br />Count: 70<br />Percent: 11.4", "Category: Interactive<br />Count: 69<br />Percent: 11.2", "Category: Gene Networks<br />Count: 67<br />Percent: 10.9", "Category: Marker Genes<br />Count: 63<br />Percent: 10.2", "Category: Classification<br />Count: 58<br />Percent: 9.4", "Category: Imputation<br />Count: 52<br />Percent: 8.5", "Category: Simulation<br />Count: 49<br />Percent: 8", "Category: Gene Sets<br />Count: 46<br />Percent: 7.5", "Category: Variable Genes<br />Count: 44<br />Percent: 7.2", "Category: Gene Filtering<br />Count: 40<br />Percent: 6.5", "Category: Quantification<br />Count: 38<br />Percent: 6.2", "Category: UMIs<br />Count: 33<br />Percent: 5.4", "Category: Expression Patterns<br />Count: 31<br />Percent: 5", "Category: Variants<br />Count: 24<br />Percent: 3.9", "Category: Alignment<br />Count: 22<br />Percent: 3.6", "Category: Cell Cycle<br />Count: 15<br />Percent: 2.4", "Category: Alternative Splicing<br />Count: 12<br />Percent: 2", "Category: Immune<br />Count: 12<br />Percent: 2", "Category: Rare Cells<br />Count: 9<br />Percent: 1.5", "Category: Allele Specific<br />Count: 6<br />Percent: 1", "Category: Assembly<br />Count: 6<br />Percent: 1", "Category: Stem Cells<br />Count: 5<br />Percent: 0.8", "Category: Modality<br />Count: 4<br />Percent: 0.7", "Category: Transformation<br />Count: 4<br />Percent: 0.7", "Category: Haplotypes<br />Count: 2<br />Percent: 0.3"],
      "type": "bar",
      "marker": {
        "autocolorscale": false,
        "color": "rgba(122,82,199,1)",
        "line": {
          "width": 1.88976377952756,
          "color": "transparent"
        }
      },
      "showlegend": false,
      "xaxis": "x",
      "yaxis": "y",
      "hoverinfo": "text",
      "frame": null
    }
  ],
  "layout": {
    "margin": {
      "t": 50,
      "r": 30,
      "b": 50,
      "l": 70
    },
    "font": {
      "color": "rgba(0,0,0,1)",
      "family": "",
      "size": 18.5969281859693
    },
    "xaxis": {
      "domain": [0, 1],
      "automargin": true,
      "type": "linear",
      "autorange": false,
      "range": [0.4, 32.6],
      "tickmode": "array",
      "ticktext": ["Visualisation", "Clustering", "Dimensionality Reduction", "Ordering", "Normalisation", "Integration", "Differential Expression", "Quality Control", "Interactive", "Gene Networks", "Marker Genes", "Classification", "Imputation", "Simulation", "Gene Sets", "Variable Genes", "Gene Filtering", "Quantification", "UMIs", "Expression Patterns", "Variants", "Alignment", "Cell Cycle", "Alternative Splicing", "Immune", "Rare Cells", "Allele Specific", "Assembly", "Stem Cells", "Modality", "Transformation", "Haplotypes"],
      "tickvals": [1, 2, 3, 4, 5, 6, 7, 8, 9, 10, 11, 12, 13, 14, 15, 16, 17, 18, 19, 20, 21, 22, 23, 24, 25, 26, 27, 28, 29, 30, 31, 32],
      "categoryorder": "array",
      "categoryarray": ["Visualisation", "Clustering", "Dimensionality Reduction", "Ordering", "Normalisation", "Integration", "Differential Expression", "Quality Control", "Interactive", "Gene Networks", "Marker Genes", "Classification", "Imputation", "Simulation", "Gene Sets", "Variable Genes", "Gene Filtering", "Quantification", "UMIs", "Expression Patterns", "Variants", "Alignment", "Cell Cycle", "Alternative Splicing", "Immune", "Rare Cells", "Allele Specific", "Assembly", "Stem Cells", "Modality", "Transformation", "Haplotypes"],
      "nticks": null,
      "ticks": "outside",
      "tickcolor": "rgba(0,0,0,1)",
      "ticklen": 4.64923204649232,
      "tickwidth": 0.66417600664176,
      "showticklabels": true,
      "tickfont": {
        "color": "rgba(0,0,0,1)",
        "family": "",
        "size": 15.9402241594022
      },
      "tickangle": -60,
      "showline": true,
      "linecolor": "rgba(0,0,0,1)",
      "linewidth": 0.66417600664176,
      "showgrid": false,
      "gridcolor": null,
      "gridwidth": 0,
      "zeroline": false,
      "anchor": "y",
      "title": {
        "text": "",
        "font": {
          "color": null,
          "family": null,
          "size": 0
        }
      },
      "hoverformat": ".2f"
    },
    "yaxis": {
      "domain": [0, 1],
      "automargin": true,
      "type": "linear",
      "autorange": false,
      "range": [-0.022520325203252, 0.472926829268293],
      "tickmode": "array",
      "ticktext": ["0.0%", "10.0%", "20.0%", "30.0%", "40.0%"],
      "tickvals": [0, 0.1, 0.2, 0.3, 0.4],
      "categoryorder": "array",
      "categoryarray": ["0.0%", "10.0%", "20.0%", "30.0%", "40.0%"],
      "nticks": null,
      "ticks": "outside",
      "tickcolor": "rgba(0,0,0,1)",
      "ticklen": 4.64923204649232,
      "tickwidth": 0.66417600664176,
      "showticklabels": true,
      "tickfont": {
        "color": "rgba(0,0,0,1)",
        "family": "",
        "size": 15.9402241594022
      },
      "tickangle": -0,
      "showline": true,
      "linecolor": "rgba(0,0,0,1)",
      "linewidth": 0.66417600664176,
      "showgrid": false,
      "gridcolor": null,
      "gridwidth": 0,
      "zeroline": false,
      "anchor": "x",
      "title": {
        "text": "Percentage of tools",
        "font": {
          "color": "rgba(0,0,0,1)",
          "family": "",
          "size": 18.5969281859693
        }
      },
      "hoverformat": ".2f"
    },
    "shapes": [
      {
        "type": "rect",
        "fillcolor": null,
        "line": {
          "color": null,
          "width": 0,
          "linetype": []
        },
        "yref": "paper",
        "xref": "paper",
        "x0": 0,
        "x1": 1,
        "y0": 0,
        "y1": 1
      }
    ],
    "showlegend": false,
    "legend": {
      "bgcolor": null,
      "bordercolor": null,
      "borderwidth": 0,
      "font": {
        "color": "rgba(0,0,0,1)",
        "family": "",
        "size": 15.9402241594022
      }
    },
    "hovermode": "closest",
    "height": 600,
    "barmode": "relative",
    "autosize": true
  },
  "config": {
    "doubleClick": "reset",
    "showSendToCloud": false,