{
  "data": [
    {
      "orientation": "v",
      "width": [0.95, 0.95, 0.95, 0.95, 0.949999999999999, 0.949999999999999, 0.949999999999999, 0.949999999999999, 0.949999999999999, 0.949999999999999, 0.949999999999999, 0.949999999999999, 0.949999999999999, 0.949999999999999, 0.949999999999999, 0.950000000000001, 0.950000000000003, 0.950000000000003, 0.950000000000003, 0.950000000000003, 0.950000000000003, 0.950000000000003, 0.950000000000003, 0.950000000000003, 0.950000000000003, 0.950000000000003, 0.950000000000003, 0.950000000000003, 0.950000000000003, 0.950000000000003, 0.950000000000003, 0.950000000000003, 0.950000000000003],
      "base": [0, 0, 0, 0, 0, 0, 0, 0, 0, 0, 0, 0, 0, 0, 0, 0, 0, 0, 0, 0, 0, 0, 0, 0, 0, 0, 0, 0, 0, 0, 0, 0, 0],
      "x": [1, 2, 3, 4, 5, 6, 7, 8, 9, 10, 11, 12, 13, 14, 15, 16, 17, 18, 19, 20, 21, 22, 23, 24, 25, 26, 27, 28, 29, 30, 31, 32, 33],
      "y": [0.408815903197926, 0.248055315471046, 0.247191011235955, 0.142610198789974, 0.116681071737252, 0.116681071737252, 0.11495246326707, 0.109766637856526, 0.10371650821089, 0.100259291270527, 0.0847018150388937, 0.0795159896283492, 0.0665514261019879, 0.0665514261019879, 0.0656871218668972, 0.0596369922212619, 0.0596369922212619, 0.0475367329299914, 0.0397579948141746, 0.0371650821089023, 0.0354364736387208, 0.0354364736387208, 0.0267934312878133, 0.0216076058772688, 0.0190146931719965, 0.0164217804667243, 0.0129645635263613, 0.00691443388072602, 0.00605012964563526, 0.00605012964563526, 0.00605012964563526, 0.00518582541054451, 0.0017286084701815],
      "text": ["Category: Visualisation<br />Prop: 0.408815903<br />Count: 473<br />Percent: 40.9", "Category: Clustering<br />Prop: 0.248055315<br />Count: 287<br />Percent: 24.8", "Category: Dimensionality Reduction<br />Prop: 0.247191011<br />Count: 286<br />Percent: 24.7", "Category: Integration<br />Prop: 0.142610199<br />Count: 165<br />Percent: 14.3", "Category: Classification<br />Prop: 0.116681072<br />Count: 135<br />Percent: 11.7", "Category: Ordering<br />Prop: 0.116681072<br />Count: 135<br />Percent: 11.7", "Category: Gene Networks<br />Prop: 0.114952463<br />Count: 133<br />Percent: 11.5", "Category: Differential Expression<br />Prop: 0.109766638<br />Count: 127<br />Percent: 11", "Category: Normalisation<br />Prop: 0.103716508<br />Count: 120<br />Percent: 10.4", "Category: Quality Control<br />Prop: 0.100259291<br />Count: 116<br />Percent: 10", "Category: Marker Genes<br />Prop: 0.084701815<br />Count: 98<br />Percent: 8.5", "Category: Interactive<br />Prop: 0.079515990<br />Count: 92<br />Percent: 8", "Category: Imputation<br />Prop: 0.066551426<br />Count: 77<br />Percent: 6.7", "Category: Simulation<br />Prop: 0.066551426<br />Count: 77<br />Percent: 6.7", "Category: Gene Sets<br />Prop: 0.065687122<br />Count: 76<br />Percent: 6.6", "Category: Quantification<br />Prop: 0.059636992<br />Count: 69<br />Percent: 6", "Category: Variable Genes<br />Prop: 0.059636992<br />Count: 69<br />Percent: 6", "Category: Gene Filtering<br />Prop: 0.047536733<br />Count: 55<br />Percent: 4.8", "Category: Variants<br />Prop: 0.039757995<br />Count: 46<br />Percent: 4", "Category: Alignment<br />Prop: 0.037165082<br />Count: 43<br />Percent: 3.7", "Category: Expression Patterns<br />Prop: 0.035436474<br />Count: 41<br />Percent: 3.5", "Category: UMIs<br />Prop: 0.035436474<br />Count: 41<br />Percent: 3.5", "Category: Alternative Splicing<br />Prop: 0.026793431<br />Count: 31<br />Percent: 2.7", "Category: Cell Cycle<br />Prop: 0.021607606<br />Count: 25<br />Percent: 2.2", "Category: Immune<br />Prop: 0.019014693<br />Count: 22<br />Percent: 1.9", "Category: Perturbations<br />Prop: 0.016421780<br />Count: 19<br />Percent: 1.6", "Category: Rare Cells<br />Prop: 0.012964564<br />Count: 15<br />Percent: 1.3", "Category: Assembly<br />Prop: 0.006914434<br />Count: 8<br />Percent: 0.7", "Category: Modality<br />Prop: 0.006050130<br />Count: 7<br />Percent: 0.6", "Category: Stem Cells<br />Prop: 0.006050130<br />Count: 7<br />Percent: 0.6", "Category: Transformation<br />Prop: 0.006050130<br />Count: 7<br />Percent: 0.6", "Category: Allele Specific<br />Prop: 0.005185825<br />Count: 6<br />Percent: 0.5", "Category: Haplotypes<br />Prop: 0.001728608<br />Count: 2<br />Percent: 0.2"],
      "type": "bar",
      "marker": {
        "autocolorscale": false,
        "color": "rgba(122,82,199,1)",
        "line": {
          "width": 1.88976377952756,
          "color": "transparent"
        }
      },
      "showlegend": false,
      "xaxis": "x",
      "yaxis": "y",
      "hoverinfo": "text",
      "frame": null
    }
  ],
  "layout": {
    "margin": {
      "t": 0,
      "r": 10,
      "b": 0,
      "l": 55
    },
    "font": {
      "color": "rgba(0,0,0,1)",
      "family": "",
      "size": 18.5969281859693
    },
    "xaxis": {
      "domain": [0, 1],
      "automargin": true,
      "type": "linear",
      "autorange": false,
      "range": [0.4, 33.6],
      "tickmode": "array",
      "ticktext": ["Visualisation", "Clustering", "Dimensionality Reduction", "Integration", "Classification", "Ordering", "Gene Networks", "Differential Expression", "Normalisation", "Quality Control", "Marker Genes", "Interactive", "Imputation", "Simulation", "Gene Sets", "Quantification", "Variable Genes", "Gene Filtering", "Variants", "Alignment", "Expression Patterns", "UMIs", "Alternative Splicing", "Cell Cycle", "Immune", "Perturbations", "Rare Cells", "Assembly", "Modality", "Stem Cells", "Transformation", "Allele Specific", "Haplotypes"],
      "tickvals": [1, 2, 3, 4, 5, 6, 7, 8, 9, 10, 11, 12, 13, 14, 15, 16, 17, 18, 19, 20, 21, 22, 23, 24, 25, 26, 27, 28, 29, 30, 31, 32, 33],
      "categoryorder": "array",
      "categoryarray": ["Visualisation", "Clustering", "Dimensionality Reduction", "Integration", "Classification", "Ordering", "Gene Networks", "Differential Expression", "Normalisation", "Quality Control", "Marker Genes", "Interactive", "Imputation", "Simulation", "Gene Sets", "Quantification", "Variable Genes", "Gene Filtering", "Variants", "Alignment", "Expression Patterns", "UMIs", "Alternative Splicing", "Cell Cycle", "Immune", "Perturbations", "Rare Cells", "Assembly", "Modality", "Stem Cells", "Transformation", "Allele Specific", "Haplotypes"],
      "nticks": null,
      "ticks": "outside",
      "tickcolor": "rgba(0,0,0,1)",
      "ticklen": 4.64923204649232,
      "tickwidth": 0.66417600664176,
      "showticklabels": true,
      "tickfont": {
        "color": "rgba(0,0,0,1)",
        "family": "",
        "size": 7
      },
      "tickangle": -60,
      "showline": true,
      "linecolor": "rgba(0,0,0,1)",
      "linewidth": 0.66417600664176,
      "showgrid": false,
      "gridcolor": null,
      "gridwidth": 0,
      "zeroline": false,
      "anchor": "y",
      "title": {
        "text": "",
        "font": {
          "color": null,
          "family": null,
          "size": 9
        }
      },
      "hoverformat": ".2f",
      "fixedrange": true
    },
    "yaxis": {
      "domain": [0, 1],
      "automargin": true,
      "type": "linear",
      "autorange": false,
      "range": [-0.0204407951598963, 0.429256698357822],
      "tickmode": "array",
      "ticktext": ["0.0%", "10.0%", "20.0%", "30.0%", "40.0%"],
      "tickvals": [0, 0.1, 0.2, 0.3, 0.4],
      "categoryorder": "array",
      "categoryarray": ["0.0%", "10.0%", "20.0%", "30.0%", "40.0%"],
      "nticks": null,
      "ticks": "outside",
      "tickcolor": "rgba(0,0,0,1)",
      "ticklen": 4.64923204649232,
      "tickwidth": 0.66417600664176,
      "showticklabels": true,
      "tickfont": {
        "color": "rgba(0,0,0,1)",
        "family": "",
        "size": 7
      },
      "tickangle": -0,
      "showline": true,
      "linecolor": "rgba(0,0,0,1)",
      "linewidth": 0.66417600664176,
      "showgrid": false,
      "gridcolor": null,
      "gridwidth": 0,
      "zeroline": false,
      "anchor": "x",