{
  "data": [
    {
      "orientation": "v",
      "width": [0.95, 0.95, 0.95, 0.95, 0.949999999999999, 0.949999999999999, 0.949999999999999, 0.949999999999999, 0.949999999999999, 0.949999999999999, 0.949999999999999, 0.949999999999999, 0.949999999999999, 0.949999999999999, 0.949999999999999, 0.950000000000001, 0.950000000000003, 0.950000000000003, 0.950000000000003, 0.950000000000003, 0.950000000000003, 0.950000000000003, 0.950000000000003, 0.950000000000003, 0.950000000000003, 0.950000000000003, 0.950000000000003, 0.950000000000003, 0.950000000000003, 0.950000000000003, 0.950000000000003, 0.950000000000003],
      "base": [0, 0, 0, 0, 0, 0, 0, 0, 0, 0, 0, 0, 0, 0, 0, 0, 0, 0, 0, 0, 0, 0, 0, 0, 0, 0, 0, 0, 0, 0, 0, 0],
      "x": [1, 2, 3, 4, 5, 6, 7, 8, 9, 10, 11, 12, 13, 14, 15, 16, 17, 18, 19, 20, 21, 22, 23, 24, 25, 26, 27, 28, 29, 30, 31, 32],
      "y": [0.446268656716418, 0.262686567164179, 0.252238805970149, 0.135820895522388, 0.134328358208955, 0.125373134328358, 0.114925373134328, 0.11044776119403, 0.11044776119403, 0.108955223880597, 0.104477611940299, 0.101492537313433, 0.0865671641791045, 0.0761194029850746, 0.073134328358209, 0.0656716417910448, 0.0641791044776119, 0.0582089552238806, 0.0507462686567164, 0.0477611940298507, 0.0373134328358209, 0.0358208955223881, 0.0253731343283582, 0.0194029850746269, 0.017910447761194, 0.0134328358208955, 0.00895522388059702, 0.00895522388059702, 0.00746268656716418, 0.00597014925373134, 0.00597014925373134, 0.00298507462686567],
      "text": ["Category: Visualisation<br />Count: 299<br />Percent: 44.6", "Category: Clustering<br />Count: 176<br />Percent: 26.3", "Category: Dimensionality Reduction<br />Count: 169<br />Percent: 25.2", "Category: Ordering<br />Count: 91<br />Percent: 13.6", "Category: Normalisation<br />Count: 90<br />Percent: 13.4", "Category: Integration<br />Count: 84<br />Percent: 12.5", "Category: Differential Expression<br />Count: 77<br />Percent: 11.5", "Category: Interactive<br />Count: 74<br />Percent: 11", "Category: Quality Control<br />Count: 74<br />Percent: 11", "Category: Gene Networks<br />Count: 73<br />Percent: 10.9", "Category: Classification<br />Count: 70<br />Percent: 10.4", "Category: Marker Genes<br />Count: 68<br />Percent: 10.1", "Category: Imputation<br />Count: 58<br />Percent: 8.7", "Category: Simulation<br />Count: 51<br />Percent: 7.6", "Category: Gene Sets<br />Count: 49<br />Percent: 7.3", "Category: Variable Genes<br />Count: 44<br />Percent: 6.6", "Category: Gene Filtering<br />Count: 43<br />Percent: 6.4", "Category: Quantification<br />Count: 39<br />Percent: 5.8", "Category: UMIs<br />Count: 34<br />Percent: 5.1", "Category: Expression Patterns<br />Count: 32<br />Percent: 4.8", "Category: Variants<br />Count: 25<br />Percent: 3.7", "Category: Alignment<br />Count: 24<br />Percent: 3.6", "Category: Cell Cycle<br />Count: 17<br />Percent: 2.5", "Category: Immune<br />Count: 13<br />Percent: 1.9", "Category: Alternative Splicing<br />Count: 12<br />Percent: 1.8", "Category: Rare Cells<br />Count: 9<br />Percent: 1.3", "Category: Allele Specific<br />Count: 6<br />Percent: 0.9", "Category: Assembly<br />Count: 6<br />Percent: 0.9", "Category: Stem Cells<br />Count: 5<br />Percent: 0.7", "Category: Modality<br />Count: 4<br />Percent: 0.6", "Category: Transformation<br />Count: 4<br />Percent: 0.6", "Category: Haplotypes<br />Count: 2<br />Percent: 0.3"],
      "type": "bar",
      "marker": {
        "autocolorscale": false,
        "color": "rgba(122,82,199,1)",
        "line": {
          "width": 1.88976377952756,
          "color": "transparent"
        }
      },
      "showlegend": false,
      "xaxis": "x",
      "yaxis": "y",
      "hoverinfo": "text",
      "frame": null
    }
  ],
  "layout": {
    "margin": {
      "t": 50,
      "r": 30,
      "b": 50,
      "l": 70
    },
    "font": {
      "color": "rgba(0,0,0,1)",
      "family": "",
      "size": 18.5969281859693
    },
    "xaxis": {
      "domain": [0, 1],
      "automargin": true,
      "type": "linear",
      "autorange": false,
      "range": [0.4, 32.6],
      "tickmode": "array",
      "ticktext": ["Visualisation", "Clustering", "Dimensionality Reduction", "Ordering", "Normalisation", "Integration", "Differential Expression", "Interactive", "Quality Control", "Gene Networks", "Classification", "Marker Genes", "Imputation", "Simulation", "Gene Sets", "Variable Genes", "Gene Filtering", "Quantification", "UMIs", "Expression Patterns", "Variants", "Alignment", "Cell Cycle", "Immune", "Alternative Splicing", "Rare Cells", "Allele Specific", "Assembly", "Stem Cells", "Modality", "Transformation", "Haplotypes"],
      "tickvals": [1, 2, 3, 4, 5, 6, 7, 8, 9, 10, 11, 12, 13, 14, 15, 16, 17, 18, 19, 20, 21, 22, 23, 24, 25, 26, 27, 28, 29, 30, 31, 32],
      "categoryorder": "array",
      "categoryarray": ["Visualisation", "Clustering", "Dimensionality Reduction", "Ordering", "Normalisation", "Integration", "Differential Expression", "Interactive", "Quality Control", "Gene Networks", "Classification", "Marker Genes", "Imputation", "Simulation", "Gene Sets", "Variable Genes", "Gene Filtering", "Quantification", "UMIs", "Expression Patterns", "Variants", "Alignment", "Cell Cycle", "Immune", "Alternative Splicing", "Rare Cells", "Allele Specific", "Assembly", "Stem Cells", "Modality", "Transformation", "Haplotypes"],
      "nticks": null,
      "ticks": "outside",
      "tickcolor": "rgba(0,0,0,1)",
      "ticklen": 4.64923204649232,
      "tickwidth": 0.66417600664176,
      "showticklabels": true,
      "tickfont": {
        "color": "rgba(0,0,0,1)",
        "family": "",
        "size": 15.9402241594022
      },
      "tickangle": -60,
      "showline": true,
      "linecolor": "rgba(0,0,0,1)",
      "linewidth": 0.66417600664176,
      "showgrid": false,
      "gridcolor": null,
      "gridwidth": 0,
      "zeroline": false,
      "anchor": "y",
      "title": {
        "text": "",
        "font": {
          "color": null,
          "family": null,
          "size": 0
        }
      },
      "hoverformat": ".2f"
    },
    "yaxis": {
      "domain": [0, 1],
      "automargin": true,
      "type": "linear",
      "autorange": false,
      "range": [-0.0223134328358209, 0.468582089552239],
      "tickmode": "array",
      "ticktext": ["0.0%", "10.0%", "20.0%", "30.0%", "40.0%"],
      "tickvals": [0, 0.1, 0.2, 0.3, 0.4],
      "categoryorder": "array",
      "categoryarray": ["0.0%", "10.0%", "20.0%", "30.0%", "40.0%"],
      "nticks": null,
      "ticks": "outside",
      "tickcolor": "rgba(0,0,0,1)",
      "ticklen": 4.64923204649232,
      "tickwidth": 0.66417600664176,
      "showticklabels": true,
      "tickfont": {
        "color": "rgba(0,0,0,1)",
        "family": "",
        "size": 15.9402241594022
      },
      "tickangle": -0,
      "showline": true,
      "linecolor": "rgba(0,0,0,1)",
      "linewidth": 0.66417600664176,
      "showgrid": false,
      "gridcolor": null,
      "gridwidth": 0,
      "zeroline": false,
      "anchor": "x",
      "title": {
        "text": "Percentage of tools",
        "font": {
          "color": "rgba(0,0,0,1)",
          "family": "",
          "size": 18.5969281859693
        }
      },
      "hoverformat": ".2f"
    },
    "shapes": [
      {
        "type": "rect",
        "fillcolor": null,
        "line": {
          "color": null,
          "width": 0,
          "linetype": []
        },
        "yref": "paper",
        "xref": "paper",
        "x0": 0,
        "x1": 1,
        "y0": 0,
        "y1": 1
      }
    ],
    "showlegend": false,
    "legend": {
      "bgcolor": null,
      "bordercolor": null,
      "borderwidth": 0,
      "font": {
        "color": "rgba(0,0,0,1)",
        "family": "",
        "size": 15.9402241594022
      }
    },
    "hovermode": "closest",
    "height": 600,
    "barmode": "relative",
    "autosize": true
  },
  "config": {
    "doubleClick": "reset",
    "showSendToCloud": false,