{
  "data": [
    {
      "orientation": "v",
      "width": [0.95, 0.95, 0.95, 0.95, 0.949999999999999, 0.949999999999999, 0.949999999999999, 0.949999999999999, 0.949999999999999, 0.949999999999999, 0.949999999999999, 0.949999999999999, 0.949999999999999, 0.949999999999999, 0.949999999999999, 0.950000000000001, 0.950000000000003, 0.950000000000003, 0.950000000000003, 0.950000000000003, 0.950000000000003, 0.950000000000003, 0.950000000000003, 0.950000000000003, 0.950000000000003, 0.950000000000003, 0.950000000000003, 0.950000000000003, 0.950000000000003, 0.950000000000003, 0.950000000000003, 0.950000000000003],
      "base": [0, 0, 0, 0, 0, 0, 0, 0, 0, 0, 0, 0, 0, 0, 0, 0, 0, 0, 0, 0, 0, 0, 0, 0, 0, 0, 0, 0, 0, 0, 0, 0],
      "x": [1, 2, 3, 4, 5, 6, 7, 8, 9, 10, 11, 12, 13, 14, 15, 16, 17, 18, 19, 20, 21, 22, 23, 24, 25, 26, 27, 28, 29, 30, 31, 32],
      "y": [0.461811722912966, 0.264653641207815, 0.252220248667851, 0.152753108348135, 0.149200710479574, 0.122557726465364, 0.120781527531083, 0.119005328596803, 0.108348134991119, 0.106571936056838, 0.104795737122558, 0.0905861456483126, 0.0817051509769094, 0.0817051509769094, 0.0763765541740675, 0.0728241563055062, 0.0710479573712256, 0.063943161634103, 0.0550621669626998, 0.0532859680284192, 0.0390763765541741, 0.0390763765541741, 0.0266429840142096, 0.019538188277087, 0.019538188277087, 0.0142095914742451, 0.0106571936056838, 0.0088809946714032, 0.0088809946714032, 0.00710479573712256, 0.00710479573712256, 0.00355239786856128],
      "text": ["Category: Visualisation<br />Prop: 0.461811723<br />Count: 260<br />Percent: 46.2", "Category: Clustering<br />Prop: 0.264653641<br />Count: 149<br />Percent: 26.5", "Category: Dimensionality Reduction<br />Prop: 0.252220249<br />Count: 142<br />Percent: 25.2", "Category: Normalisation<br />Prop: 0.152753108<br />Count: 86<br />Percent: 15.3", "Category: Ordering<br />Prop: 0.149200710<br />Count: 84<br />Percent: 14.9", "Category: Interactive<br />Prop: 0.122557726<br />Count: 69<br />Percent: 12.3", "Category: Quality Control<br />Prop: 0.120781528<br />Count: 68<br />Percent: 12.1", "Category: Differential Expression<br />Prop: 0.119005329<br />Count: 67<br />Percent: 11.9", "Category: Gene Networks<br />Prop: 0.108348135<br />Count: 61<br />Percent: 10.8", "Category: Integration<br />Prop: 0.106571936<br />Count: 60<br />Percent: 10.7", "Category: Marker Genes<br />Prop: 0.104795737<br />Count: 59<br />Percent: 10.5", "Category: Classification<br />Prop: 0.090586146<br />Count: 51<br />Percent: 9.1", "Category: Imputation<br />Prop: 0.081705151<br />Count: 46<br />Percent: 8.2", "Category: Simulation<br />Prop: 0.081705151<br />Count: 46<br />Percent: 8.2", "Category: Variable Genes<br />Prop: 0.076376554<br />Count: 43<br />Percent: 7.6", "Category: Gene Sets<br />Prop: 0.072824156<br />Count: 41<br />Percent: 7.3", "Category: Gene Filtering<br />Prop: 0.071047957<br />Count: 40<br />Percent: 7.1", "Category: Quantification<br />Prop: 0.063943162<br />Count: 36<br />Percent: 6.4", "Category: UMIs<br />Prop: 0.055062167<br />Count: 31<br />Percent: 5.5", "Category: Expression Patterns<br />Prop: 0.053285968<br />Count: 30<br />Percent: 5.3", "Category: Alignment<br />Prop: 0.039076377<br />Count: 22<br />Percent: 3.9", "Category: Variants<br />Prop: 0.039076377<br />Count: 22<br />Percent: 3.9", "Category: Cell Cycle<br />Prop: 0.026642984<br />Count: 15<br />Percent: 2.7", "Category: Alternative Splicing<br />Prop: 0.019538188<br />Count: 11<br />Percent: 2", "Category: Immune<br />Prop: 0.019538188<br />Count: 11<br />Percent: 2", "Category: Rare Cells<br />Prop: 0.014209591<br />Count: 8<br />Percent: 1.4", "Category: Assembly<br />Prop: 0.010657194<br />Count: 6<br />Percent: 1.1", "Category: Allele Specific<br />Prop: 0.008880995<br />Count: 5<br />Percent: 0.9", "Category: Stem Cells<br />Prop: 0.008880995<br />Count: 5<br />Percent: 0.9", "Category: Modality<br />Prop: 0.007104796<br />Count: 4<br />Percent: 0.7", "Category: Transformation<br />Prop: 0.007104796<br />Count: 4<br />Percent: 0.7", "Category: Haplotypes<br />Prop: 0.003552398<br />Count: 2<br />Percent: 0.4"],
      "type": "bar",
      "marker": {
        "autocolorscale": false,
        "color": "rgba(122,82,199,1)",
        "line": {
          "width": 1.88976377952756,
          "color": "transparent"
        }
      },
      "showlegend": false,
      "xaxis": "x",
      "yaxis": "y",
      "hoverinfo": "text",
      "frame": null
    }
  ],
  "layout": {
    "margin": {
      "t": 0,
      "r": 10,
      "b": 0,
      "l": 55
    },
    "font": {
      "color": "rgba(0,0,0,1)",
      "family": "",
      "size": 18.5969281859693
    },
    "xaxis": {
      "domain": [0, 1],
      "automargin": true,
      "type": "linear",
      "autorange": false,
      "range": [0.4, 32.6],
      "tickmode": "array",
      "ticktext": ["Visualisation", "Clustering", "Dimensionality Reduction", "Normalisation", "Ordering", "Interactive", "Quality Control", "Differential Expression", "Gene Networks", "Integration", "Marker Genes", "Classification", "Imputation", "Simulation", "Variable Genes", "Gene Sets", "Gene Filtering", "Quantification", "UMIs", "Expression Patterns", "Alignment", "Variants", "Cell Cycle", "Alternative Splicing", "Immune", "Rare Cells", "Assembly", "Allele Specific", "Stem Cells", "Modality", "Transformation", "Haplotypes"],
      "tickvals": [1, 2, 3, 4, 5, 6, 7, 8, 9, 10, 11, 12, 13, 14, 15, 16, 17, 18, 19, 20, 21, 22, 23, 24, 25, 26, 27, 28, 29, 30, 31, 32],
      "categoryorder": "array",
      "categoryarray": ["Visualisation", "Clustering", "Dimensionality Reduction", "Normalisation", "Ordering", "Interactive", "Quality Control", "Differential Expression", "Gene Networks", "Integration", "Marker Genes", "Classification", "Imputation", "Simulation", "Variable Genes", "Gene Sets", "Gene Filtering", "Quantification", "UMIs", "Expression Patterns", "Alignment", "Variants", "Cell Cycle", "Alternative Splicing", "Immune", "Rare Cells", "Assembly", "Allele Specific", "Stem Cells", "Modality", "Transformation", "Haplotypes"],
      "nticks": null,
      "ticks": "outside",
      "tickcolor": "rgba(0,0,0,1)",
      "ticklen": 4.64923204649232,
      "tickwidth": 0.66417600664176,
      "showticklabels": true,
      "tickfont": {
        "color": "rgba(0,0,0,1)",
        "family": "",
        "size": 7
      },
      "tickangle": -60,
      "showline": true,
      "linecolor": "rgba(0,0,0,1)",
      "linewidth": 0.66417600664176,
      "showgrid": false,
      "gridcolor": null,
      "gridwidth": 0,
      "zeroline": false,
      "anchor": "y",
      "title": {
        "text": "",
        "font": {
          "color": null,
          "family": null,
          "size": 9
        }
      },
      "hoverformat": ".2f",
      "fixedrange": true
    },
    "yaxis": {
      "domain": [0, 1],
      "automargin": true,
      "type": "linear",
      "autorange": false,
      "range": [-0.0230905861456483, 0.484902309058615],
      "tickmode": "array",
      "ticktext": ["0.0%", "10.0%", "20.0%", "30.0%", "40.0%"],
      "tickvals": [0, 0.1, 0.2, 0.3, 0.4],
      "categoryorder": "array",
      "categoryarray": ["0.0%", "10.0%", "20.0%", "30.0%", "40.0%"],
      "nticks": null,
      "ticks": "outside",
      "tickcolor": "rgba(0,0,0,1)",
      "ticklen": 4.64923204649232,
      "tickwidth": 0.66417600664176,
      "showticklabels": true,
      "tickfont": {
        "color": "rgba(0,0,0,1)",
        "family": "",
        "size": 7
      },
      "tickangle": -0,
      "showline": true,
      "linecolor": "rgba(0,0,0,1)",
      "linewidth": 0.66417600664176,
      "showgrid": false,
      "gridcolor": null,
      "gridwidth": 0,
      "zeroline": false,
      "anchor": "x",
      "title": {
        "text": "Percentage of tools",
        "font": {
          "color": "rgba(0,0,0,1)",
          "family": "",
          "size": 9
        }
      },
      "hoverformat": ".2f",