{
  "data": [
    {
      "orientation": "v",
      "width": [0.95, 0.95, 0.95, 0.95, 0.949999999999999, 0.949999999999999, 0.949999999999999, 0.949999999999999, 0.949999999999999, 0.949999999999999, 0.949999999999999, 0.949999999999999, 0.949999999999999, 0.949999999999999, 0.949999999999999, 0.950000000000001, 0.950000000000003, 0.950000000000003, 0.950000000000003, 0.950000000000003, 0.950000000000003, 0.950000000000003, 0.950000000000003, 0.950000000000003, 0.950000000000003, 0.950000000000003, 0.950000000000003, 0.950000000000003, 0.950000000000003, 0.950000000000003, 0.950000000000003, 0.950000000000003, 0.950000000000003],
      "base": [0, 0, 0, 0, 0, 0, 0, 0, 0, 0, 0, 0, 0, 0, 0, 0, 0, 0, 0, 0, 0, 0, 0, 0, 0, 0, 0, 0, 0, 0, 0, 0, 0],
      "x": [1, 2, 3, 4, 5, 6, 7, 8, 9, 10, 11, 12, 13, 14, 15, 16, 17, 18, 19, 20, 21, 22, 23, 24, 25, 26, 27, 28, 29, 30, 31, 32, 33],
      "y": [0.407675194660734, 0.25139043381535, 0.217463848720801, 0.160177975528365, 0.131813125695217, 0.119021134593993, 0.111790878754171, 0.0978865406006674, 0.0934371523915462, 0.0934371523915462, 0.0834260289210234, 0.0778642936596218, 0.0639599555061179, 0.0628476084538376, 0.0617352614015573, 0.0600667408231368, 0.0600667408231368, 0.0489432703003337, 0.0378197997775306, 0.0328142380422692, 0.032258064516129, 0.0305895439377086, 0.0289210233592881, 0.0266963292547275, 0.0244716351501669, 0.0211345939933259, 0.0111234705228031, 0.00667408231368187, 0.00556173526140156, 0.00556173526140156, 0.00444938820912125, 0.00389321468298109, 0.00111234705228031],
      "text": ["Category: Visualisation<br />Prop: 0.407675195<br />Count: 733<br />Percent: 40.8", "Category: Dimensionality Reduction<br />Prop: 0.251390434<br />Count: 452<br />Percent: 25.1", "Category: Clustering<br />Prop: 0.217463849<br />Count: 391<br />Percent: 21.7", "Category: Integration<br />Prop: 0.160177976<br />Count: 288<br />Percent: 16", "Category: Gene Networks<br />Prop: 0.131813126<br />Count: 237<br />Percent: 13.2", "Category: Classification<br />Prop: 0.119021135<br />Count: 214<br />Percent: 11.9", "Category: Ordering<br />Prop: 0.111790879<br />Count: 201<br />Percent: 11.2", "Category: Quality Control<br />Prop: 0.097886541<br />Count: 176<br />Percent: 9.8", "Category: Differential Expression<br />Prop: 0.093437152<br />Count: 168<br />Percent: 9.3", "Category: Normalisation<br />Prop: 0.093437152<br />Count: 168<br />Percent: 9.3", "Category: Marker Genes<br />Prop: 0.083426029<br />Count: 150<br />Percent: 8.3", "Category: Gene Sets<br />Prop: 0.077864294<br />Count: 140<br />Percent: 7.8", "Category: Interactive<br />Prop: 0.063959956<br />Count: 115<br />Percent: 6.4", "Category: Quantification<br />Prop: 0.062847608<br />Count: 113<br />Percent: 6.3", "Category: Imputation<br />Prop: 0.061735261<br />Count: 111<br />Percent: 6.2", "Category: Simulation<br />Prop: 0.060066741<br />Count: 108<br />Percent: 6", "Category: Variable Genes<br />Prop: 0.060066741<br />Count: 108<br />Percent: 6", "Category: Variants<br />Prop: 0.048943270<br />Count: 88<br />Percent: 4.9", "Category: Gene Filtering<br />Prop: 0.037819800<br />Count: 68<br />Percent: 3.8", "Category: UMIs<br />Prop: 0.032814238<br />Count: 59<br />Percent: 3.3", "Category: Alignment<br />Prop: 0.032258065<br />Count: 58<br />Percent: 3.2", "Category: Expression Patterns<br />Prop: 0.030589544<br />Count: 55<br />Percent: 3.1", "Category: Perturbations<br />Prop: 0.028921023<br />Count: 52<br />Percent: 2.9", "Category: Alternative Splicing<br />Prop: 0.026696329<br />Count: 48<br />Percent: 2.7", "Category: Immune<br />Prop: 0.024471635<br />Count: 44<br />Percent: 2.4", "Category: Cell Cycle<br />Prop: 0.021134594<br />Count: 38<br />Percent: 2.1", "Category: Rare Cells<br />Prop: 0.011123471<br />Count: 20<br />Percent: 1.1", "Category: Transformation<br />Prop: 0.006674082<br />Count: 12<br />Percent: 0.7", "Category: Assembly<br />Prop: 0.005561735<br />Count: 10<br />Percent: 0.6", "Category: Stem Cells<br />Prop: 0.005561735<br />Count: 10<br />Percent: 0.6", "Category: Modality<br />Prop: 0.004449388<br />Count: 8<br />Percent: 0.4", "Category: Allele Specific<br />Prop: 0.003893215<br />Count: 7<br />Percent: 0.4", "Category: Haplotypes<br />Prop: 0.001112347<br />Count: 2<br />Percent: 0.1"],
      "type": "bar",
      "textposition": "none",
      "marker": {
        "autocolorscale": false,
        "color": "rgba(122,82,199,1)",
        "line": {
          "width": 1.88976377952756,
          "color": "transparent"
        }
      },
      "showlegend": false,
      "xaxis": "x",
      "yaxis": "y",
      "hoverinfo": "text",
      "frame": null
    }
  ],
  "layout": {
    "margin": {
      "t": 0,
      "r": 10,
      "b": 0,
      "l": 55
    },
    "font": {
      "color": "rgba(0,0,0,1)",
      "family": "",
      "size": 18.5969281859693
    },
    "xaxis": {
      "domain": [0, 1],
      "automargin": true,
      "type": "linear",
      "autorange": false,
      "range": [0.4, 33.6],
      "tickmode": "array",
      "ticktext": ["Visualisation", "Dimensionality Reduction", "Clustering", "Integration", "Gene Networks", "Classification", "Ordering", "Quality Control", "Differential Expression", "Normalisation", "Marker Genes", "Gene Sets", "Interactive", "Quantification", "Imputation", "Simulation", "Variable Genes", "Variants", "Gene Filtering", "UMIs", "Alignment", "Expression Patterns", "Perturbations", "Alternative Splicing", "Immune", "Cell Cycle", "Rare Cells", "Transformation", "Assembly", "Stem Cells", "Modality", "Allele Specific", "Haplotypes"],
      "tickvals": [1, 2, 3, 4, 5, 6, 7, 8, 9, 10, 11, 12, 13, 14, 15, 16, 17, 18, 19, 20, 21, 22, 23, 24, 25, 26, 27, 28, 29, 30, 31, 32, 33],
      "categoryorder": "array",
      "categoryarray": ["Visualisation", "Dimensionality Reduction", "Clustering", "Integration", "Gene Networks", "Classification", "Ordering", "Quality Control", "Differential Expression", "Normalisation", "Marker Genes", "Gene Sets", "Interactive", "Quantification", "Imputation", "Simulation", "Variable Genes", "Variants", "Gene Filtering", "UMIs", "Alignment", "Expression Patterns", "Perturbations", "Alternative Splicing", "Immune", "Cell Cycle", "Rare Cells", "Transformation", "Assembly", "Stem Cells", "Modality", "Allele Specific", "Haplotypes"],
      "nticks": null,
      "ticks": "outside",
      "tickcolor": "rgba(0,0,0,1)",
      "ticklen": 4.64923204649232,
      "tickwidth": 0.66417600664176,
      "showticklabels": true,
      "tickfont": {
        "color": "rgba(0,0,0,1)",
        "family": "",
        "size": 7
      },
      "tickangle": -60,
      "showline": true,
      "linecolor": "rgba(0,0,0,1)",
      "linewidth": 0.66417600664176,
      "showgrid": false,
      "gridcolor": null,
      "gridwidth": 0,
      "zeroline": false,
      "anchor": "y",
      "title": {
        "text": "",
        "font": {
          "color": null,
          "family": null,
          "size": 9
        }
      },
      "hoverformat": ".2f",
      "fixedrange": true
    },
    "yaxis": {
      "domain": [0, 1],
      "automargin": true,
      "type": "linear",
      "autorange": false,
      "range": [-0.0203837597330367, 0.428058954393771],
      "tickmode": "array",
      "ticktext": ["0%", "10%", "20%", "30%", "40%"],
      "tickvals": [0, 0.1, 0.2, 0.3, 0.4],
      "categoryorder": "array",
      "categoryarray": ["0%", "10%", "20%", "30%", "40%"],
      "nticks": null,
      "ticks": "outside",
      "tickcolor": "rgba(0,0,0,1)",
      "ticklen": 4.64923204649232,
      "tickwidth": 0.66417600664176,
      "showticklabels": true,
      "tickfont": {
        "color": "rgba(0,0,0,1)",
        "family": "",
        "size": 7
      },
      "tickangle": -0,
      "showline": true,
      "linecolor": "rgba(0,0,0,1)",
      "linewidth": 0.66417600664176,
      "showgrid": false,
      "gridcolor": null,
      "gridwidth": 0,
      "zeroline": false,
      "anchor": "x",