{
  "data": [
    {
      "orientation": "v",
      "width": [0.95, 0.95, 0.95, 0.95, 0.949999999999999, 0.949999999999999, 0.949999999999999, 0.949999999999999, 0.949999999999999, 0.949999999999999, 0.949999999999999, 0.949999999999999, 0.949999999999999, 0.949999999999999, 0.949999999999999, 0.950000000000001, 0.950000000000003, 0.950000000000003, 0.950000000000003, 0.950000000000003, 0.950000000000003, 0.950000000000003, 0.950000000000003, 0.950000000000003, 0.950000000000003, 0.950000000000003, 0.950000000000003, 0.950000000000003, 0.950000000000003, 0.950000000000003, 0.950000000000003, 0.950000000000003, 0.950000000000003],
      "base": [0, 0, 0, 0, 0, 0, 0, 0, 0, 0, 0, 0, 0, 0, 0, 0, 0, 0, 0, 0, 0, 0, 0, 0, 0, 0, 0, 0, 0, 0, 0, 0, 0],
      "x": [1, 2, 3, 4, 5, 6, 7, 8, 9, 10, 11, 12, 13, 14, 15, 16, 17, 18, 19, 20, 21, 22, 23, 24, 25, 26, 27, 28, 29, 30, 31, 32, 33],
      "y": [0.409133271202237, 0.252562907735322, 0.249767008387698, 0.136999068033551, 0.12022367194781, 0.117427772600186, 0.111835973904939, 0.109972041006524, 0.103448275862069, 0.0987884436160298, 0.0848089468779124, 0.0829450139794967, 0.0698974836905871, 0.0689655172413793, 0.0680335507921715, 0.059645852749301, 0.0568499534016775, 0.0493942218080149, 0.0400745573159366, 0.038210624417521, 0.0363466915191053, 0.0354147250698975, 0.0251630941286114, 0.0232991612301957, 0.0186393289841566, 0.0158434296365331, 0.0130475302889096, 0.00745573159366263, 0.0065237651444548, 0.00559179869524697, 0.00559179869524697, 0.00559179869524697, 0.00186393289841566],
      "text": ["Category: Visualisation<br />Prop: 0.409133271<br />Count: 439<br />Percent: 40.9", "Category: Clustering<br />Prop: 0.252562908<br />Count: 271<br />Percent: 25.3", "Category: Dimensionality Reduction<br />Prop: 0.249767008<br />Count: 268<br />Percent: 25", "Category: Integration<br />Prop: 0.136999068<br />Count: 147<br />Percent: 13.7", "Category: Ordering<br />Prop: 0.120223672<br />Count: 129<br />Percent: 12", "Category: Gene Networks<br />Prop: 0.117427773<br />Count: 126<br />Percent: 11.7", "Category: Differential Expression<br />Prop: 0.111835974<br />Count: 120<br />Percent: 11.2", "Category: Classification<br />Prop: 0.109972041<br />Count: 118<br />Percent: 11", "Category: Normalisation<br />Prop: 0.103448276<br />Count: 111<br />Percent: 10.3", "Category: Quality Control<br />Prop: 0.098788444<br />Count: 106<br />Percent: 9.9", "Category: Marker Genes<br />Prop: 0.084808947<br />Count: 91<br />Percent: 8.5", "Category: Interactive<br />Prop: 0.082945014<br />Count: 89<br />Percent: 8.3", "Category: Imputation<br />Prop: 0.069897484<br />Count: 75<br />Percent: 7", "Category: Gene Sets<br />Prop: 0.068965517<br />Count: 74<br />Percent: 6.9", "Category: Simulation<br />Prop: 0.068033551<br />Count: 73<br />Percent: 6.8", "Category: Variable Genes<br />Prop: 0.059645853<br />Count: 64<br />Percent: 6", "Category: Quantification<br />Prop: 0.056849953<br />Count: 61<br />Percent: 5.7", "Category: Gene Filtering<br />Prop: 0.049394222<br />Count: 53<br />Percent: 4.9", "Category: Variants<br />Prop: 0.040074557<br />Count: 43<br />Percent: 4", "Category: UMIs<br />Prop: 0.038210624<br />Count: 41<br />Percent: 3.8", "Category: Expression Patterns<br />Prop: 0.036346692<br />Count: 39<br />Percent: 3.6", "Category: Alignment<br />Prop: 0.035414725<br />Count: 38<br />Percent: 3.5", "Category: Alternative Splicing<br />Prop: 0.025163094<br />Count: 27<br />Percent: 2.5", "Category: Cell Cycle<br />Prop: 0.023299161<br />Count: 25<br />Percent: 2.3", "Category: Immune<br />Prop: 0.018639329<br />Count: 20<br />Percent: 1.9", "Category: Perturbations<br />Prop: 0.015843430<br />Count: 17<br />Percent: 1.6", "Category: Rare Cells<br />Prop: 0.013047530<br />Count: 14<br />Percent: 1.3", "Category: Assembly<br />Prop: 0.007455732<br />Count: 8<br />Percent: 0.7", "Category: Modality<br />Prop: 0.006523765<br />Count: 7<br />Percent: 0.7", "Category: Allele Specific<br />Prop: 0.005591799<br />Count: 6<br />Percent: 0.6", "Category: Stem Cells<br />Prop: 0.005591799<br />Count: 6<br />Percent: 0.6", "Category: Transformation<br />Prop: 0.005591799<br />Count: 6<br />Percent: 0.6", "Category: Haplotypes<br />Prop: 0.001863933<br />Count: 2<br />Percent: 0.2"],
      "type": "bar",
      "marker": {
        "autocolorscale": false,
        "color": "rgba(122,82,199,1)",
        "line": {
          "width": 1.88976377952756,
          "color": "transparent"
        }
      },
      "showlegend": false,
      "xaxis": "x",
      "yaxis": "y",
      "hoverinfo": "text",
      "frame": null
    }
  ],
  "layout": {
    "margin": {
      "t": 0,
      "r": 10,
      "b": 0,
      "l": 55
    },
    "font": {
      "color": "rgba(0,0,0,1)",
      "family": "",
      "size": 18.5969281859693
    },
    "xaxis": {
      "domain": [0, 1],
      "automargin": true,
      "type": "linear",
      "autorange": false,
      "range": [0.4, 33.6],
      "tickmode": "array",
      "ticktext": ["Visualisation", "Clustering", "Dimensionality Reduction", "Integration", "Ordering", "Gene Networks", "Differential Expression", "Classification", "Normalisation", "Quality Control", "Marker Genes", "Interactive", "Imputation", "Gene Sets", "Simulation", "Variable Genes", "Quantification", "Gene Filtering", "Variants", "UMIs", "Expression Patterns", "Alignment", "Alternative Splicing", "Cell Cycle", "Immune", "Perturbations", "Rare Cells", "Assembly", "Modality", "Allele Specific", "Stem Cells", "Transformation", "Haplotypes"],
      "tickvals": [1, 2, 3, 4, 5, 6, 7, 8, 9, 10, 11, 12, 13, 14, 15, 16, 17, 18, 19, 20, 21, 22, 23, 24, 25, 26, 27, 28, 29, 30, 31, 32, 33],
      "categoryorder": "array",
      "categoryarray": ["Visualisation", "Clustering", "Dimensionality Reduction", "Integration", "Ordering", "Gene Networks", "Differential Expression", "Classification", "Normalisation", "Quality Control", "Marker Genes", "Interactive", "Imputation", "Gene Sets", "Simulation", "Variable Genes", "Quantification", "Gene Filtering", "Variants", "UMIs", "Expression Patterns", "Alignment", "Alternative Splicing", "Cell Cycle", "Immune", "Perturbations", "Rare Cells", "Assembly", "Modality", "Allele Specific", "Stem Cells", "Transformation", "Haplotypes"],
      "nticks": null,
      "ticks": "outside",
      "tickcolor": "rgba(0,0,0,1)",
      "ticklen": 4.64923204649232,
      "tickwidth": 0.66417600664176,
      "showticklabels": true,
      "tickfont": {
        "color": "rgba(0,0,0,1)",
        "family": "",
        "size": 7
      },
      "tickangle": -60,
      "showline": true,
      "linecolor": "rgba(0,0,0,1)",
      "linewidth": 0.66417600664176,
      "showgrid": false,
      "gridcolor": null,
      "gridwidth": 0,
      "zeroline": false,
      "anchor": "y",
      "title": {
        "text": "",
        "font": {
          "color": null,
          "family": null,
          "size": 9
        }
      },
      "hoverformat": ".2f",
      "fixedrange": true
    },
    "yaxis": {
      "domain": [0, 1],
      "automargin": true,
      "type": "linear",
      "autorange": false,
      "range": [-0.0204566635601118, 0.429589934762349],
      "tickmode": "array",
      "ticktext": ["0.0%", "10.0%", "20.0%", "30.0%", "40.0%"],
      "tickvals": [0, 0.1, 0.2, 0.3, 0.4],
      "categoryorder": "array",
      "categoryarray": ["0.0%", "10.0%", "20.0%", "30.0%", "40.0%"],
      "nticks": null,
      "ticks": "outside",
      "tickcolor": "rgba(0,0,0,1)",
      "ticklen": 4.64923204649232,
      "tickwidth": 0.66417600664176,
      "showticklabels": true,
      "tickfont": {
        "color": "rgba(0,0,0,1)",
        "family": "",
        "size": 7
      },
      "tickangle": -0,
      "showline": true,
      "linecolor": "rgba(0,0,0,1)",
      "linewidth": 0.66417600664176,
      "showgrid": false,
      "gridcolor": null,
      "gridwidth": 0,
      "zeroline": false,
      "anchor": "x",