{
  "data": [
    {
      "orientation": "v",
      "width": [0.95, 0.95, 0.95, 0.95, 0.949999999999999, 0.949999999999999, 0.949999999999999, 0.949999999999999, 0.949999999999999, 0.949999999999999, 0.949999999999999, 0.949999999999999, 0.949999999999999, 0.949999999999999, 0.949999999999999, 0.950000000000001, 0.950000000000003, 0.950000000000003, 0.950000000000003, 0.950000000000003, 0.950000000000003, 0.950000000000003, 0.950000000000003, 0.950000000000003, 0.950000000000003, 0.950000000000003, 0.950000000000003, 0.950000000000003, 0.950000000000003, 0.950000000000003, 0.950000000000003, 0.950000000000003],
      "base": [0, 0, 0, 0, 0, 0, 0, 0, 0, 0, 0, 0, 0, 0, 0, 0, 0, 0, 0, 0, 0, 0, 0, 0, 0, 0, 0, 0, 0, 0, 0, 0],
      "x": [1, 2, 3, 4, 5, 6, 7, 8, 9, 10, 11, 12, 13, 14, 15, 16, 17, 18, 19, 20, 21, 22, 23, 24, 25, 26, 27, 28, 29, 30, 31, 32],
      "y": [0.460344827586207, 0.267241379310345, 0.25, 0.148275862068966, 0.144827586206897, 0.118965517241379, 0.117241379310345, 0.117241379310345, 0.112068965517241, 0.108620689655172, 0.105172413793103, 0.0896551724137931, 0.0827586206896552, 0.0810344827586207, 0.0741379310344828, 0.0724137931034483, 0.0689655172413793, 0.0637931034482759, 0.053448275862069, 0.0517241379310345, 0.0396551724137931, 0.0379310344827586, 0.0258620689655172, 0.0189655172413793, 0.0189655172413793, 0.0155172413793103, 0.0103448275862069, 0.00862068965517241, 0.00862068965517241, 0.00689655172413793, 0.00689655172413793, 0.00344827586206897],
      "text": ["Category: Visualisation<br />Count: 267<br />Percent: 46", "Category: Clustering<br />Count: 155<br />Percent: 26.7", "Category: Dimensionality Reduction<br />Count: 145<br />Percent: 25", "Category: Normalisation<br />Count: 86<br />Percent: 14.8", "Category: Ordering<br />Count: 84<br />Percent: 14.5", "Category: Interactive<br />Count: 69<br />Percent: 11.9", "Category: Differential Expression<br />Count: 68<br />Percent: 11.7", "Category: Quality Control<br />Count: 68<br />Percent: 11.7", "Category: Integration<br />Count: 65<br />Percent: 11.2", "Category: Gene Networks<br />Count: 63<br />Percent: 10.9", "Category: Marker Genes<br />Count: 61<br />Percent: 10.5", "Category: Classification<br />Count: 52<br />Percent: 9", "Category: Imputation<br />Count: 48<br />Percent: 8.3", "Category: Simulation<br />Count: 47<br />Percent: 8.1", "Category: Variable Genes<br />Count: 43<br />Percent: 7.4", "Category: Gene Sets<br />Count: 42<br />Percent: 7.2", "Category: Gene Filtering<br />Count: 40<br />Percent: 6.9", "Category: Quantification<br />Count: 37<br />Percent: 6.4", "Category: UMIs<br />Count: 31<br />Percent: 5.3", "Category: Expression Patterns<br />Count: 30<br />Percent: 5.2", "Category: Variants<br />Count: 23<br />Percent: 4", "Category: Alignment<br />Count: 22<br />Percent: 3.8", "Category: Cell Cycle<br />Count: 15<br />Percent: 2.6", "Category: Alternative Splicing<br />Count: 11<br />Percent: 1.9", "Category: Immune<br />Count: 11<br />Percent: 1.9", "Category: Rare Cells<br />Count: 9<br />Percent: 1.6", "Category: Assembly<br />Count: 6<br />Percent: 1", "Category: Allele Specific<br />Count: 5<br />Percent: 0.9", "Category: Stem Cells<br />Count: 5<br />Percent: 0.9", "Category: Modality<br />Count: 4<br />Percent: 0.7", "Category: Transformation<br />Count: 4<br />Percent: 0.7", "Category: Haplotypes<br />Count: 2<br />Percent: 0.3"],
      "type": "bar",
      "marker": {
        "autocolorscale": false,
        "color": "rgba(122,82,199,1)",
        "line": {
          "width": 1.88976377952756,
          "color": "transparent"
        }
      },
      "showlegend": false,
      "xaxis": "x",
      "yaxis": "y",
      "hoverinfo": "text",
      "frame": null
    }
  ],
  "layout": {
    "margin": {
      "t": 50,
      "r": 30,
      "b": 50,
      "l": 70
    },
    "font": {
      "color": "rgba(0,0,0,1)",
      "family": "",
      "size": 18.5969281859693
    },
    "xaxis": {
      "domain": [0, 1],
      "automargin": true,
      "type": "linear",
      "autorange": false,
      "range": [0.4, 32.6],
      "tickmode": "array",
      "ticktext": ["Visualisation", "Clustering", "Dimensionality Reduction", "Normalisation", "Ordering", "Interactive", "Differential Expression", "Quality Control", "Integration", "Gene Networks", "Marker Genes", "Classification", "Imputation", "Simulation", "Variable Genes", "Gene Sets", "Gene Filtering", "Quantification", "UMIs", "Expression Patterns", "Variants", "Alignment", "Cell Cycle", "Alternative Splicing", "Immune", "Rare Cells", "Assembly", "Allele Specific", "Stem Cells", "Modality", "Transformation", "Haplotypes"],
      "tickvals": [1, 2, 3, 4, 5, 6, 7, 8, 9, 10, 11, 12, 13, 14, 15, 16, 17, 18, 19, 20, 21, 22, 23, 24, 25, 26, 27, 28, 29, 30, 31, 32],
      "categoryorder": "array",
      "categoryarray": ["Visualisation", "Clustering", "Dimensionality Reduction", "Normalisation", "Ordering", "Interactive", "Differential Expression", "Quality Control", "Integration", "Gene Networks", "Marker Genes", "Classification", "Imputation", "Simulation", "Variable Genes", "Gene Sets", "Gene Filtering", "Quantification", "UMIs", "Expression Patterns", "Variants", "Alignment", "Cell Cycle", "Alternative Splicing", "Immune", "Rare Cells", "Assembly", "Allele Specific", "Stem Cells", "Modality", "Transformation", "Haplotypes"],
      "nticks": null,
      "ticks": "outside",
      "tickcolor": "rgba(0,0,0,1)",
      "ticklen": 4.64923204649232,
      "tickwidth": 0.66417600664176,
      "showticklabels": true,
      "tickfont": {
        "color": "rgba(0,0,0,1)",
        "family": "",
        "size": 15.9402241594022
      },
      "tickangle": -60,
      "showline": true,
      "linecolor": "rgba(0,0,0,1)",
      "linewidth": 0.66417600664176,
      "showgrid": false,
      "gridcolor": null,
      "gridwidth": 0,
      "zeroline": false,
      "anchor": "y",
      "title": {
        "text": "",
        "font": {
          "color": null,
          "family": null,
          "size": 0
        }
      },
      "hoverformat": ".2f"
    },
    "yaxis": {
      "domain": [0, 1],
      "automargin": true,
      "type": "linear",
      "autorange": false,
      "range": [-0.0230172413793103, 0.483362068965517],
      "tickmode": "array",
      "ticktext": ["0.0%", "10.0%", "20.0%", "30.0%", "40.0%"],
      "tickvals": [0, 0.1, 0.2, 0.3, 0.4],
      "categoryorder": "array",
      "categoryarray": ["0.0%", "10.0%", "20.0%", "30.0%", "40.0%"],
      "nticks": null,
      "ticks": "outside",
      "tickcolor": "rgba(0,0,0,1)",
      "ticklen": 4.64923204649232,
      "tickwidth": 0.66417600664176,
      "showticklabels": true,
      "tickfont": {
        "color": "rgba(0,0,0,1)",
        "family": "",
        "size": 15.9402241594022
      },
      "tickangle": -0,
      "showline": true,
      "linecolor": "rgba(0,0,0,1)",
      "linewidth": 0.66417600664176,
      "showgrid": false,
      "gridcolor": null,
      "gridwidth": 0,
      "zeroline": false,
      "anchor": "x",
      "title": {
        "text": "Percentage of tools",
        "font": {
          "color": "rgba(0,0,0,1)",
          "family": "",
          "size": 18.5969281859693
        }
      },
      "hoverformat": ".2f"
    },
    "shapes": [
      {
        "type": "rect",
        "fillcolor": null,
        "line": {
          "color": null,
          "width": 0,
          "linetype": []
        },
        "yref": "paper",
        "xref": "paper",
        "x0": 0,
        "x1": 1,
        "y0": 0,
        "y1": 1
      }
    ],
    "showlegend": false,
    "legend": {
      "bgcolor": null,
      "bordercolor": null,
      "borderwidth": 0,
      "font": {
        "color": "rgba(0,0,0,1)",
        "family": "",
        "size": 15.9402241594022
      }
    },
    "hovermode": "closest",
    "height": 600,
    "barmode": "relative",
    "autosize": true
  },
  "config": {
    "doubleClick": "reset",
    "showSendToCloud": false,
    "responsive": true
  },