{
  "data": [
    {
      "orientation": "v",
      "width": [0.95, 0.95, 0.95, 0.95, 0.949999999999999, 0.949999999999999, 0.949999999999999, 0.949999999999999, 0.949999999999999, 0.949999999999999, 0.949999999999999, 0.949999999999999, 0.949999999999999, 0.949999999999999, 0.949999999999999, 0.950000000000001, 0.950000000000003, 0.950000000000003, 0.950000000000003, 0.950000000000003, 0.950000000000003, 0.950000000000003, 0.950000000000003, 0.950000000000003, 0.950000000000003, 0.950000000000003, 0.950000000000003, 0.950000000000003, 0.950000000000003, 0.950000000000003, 0.950000000000003, 0.950000000000003],
      "base": [0, 0, 0, 0, 0, 0, 0, 0, 0, 0, 0, 0, 0, 0, 0, 0, 0, 0, 0, 0, 0, 0, 0, 0, 0, 0, 0, 0, 0, 0, 0, 0],
      "x": [1, 2, 3, 4, 5, 6, 7, 8, 9, 10, 11, 12, 13, 14, 15, 16, 17, 18, 19, 20, 21, 22, 23, 24, 25, 26, 27, 28, 29, 30, 31, 32],
      "y": [0.439414114513981, 0.25832223701731, 0.247669773635153, 0.133155792276964, 0.133155792276964, 0.125166444740346, 0.113182423435419, 0.11051930758988, 0.109187749667111, 0.105193075898802, 0.105193075898802, 0.0918774966711052, 0.0838881491344873, 0.0719041278295606, 0.0692410119840213, 0.066577896138482, 0.0625832223701731, 0.0572569906790945, 0.0479360852197071, 0.0452729693741678, 0.0359520639147803, 0.0359520639147803, 0.0239680426098535, 0.0199733688415446, 0.0173102529960053, 0.0119840213049268, 0.00798934753661784, 0.00798934753661784, 0.0066577896138482, 0.00532623169107856, 0.00532623169107856, 0.00266311584553928],
      "text": ["Category: Visualisation<br />Count: 330<br />Percent: 43.9", "Category: Clustering<br />Count: 194<br />Percent: 25.8", "Category: Dimensionality Reduction<br />Count: 186<br />Percent: 24.8", "Category: Integration<br />Count: 100<br />Percent: 13.3", "Category: Ordering<br />Count: 100<br />Percent: 13.3", "Category: Normalisation<br />Count: 94<br />Percent: 12.5", "Category: Differential Expression<br />Count: 85<br />Percent: 11.3", "Category: Classification<br />Count: 83<br />Percent: 11.1", "Category: Quality Control<br />Count: 82<br />Percent: 10.9", "Category: Gene Networks<br />Count: 79<br />Percent: 10.5", "Category: Interactive<br />Count: 79<br />Percent: 10.5", "Category: Marker Genes<br />Count: 69<br />Percent: 9.2", "Category: Imputation<br />Count: 63<br />Percent: 8.4", "Category: Gene Sets<br />Count: 54<br />Percent: 7.2", "Category: Simulation<br />Count: 52<br />Percent: 6.9", "Category: Variable Genes<br />Count: 50<br />Percent: 6.7", "Category: Gene Filtering<br />Count: 47<br />Percent: 6.3", "Category: Quantification<br />Count: 43<br />Percent: 5.7", "Category: UMIs<br />Count: 36<br />Percent: 4.8", "Category: Expression Patterns<br />Count: 34<br />Percent: 4.5", "Category: Alignment<br />Count: 27<br />Percent: 3.6", "Category: Variants<br />Count: 27<br />Percent: 3.6", "Category: Cell Cycle<br />Count: 18<br />Percent: 2.4", "Category: Immune<br />Count: 15<br />Percent: 2", "Category: Alternative Splicing<br />Count: 13<br />Percent: 1.7", "Category: Rare Cells<br />Count: 9<br />Percent: 1.2", "Category: Allele Specific<br />Count: 6<br />Percent: 0.8", "Category: Assembly<br />Count: 6<br />Percent: 0.8", "Category: Stem Cells<br />Count: 5<br />Percent: 0.7", "Category: Modality<br />Count: 4<br />Percent: 0.5", "Category: Transformation<br />Count: 4<br />Percent: 0.5", "Category: Haplotypes<br />Count: 2<br />Percent: 0.3"],
      "type": "bar",
      "marker": {
        "autocolorscale": false,
        "color": "rgba(122,82,199,1)",
        "line": {
          "width": 1.88976377952756,
          "color": "transparent"
        }
      },
      "showlegend": false,
      "xaxis": "x",
      "yaxis": "y",
      "hoverinfo": "text",
      "frame": null
    }
  ],
  "layout": {
    "margin": {
      "t": 50,
      "r": 30,
      "b": 50,
      "l": 70
    },
    "font": {
      "color": "rgba(0,0,0,1)",
      "family": "",
      "size": 18.5969281859693
    },
    "xaxis": {
      "domain": [0, 1],
      "automargin": true,
      "type": "linear",
      "autorange": false,
      "range": [0.4, 32.6],
      "tickmode": "array",
      "ticktext": ["Visualisation", "Clustering", "Dimensionality Reduction", "Integration", "Ordering", "Normalisation", "Differential Expression", "Classification", "Quality Control", "Gene Networks", "Interactive", "Marker Genes", "Imputation", "Gene Sets", "Simulation", "Variable Genes", "Gene Filtering", "Quantification", "UMIs", "Expression Patterns", "Alignment", "Variants", "Cell Cycle", "Immune", "Alternative Splicing", "Rare Cells", "Allele Specific", "Assembly", "Stem Cells", "Modality", "Transformation", "Haplotypes"],
      "tickvals": [1, 2, 3, 4, 5, 6, 7, 8, 9, 10, 11, 12, 13, 14, 15, 16, 17, 18, 19, 20, 21, 22, 23, 24, 25, 26, 27, 28, 29, 30, 31, 32],
      "categoryorder": "array",
      "categoryarray": ["Visualisation", "Clustering", "Dimensionality Reduction", "Integration", "Ordering", "Normalisation", "Differential Expression", "Classification", "Quality Control", "Gene Networks", "Interactive", "Marker Genes", "Imputation", "Gene Sets", "Simulation", "Variable Genes", "Gene Filtering", "Quantification", "UMIs", "Expression Patterns", "Alignment", "Variants", "Cell Cycle", "Immune", "Alternative Splicing", "Rare Cells", "Allele Specific", "Assembly", "Stem Cells", "Modality", "Transformation", "Haplotypes"],
      "nticks": null,
      "ticks": "outside",
      "tickcolor": "rgba(0,0,0,1)",
      "ticklen": 4.64923204649232,
      "tickwidth": 0.66417600664176,
      "showticklabels": true,
      "tickfont": {
        "color": "rgba(0,0,0,1)",
        "family": "",
        "size": 15.9402241594022
      },
      "tickangle": -60,
      "showline": true,
      "linecolor": "rgba(0,0,0,1)",
      "linewidth": 0.66417600664176,
      "showgrid": false,
      "gridcolor": null,
      "gridwidth": 0,
      "zeroline": false,
      "anchor": "y",
      "title": {
        "text": "",
        "font": {
          "color": null,
          "family": null,
          "size": 0
        }
      },
      "hoverformat": ".2f"
    },
    "yaxis": {
      "domain": [0, 1],
      "automargin": true,
      "type": "linear",
      "autorange": false,
      "range": [-0.0219707057256991, 0.46138482023968],
      "tickmode": "array",
      "ticktext": ["0.0%", "10.0%", "20.0%", "30.0%", "40.0%"],
      "tickvals": [0, 0.1, 0.2, 0.3, 0.4],
      "categoryorder": "array",
      "categoryarray": ["0.0%", "10.0%", "20.0%", "30.0%", "40.0%"],
      "nticks": null,
      "ticks": "outside",
      "tickcolor": "rgba(0,0,0,1)",
      "ticklen": 4.64923204649232,
      "tickwidth": 0.66417600664176,
      "showticklabels": true,
      "tickfont": {
        "color": "rgba(0,0,0,1)",
        "family": "",
        "size": 15.9402241594022
      },
      "tickangle": -0,
      "showline": true,
      "linecolor": "rgba(0,0,0,1)",
      "linewidth": 0.66417600664176,
      "showgrid": false,
      "gridcolor": null,
      "gridwidth": 0,
      "zeroline": false,
      "anchor": "x",
      "title": {
        "text": "Percentage of tools",
        "font": {
          "color": "rgba(0,0,0,1)",
          "family": "",
          "size": 18.5969281859693
        }
      },
      "hoverformat": ".2f"
    },
    "shapes": [
      {
        "type": "rect",
        "fillcolor": null,
        "line": {
          "color": null,
          "width": 0,
          "linetype": []
        },
        "yref": "paper",
        "xref": "paper",
        "x0": 0,
        "x1": 1,
        "y0": 0,
        "y1": 1
      }
    ],
    "showlegend": false,
    "legend": {
      "bgcolor": null,
      "bordercolor": null,
      "borderwidth": 0,
      "font": {
        "color": "rgba(0,0,0,1)",
        "family": "",
        "size": 15.9402241594022
      }
    },
    "hovermode": "closest",
    "height": 600,
    "barmode": "relative",
    "autosize": true
  },
  "config": {
    "doubleClick": "reset",
    "showSendToCloud": false,