{
  "data": [
    {
      "orientation": "v",
      "width": [0.95, 0.95, 0.95, 0.95, 0.949999999999999, 0.949999999999999, 0.949999999999999, 0.949999999999999, 0.949999999999999, 0.949999999999999, 0.949999999999999, 0.949999999999999, 0.949999999999999, 0.949999999999999, 0.949999999999999, 0.950000000000001, 0.950000000000003, 0.950000000000003, 0.950000000000003, 0.950000000000003, 0.950000000000003, 0.950000000000003, 0.950000000000003, 0.950000000000003, 0.950000000000003, 0.950000000000003, 0.950000000000003, 0.950000000000003, 0.950000000000003, 0.950000000000003, 0.950000000000003, 0.950000000000003, 0.950000000000003],
      "base": [0, 0, 0, 0, 0, 0, 0, 0, 0, 0, 0, 0, 0, 0, 0, 0, 0, 0, 0, 0, 0, 0, 0, 0, 0, 0, 0, 0, 0, 0, 0, 0, 0],
      "x": [1, 2, 3, 4, 5, 6, 7, 8, 9, 10, 11, 12, 13, 14, 15, 16, 17, 18, 19, 20, 21, 22, 23, 24, 25, 26, 27, 28, 29, 30, 31, 32, 33],
      "y": [0.409118176364727, 0.250149970005999, 0.224355128974205, 0.157168566286743, 0.127774445110978, 0.119376124775045, 0.112777444511098, 0.101379724055189, 0.0959808038392322, 0.0959808038392322, 0.0839832033593281, 0.0761847630473905, 0.0677864427114577, 0.0629874025194961, 0.0623875224955009, 0.0623875224955009, 0.0605878824235153, 0.0461907618476305, 0.0389922015596881, 0.0347930413917217, 0.0335932813437313, 0.02999400119976, 0.0263947210557888, 0.0251949610077984, 0.0251949610077984, 0.020995800839832, 0.0113977204559088, 0.00719856028794241, 0.00599880023995201, 0.00539892021595681, 0.00479904019196161, 0.00419916016796641, 0.0011997600479904],
      "text": ["Category: Visualisation<br />Prop: 0.40911818<br />Count: 682<br />Percent: 40.9", "Category: Dimensionality Reduction<br />Prop: 0.25014997<br />Count: 417<br />Percent: 25", "Category: Clustering<br />Prop: 0.22435513<br />Count: 374<br />Percent: 22.4", "Category: Integration<br />Prop: 0.15716857<br />Count: 262<br />Percent: 15.7", "Category: Gene Networks<br />Prop: 0.12777445<br />Count: 213<br />Percent: 12.8", "Category: Classification<br />Prop: 0.11937612<br />Count: 199<br />Percent: 11.9", "Category: Ordering<br />Prop: 0.11277744<br />Count: 188<br />Percent: 11.3", "Category: Quality Control<br />Prop: 0.10137972<br />Count: 169<br />Percent: 10.1", "Category: Differential Expression<br />Prop: 0.09598080<br />Count: 160<br />Percent: 9.6", "Category: Normalisation<br />Prop: 0.09598080<br />Count: 160<br />Percent: 9.6", "Category: Marker Genes<br />Prop: 0.08398320<br />Count: 140<br />Percent: 8.4", "Category: Gene Sets<br />Prop: 0.07618476<br />Count: 127<br />Percent: 7.6", "Category: Interactive<br />Prop: 0.06778644<br />Count: 113<br />Percent: 6.8", "Category: Imputation<br />Prop: 0.06298740<br />Count: 105<br />Percent: 6.3", "Category: Quantification<br />Prop: 0.06238752<br />Count: 104<br />Percent: 6.2", "Category: Variable Genes<br />Prop: 0.06238752<br />Count: 104<br />Percent: 6.2", "Category: Simulation<br />Prop: 0.06058788<br />Count: 101<br />Percent: 6.1", "Category: Variants<br />Prop: 0.04619076<br />Count: 77<br />Percent: 4.6", "Category: Gene Filtering<br />Prop: 0.03899220<br />Count: 65<br />Percent: 3.9", "Category: UMIs<br />Prop: 0.03479304<br />Count: 58<br />Percent: 3.5", "Category: Alignment<br />Prop: 0.03359328<br />Count: 56<br />Percent: 3.4", "Category: Expression Patterns<br />Prop: 0.02999400<br />Count: 50<br />Percent: 3", "Category: Perturbations<br />Prop: 0.02639472<br />Count: 44<br />Percent: 2.6", "Category: Alternative Splicing<br />Prop: 0.02519496<br />Count: 42<br />Percent: 2.5", "Category: Immune<br />Prop: 0.02519496<br />Count: 42<br />Percent: 2.5", "Category: Cell Cycle<br />Prop: 0.02099580<br />Count: 35<br />Percent: 2.1", "Category: Rare Cells<br />Prop: 0.01139772<br />Count: 19<br />Percent: 1.1", "Category: Transformation<br />Prop: 0.00719856<br />Count: 12<br />Percent: 0.7", "Category: Assembly<br />Prop: 0.00599880<br />Count: 10<br />Percent: 0.6", "Category: Stem Cells<br />Prop: 0.00539892<br />Count: 9<br />Percent: 0.5", "Category: Modality<br />Prop: 0.00479904<br />Count: 8<br />Percent: 0.5", "Category: Allele Specific<br />Prop: 0.00419916<br />Count: 7<br />Percent: 0.4", "Category: Haplotypes<br />Prop: 0.00119976<br />Count: 2<br />Percent: 0.1"],
      "type": "bar",
      "textposition": "none",
      "marker": {
        "autocolorscale": false,
        "color": "rgba(122,82,199,1)",
        "line": {
          "width": 1.88976377952756,
          "color": "transparent"
        }
      },
      "showlegend": false,
      "xaxis": "x",
      "yaxis": "y",
      "hoverinfo": "text",
      "frame": null
    }
  ],
  "layout": {
    "margin": {
      "t": 0,
      "r": 10,
      "b": 0,
      "l": 55
    },
    "font": {
      "color": "rgba(0,0,0,1)",
      "family": "",
      "size": 18.5969281859693
    },
    "xaxis": {
      "domain": [0, 1],
      "automargin": true,
      "type": "linear",
      "autorange": false,
      "range": [0.4, 33.6],
      "tickmode": "array",
      "ticktext": ["Visualisation", "Dimensionality Reduction", "Clustering", "Integration", "Gene Networks", "Classification", "Ordering", "Quality Control", "Differential Expression", "Normalisation", "Marker Genes", "Gene Sets", "Interactive", "Imputation", "Quantification", "Variable Genes", "Simulation", "Variants", "Gene Filtering", "UMIs", "Alignment", "Expression Patterns", "Perturbations", "Alternative Splicing", "Immune", "Cell Cycle", "Rare Cells", "Transformation", "Assembly", "Stem Cells", "Modality", "Allele Specific", "Haplotypes"],
      "tickvals": [1, 2, 3, 4, 5, 6, 7, 8, 9, 10, 11, 12, 13, 14, 15, 16, 17, 18, 19, 20, 21, 22, 23, 24, 25, 26, 27, 28, 29, 30, 31, 32, 33],
      "categoryorder": "array",
      "categoryarray": ["Visualisation", "Dimensionality Reduction", "Clustering", "Integration", "Gene Networks", "Classification", "Ordering", "Quality Control", "Differential Expression", "Normalisation", "Marker Genes", "Gene Sets", "Interactive", "Imputation", "Quantification", "Variable Genes", "Simulation", "Variants", "Gene Filtering", "UMIs", "Alignment", "Expression Patterns", "Perturbations", "Alternative Splicing", "Immune", "Cell Cycle", "Rare Cells", "Transformation", "Assembly", "Stem Cells", "Modality", "Allele Specific", "Haplotypes"],
      "nticks": null,
      "ticks": "outside",
      "tickcolor": "rgba(0,0,0,1)",
      "ticklen": 4.64923204649232,
      "tickwidth": 0.66417600664176,
      "showticklabels": true,
      "tickfont": {
        "color": "rgba(0,0,0,1)",
        "family": "",
        "size": 7
      },
      "tickangle": -60,
      "showline": true,
      "linecolor": "rgba(0,0,0,1)",
      "linewidth": 0.66417600664176,
      "showgrid": false,
      "gridcolor": null,
      "gridwidth": 0,
      "zeroline": false,
      "anchor": "y",
      "title": {
        "text": "",
        "font": {
          "color": null,
          "family": null,
          "size": 9
        }
      },
      "hoverformat": ".2f",
      "fixedrange": true
    },
    "yaxis": {
      "domain": [0, 1],
      "automargin": true,
      "type": "linear",
      "autorange": false,
      "range": [-0.0204559088182364, 0.429574085182963],
      "tickmode": "array",
      "ticktext": ["0%", "10%", "20%", "30%", "40%"],
      "tickvals": [0, 0.1, 0.2, 0.3, 0.4],
      "categoryorder": "array",
      "categoryarray": ["0%", "10%", "20%", "30%", "40%"],
      "nticks": null,
      "ticks": "outside",
      "tickcolor": "rgba(0,0,0,1)",
      "ticklen": 4.64923204649232,
      "tickwidth": 0.66417600664176,
      "showticklabels": true,
      "tickfont": {
        "color": "rgba(0,0,0,1)",
        "family": "",
        "size": 7
      },
      "tickangle": -0,
      "showline": true,
      "linecolor": "rgba(0,0,0,1)",
      "linewidth": 0.66417600664176,
      "showgrid": false,
      "gridcolor": null,
      "gridwidth": 0,
      "zeroline": false,
      "anchor": "x",
      "title": {
        "text": "Percentage of tools",