{
  "data": [
    {
      "orientation": "v",
      "width": [0.95, 0.95, 0.95, 0.95, 0.949999999999999, 0.949999999999999, 0.949999999999999, 0.949999999999999, 0.949999999999999, 0.949999999999999, 0.949999999999999, 0.949999999999999, 0.949999999999999, 0.949999999999999, 0.949999999999999, 0.950000000000001, 0.950000000000003, 0.950000000000003, 0.950000000000003, 0.950000000000003, 0.950000000000003, 0.950000000000003, 0.950000000000003, 0.950000000000003, 0.950000000000003, 0.950000000000003, 0.950000000000003, 0.950000000000003, 0.950000000000003, 0.950000000000003, 0.950000000000003, 0.950000000000003],
      "base": [0, 0, 0, 0, 0, 0, 0, 0, 0, 0, 0, 0, 0, 0, 0, 0, 0, 0, 0, 0, 0, 0, 0, 0, 0, 0, 0, 0, 0, 0, 0, 0],
      "x": [1, 2, 3, 4, 5, 6, 7, 8, 9, 10, 11, 12, 13, 14, 15, 16, 17, 18, 19, 20, 21, 22, 23, 24, 25, 26, 27, 28, 29, 30, 31, 32],
      "y": [0.447632711621234, 0.262553802008608, 0.251076040172166, 0.131994261119082, 0.131994261119082, 0.12338593974175, 0.114777618364419, 0.110473457675753, 0.109038737446198, 0.109038737446198, 0.107604017216643, 0.0975609756097561, 0.0860832137733142, 0.0746054519368723, 0.0746054519368723, 0.0659971305595409, 0.0616929698708752, 0.0573888091822095, 0.0487804878048781, 0.0459110473457676, 0.0373027259684362, 0.0344332855093257, 0.024390243902439, 0.0215208034433286, 0.0172166427546628, 0.0129124820659971, 0.00860832137733142, 0.00860832137733142, 0.00717360114777618, 0.00573888091822095, 0.00573888091822095, 0.00286944045911047],
      "text": ["Category: Visualisation<br />Count: 312<br />Percent: 44.8", "Category: Clustering<br />Count: 183<br />Percent: 26.3", "Category: Dimensionality Reduction<br />Count: 175<br />Percent: 25.1", "Category: Normalisation<br />Count: 92<br />Percent: 13.2", "Category: Ordering<br />Count: 92<br />Percent: 13.2", "Category: Integration<br />Count: 86<br />Percent: 12.3", "Category: Differential Expression<br />Count: 80<br />Percent: 11.5", "Category: Quality Control<br />Count: 77<br />Percent: 11", "Category: Classification<br />Count: 76<br />Percent: 10.9", "Category: Interactive<br />Count: 76<br />Percent: 10.9", "Category: Gene Networks<br />Count: 75<br />Percent: 10.8", "Category: Marker Genes<br />Count: 68<br />Percent: 9.8", "Category: Imputation<br />Count: 60<br />Percent: 8.6", "Category: Gene Sets<br />Count: 52<br />Percent: 7.5", "Category: Simulation<br />Count: 52<br />Percent: 7.5", "Category: Variable Genes<br />Count: 46<br />Percent: 6.6", "Category: Gene Filtering<br />Count: 43<br />Percent: 6.2", "Category: Quantification<br />Count: 40<br />Percent: 5.7", "Category: UMIs<br />Count: 34<br />Percent: 4.9", "Category: Expression Patterns<br />Count: 32<br />Percent: 4.6", "Category: Variants<br />Count: 26<br />Percent: 3.7", "Category: Alignment<br />Count: 24<br />Percent: 3.4", "Category: Cell Cycle<br />Count: 17<br />Percent: 2.4", "Category: Immune<br />Count: 15<br />Percent: 2.2", "Category: Alternative Splicing<br />Count: 12<br />Percent: 1.7", "Category: Rare Cells<br />Count: 9<br />Percent: 1.3", "Category: Allele Specific<br />Count: 6<br />Percent: 0.9", "Category: Assembly<br />Count: 6<br />Percent: 0.9", "Category: Stem Cells<br />Count: 5<br />Percent: 0.7", "Category: Modality<br />Count: 4<br />Percent: 0.6", "Category: Transformation<br />Count: 4<br />Percent: 0.6", "Category: Haplotypes<br />Count: 2<br />Percent: 0.3"],
      "type": "bar",
      "marker": {
        "autocolorscale": false,
        "color": "rgba(122,82,199,1)",
        "line": {
          "width": 1.88976377952756,
          "color": "transparent"
        }
      },
      "showlegend": false,
      "xaxis": "x",
      "yaxis": "y",
      "hoverinfo": "text",
      "frame": null
    }
  ],
  "layout": {
    "margin": {
      "t": 50,
      "r": 30,
      "b": 50,
      "l": 70
    },
    "font": {
      "color": "rgba(0,0,0,1)",
      "family": "",
      "size": 18.5969281859693
    },
    "xaxis": {
      "domain": [0, 1],
      "automargin": true,
      "type": "linear",
      "autorange": false,
      "range": [0.4, 32.6],
      "tickmode": "array",
      "ticktext": ["Visualisation", "Clustering", "Dimensionality Reduction", "Normalisation", "Ordering", "Integration", "Differential Expression", "Quality Control", "Classification", "Interactive", "Gene Networks", "Marker Genes", "Imputation", "Gene Sets", "Simulation", "Variable Genes", "Gene Filtering", "Quantification", "UMIs", "Expression Patterns", "Variants", "Alignment", "Cell Cycle", "Immune", "Alternative Splicing", "Rare Cells", "Allele Specific", "Assembly", "Stem Cells", "Modality", "Transformation", "Haplotypes"],
      "tickvals": [1, 2, 3, 4, 5, 6, 7, 8, 9, 10, 11, 12, 13, 14, 15, 16, 17, 18, 19, 20, 21, 22, 23, 24, 25, 26, 27, 28, 29, 30, 31, 32],
      "categoryorder": "array",
      "categoryarray": ["Visualisation", "Clustering", "Dimensionality Reduction", "Normalisation", "Ordering", "Integration", "Differential Expression", "Quality Control", "Classification", "Interactive", "Gene Networks", "Marker Genes", "Imputation", "Gene Sets", "Simulation", "Variable Genes", "Gene Filtering", "Quantification", "UMIs", "Expression Patterns", "Variants", "Alignment", "Cell Cycle", "Immune", "Alternative Splicing", "Rare Cells", "Allele Specific", "Assembly", "Stem Cells", "Modality", "Transformation", "Haplotypes"],
      "nticks": null,
      "ticks": "outside",
      "tickcolor": "rgba(0,0,0,1)",
      "ticklen": 4.64923204649232,
      "tickwidth": 0.66417600664176,
      "showticklabels": true,
      "tickfont": {
        "color": "rgba(0,0,0,1)",
        "family": "",
        "size": 15.9402241594022
      },
      "tickangle": -60,
      "showline": true,
      "linecolor": "rgba(0,0,0,1)",
      "linewidth": 0.66417600664176,
      "showgrid": false,
      "gridcolor": null,
      "gridwidth": 0,
      "zeroline": false,
      "anchor": "y",
      "title": {
        "text": "",
        "font": {
          "color": null,
          "family": null,
          "size": 0
        }
      },
      "hoverformat": ".2f"
    },
    "yaxis": {
      "domain": [0, 1],
      "automargin": true,
      "type": "linear",
      "autorange": false,
      "range": [-0.0223816355810617, 0.470014347202296],
      "tickmode": "array",
      "ticktext": ["0.0%", "10.0%", "20.0%", "30.0%", "40.0%"],
      "tickvals": [0, 0.1, 0.2, 0.3, 0.4],
      "categoryorder": "array",
      "categoryarray": ["0.0%", "10.0%", "20.0%", "30.0%", "40.0%"],
      "nticks": null,
      "ticks": "outside",
      "tickcolor": "rgba(0,0,0,1)",
      "ticklen": 4.64923204649232,
      "tickwidth": 0.66417600664176,
      "showticklabels": true,
      "tickfont": {
        "color": "rgba(0,0,0,1)",
        "family": "",
        "size": 15.9402241594022
      },
      "tickangle": -0,
      "showline": true,
      "linecolor": "rgba(0,0,0,1)",
      "linewidth": 0.66417600664176,
      "showgrid": false,
      "gridcolor": null,
      "gridwidth": 0,
      "zeroline": false,
      "anchor": "x",
      "title": {
        "text": "Percentage of tools",
        "font": {
          "color": "rgba(0,0,0,1)",
          "family": "",
          "size": 18.5969281859693
        }
      },
      "hoverformat": ".2f"
    },
    "shapes": [
      {
        "type": "rect",
        "fillcolor": null,
        "line": {
          "color": null,
          "width": 0,
          "linetype": []
        },
        "yref": "paper",
        "xref": "paper",
        "x0": 0,
        "x1": 1,
        "y0": 0,
        "y1": 1
      }
    ],
    "showlegend": false,
    "legend": {
      "bgcolor": null,
      "bordercolor": null,
      "borderwidth": 0,
      "font": {
        "color": "rgba(0,0,0,1)",
        "family": "",
        "size": 15.9402241594022
      }
    },
    "hovermode": "closest",
    "height": 600,
    "barmode": "relative",
    "autosize": true
  },
  "config": {
    "doubleClick": "reset",
    "showSendToCloud": false,