{
  "data": [
    {
      "orientation": "v",
      "width": [0.95, 0.95, 0.95, 0.95, 0.949999999999999, 0.949999999999999, 0.949999999999999, 0.949999999999999, 0.949999999999999, 0.949999999999999, 0.949999999999999, 0.949999999999999, 0.949999999999999, 0.949999999999999, 0.949999999999999, 0.950000000000001, 0.950000000000003, 0.950000000000003, 0.950000000000003, 0.950000000000003, 0.950000000000003, 0.950000000000003, 0.950000000000003, 0.950000000000003, 0.950000000000003, 0.950000000000003, 0.950000000000003, 0.950000000000003, 0.950000000000003, 0.950000000000003, 0.950000000000003, 0.950000000000003],
      "base": [0, 0, 0, 0, 0, 0, 0, 0, 0, 0, 0, 0, 0, 0, 0, 0, 0, 0, 0, 0, 0, 0, 0, 0, 0, 0, 0, 0, 0, 0, 0, 0],
      "x": [1, 2, 3, 4, 5, 6, 7, 8, 9, 10, 11, 12, 13, 14, 15, 16, 17, 18, 19, 20, 21, 22, 23, 24, 25, 26, 27, 28, 29, 30, 31, 32],
      "y": [0.448, 0.264, 0.248, 0.1456, 0.1424, 0.12, 0.1152, 0.1136, 0.112, 0.1088, 0.1024, 0.0928, 0.088, 0.08, 0.0736, 0.0704, 0.064, 0.0608, 0.0528, 0.0496, 0.04, 0.0352, 0.0256, 0.0208, 0.0192, 0.0144, 0.0096, 0.0096, 0.008, 0.008, 0.008, 0.0032],
      "text": ["Category: Visualisation<br />Prop: 0.4480<br />Count: 280<br />Percent: 44.8", "Category: Clustering<br />Prop: 0.2640<br />Count: 165<br />Percent: 26.4", "Category: Dimensionality Reduction<br />Prop: 0.2480<br />Count: 155<br />Percent: 24.8", "Category: Ordering<br />Prop: 0.1456<br />Count: 91<br />Percent: 14.6", "Category: Normalisation<br />Prop: 0.1424<br />Count: 89<br />Percent: 14.2", "Category: Integration<br />Prop: 0.1200<br />Count: 75<br />Percent: 12", "Category: Differential Expression<br />Prop: 0.1152<br />Count: 72<br />Percent: 11.5", "Category: Quality Control<br />Prop: 0.1136<br />Count: 71<br />Percent: 11.4", "Category: Interactive<br />Prop: 0.1120<br />Count: 70<br />Percent: 11.2", "Category: Gene Networks<br />Prop: 0.1088<br />Count: 68<br />Percent: 10.9", "Category: Marker Genes<br />Prop: 0.1024<br />Count: 64<br />Percent: 10.2", "Category: Classification<br />Prop: 0.0928<br />Count: 58<br />Percent: 9.3", "Category: Imputation<br />Prop: 0.0880<br />Count: 55<br />Percent: 8.8", "Category: Simulation<br />Prop: 0.0800<br />Count: 50<br />Percent: 8", "Category: Gene Sets<br />Prop: 0.0736<br />Count: 46<br />Percent: 7.4", "Category: Variable Genes<br />Prop: 0.0704<br />Count: 44<br />Percent: 7", "Category: Gene Filtering<br />Prop: 0.0640<br />Count: 40<br />Percent: 6.4", "Category: Quantification<br />Prop: 0.0608<br />Count: 38<br />Percent: 6.1", "Category: UMIs<br />Prop: 0.0528<br />Count: 33<br />Percent: 5.3", "Category: Expression Patterns<br />Prop: 0.0496<br />Count: 31<br />Percent: 5", "Category: Variants<br />Prop: 0.0400<br />Count: 25<br />Percent: 4", "Category: Alignment<br />Prop: 0.0352<br />Count: 22<br />Percent: 3.5", "Category: Cell Cycle<br />Prop: 0.0256<br />Count: 16<br />Percent: 2.6", "Category: Immune<br />Prop: 0.0208<br />Count: 13<br />Percent: 2.1", "Category: Alternative Splicing<br />Prop: 0.0192<br />Count: 12<br />Percent: 1.9", "Category: Rare Cells<br />Prop: 0.0144<br />Count: 9<br />Percent: 1.4", "Category: Allele Specific<br />Prop: 0.0096<br />Count: 6<br />Percent: 1", "Category: Assembly<br />Prop: 0.0096<br />Count: 6<br />Percent: 1", "Category: Modality<br />Prop: 0.0080<br />Count: 5<br />Percent: 0.8", "Category: Stem Cells<br />Prop: 0.0080<br />Count: 5<br />Percent: 0.8", "Category: Transformation<br />Prop: 0.0080<br />Count: 5<br />Percent: 0.8", "Category: Haplotypes<br />Prop: 0.0032<br />Count: 2<br />Percent: 0.3"],
      "type": "bar",
      "marker": {
        "autocolorscale": false,
        "color": "rgba(122,82,199,1)",
        "line": {
          "width": 1.88976377952756,
          "color": "transparent"
        }
      },
      "showlegend": false,
      "xaxis": "x",
      "yaxis": "y",
      "hoverinfo": "text",
      "frame": null
    }
  ],
  "layout": {
    "margin": {
      "t": 0,
      "r": 10,
      "b": 0,
      "l": 55
    },
    "font": {
      "color": "rgba(0,0,0,1)",
      "family": "",
      "size": 18.5969281859693
    },
    "xaxis": {
      "domain": [0, 1],
      "automargin": true,
      "type": "linear",
      "autorange": false,
      "range": [0.4, 32.6],
      "tickmode": "array",
      "ticktext": ["Visualisation", "Clustering", "Dimensionality Reduction", "Ordering", "Normalisation", "Integration", "Differential Expression", "Quality Control", "Interactive", "Gene Networks", "Marker Genes", "Classification", "Imputation", "Simulation", "Gene Sets", "Variable Genes", "Gene Filtering", "Quantification", "UMIs", "Expression Patterns", "Variants", "Alignment", "Cell Cycle", "Immune", "Alternative Splicing", "Rare Cells", "Allele Specific", "Assembly", "Modality", "Stem Cells", "Transformation", "Haplotypes"],
      "tickvals": [1, 2, 3, 4, 5, 6, 7, 8, 9, 10, 11, 12, 13, 14, 15, 16, 17, 18, 19, 20, 21, 22, 23, 24, 25, 26, 27, 28, 29, 30, 31, 32],
      "categoryorder": "array",
      "categoryarray": ["Visualisation", "Clustering", "Dimensionality Reduction", "Ordering", "Normalisation", "Integration", "Differential Expression", "Quality Control", "Interactive", "Gene Networks", "Marker Genes", "Classification", "Imputation", "Simulation", "Gene Sets", "Variable Genes", "Gene Filtering", "Quantification", "UMIs", "Expression Patterns", "Variants", "Alignment", "Cell Cycle", "Immune", "Alternative Splicing", "Rare Cells", "Allele Specific", "Assembly", "Modality", "Stem Cells", "Transformation", "Haplotypes"],
      "nticks": null,
      "ticks": "outside",
      "tickcolor": "rgba(0,0,0,1)",
      "ticklen": 4.64923204649232,
      "tickwidth": 0.66417600664176,
      "showticklabels": true,
      "tickfont": {
        "color": "rgba(0,0,0,1)",
        "family": "",
        "size": 7
      },
      "tickangle": -60,
      "showline": true,
      "linecolor": "rgba(0,0,0,1)",
      "linewidth": 0.66417600664176,
      "showgrid": false,
      "gridcolor": null,
      "gridwidth": 0,
      "zeroline": false,
      "anchor": "y",
      "title": {
        "text": "",
        "font": {
          "color": null,
          "family": null,
          "size": 9
        }
      },
      "hoverformat": ".2f",
      "fixedrange": true
    },
    "yaxis": {
      "domain": [0, 1],
      "automargin": true,
      "type": "linear",
      "autorange": false,
      "range": [-0.0224, 0.4704],
      "tickmode": "array",
      "ticktext": ["0.0%", "10.0%", "20.0%", "30.0%", "40.0%"],
      "tickvals": [0, 0.1, 0.2, 0.3, 0.4],
      "categoryorder": "array",
      "categoryarray": ["0.0%", "10.0%", "20.0%", "30.0%", "40.0%"],
      "nticks": null,
      "ticks": "outside",
      "tickcolor": "rgba(0,0,0,1)",
      "ticklen": 4.64923204649232,
      "tickwidth": 0.66417600664176,
      "showticklabels": true,
      "tickfont": {
        "color": "rgba(0,0,0,1)",
        "family": "",
        "size": 7
      },
      "tickangle": -0,
      "showline": true,
      "linecolor": "rgba(0,0,0,1)",
      "linewidth": 0.66417600664176,
      "showgrid": false,
      "gridcolor": null,
      "gridwidth": 0,
      "zeroline": false,
      "anchor": "x",
      "title": {
        "text": "Percentage of tools",
        "font": {
          "color": "rgba(0,0,0,1)",
          "family": "",
          "size": 9
        }
      },
      "hoverformat": ".2f",
      "fixedrange": true
    },
    "shapes": [
      {
        "type": "rect",
        "fillcolor": null,
        "line": {
          "color": null,
          "width": 0,
          "linetype": []
        },
        "yref": "paper",
        "xref": "paper",
        "x0": 0,
        "x1": 1,
        "y0": 0,
        "y1": 1
      }
    ],
    "showlegend": false,
    "legend": {
      "bgcolor": null,
      "bordercolor": null,
      "borderwidth": 0,
      "font": {
        "color": "rgba(0,0,0,1)",
        "family": "",
        "size": 15.9402241594022
      }
    },