{
  "data": [
    {
      "orientation": "v",
      "width": [0.95, 0.95, 0.95, 0.95, 0.949999999999999, 0.949999999999999, 0.949999999999999, 0.949999999999999, 0.949999999999999, 0.949999999999999, 0.949999999999999, 0.949999999999999, 0.949999999999999, 0.949999999999999, 0.949999999999999, 0.950000000000001, 0.950000000000003, 0.950000000000003, 0.950000000000003, 0.950000000000003, 0.950000000000003, 0.950000000000003, 0.950000000000003, 0.950000000000003, 0.950000000000003, 0.950000000000003, 0.950000000000003, 0.950000000000003, 0.950000000000003, 0.950000000000003, 0.950000000000003, 0.950000000000003, 0.950000000000003],
      "base": [0, 0, 0, 0, 0, 0, 0, 0, 0, 0, 0, 0, 0, 0, 0, 0, 0, 0, 0, 0, 0, 0, 0, 0, 0, 0, 0, 0, 0, 0, 0, 0, 0],
      "x": [1, 2, 3, 4, 5, 6, 7, 8, 9, 10, 11, 12, 13, 14, 15, 16, 17, 18, 19, 20, 21, 22, 23, 24, 25, 26, 27, 28, 29, 30, 31, 32, 33],
      "y": [0.411179173047473, 0.241194486983155, 0.239663093415008, 0.143950995405819, 0.122511485451761, 0.116385911179173, 0.114088820826953, 0.103369065849923, 0.0995405819295559, 0.0987748851454824, 0.0842266462480858, 0.0727411944869832, 0.0689127105666156, 0.0643185298621746, 0.0635528330781011, 0.0612557427258806, 0.060490045941807, 0.0451761102603369, 0.0413476263399694, 0.0352220520673813, 0.0336906584992343, 0.0329249617151608, 0.0267993874425727, 0.0229709035222052, 0.0214395099540582, 0.0191424196018377, 0.0122511485451761, 0.00689127105666156, 0.00612557427258806, 0.00535987748851455, 0.00535987748851455, 0.00459418070444104, 0.00153139356814701],
      "text": ["Category: Visualisation<br />Prop: 0.411179173<br />Count: 537<br />Percent: 41.1", "Category: Clustering<br />Prop: 0.241194487<br />Count: 315<br />Percent: 24.1", "Category: Dimensionality Reduction<br />Prop: 0.239663093<br />Count: 313<br />Percent: 24", "Category: Integration<br />Prop: 0.143950995<br />Count: 188<br />Percent: 14.4", "Category: Gene Networks<br />Prop: 0.122511485<br />Count: 160<br />Percent: 12.3", "Category: Classification<br />Prop: 0.116385911<br />Count: 152<br />Percent: 11.6", "Category: Ordering<br />Prop: 0.114088821<br />Count: 149<br />Percent: 11.4", "Category: Differential Expression<br />Prop: 0.103369066<br />Count: 135<br />Percent: 10.3", "Category: Quality Control<br />Prop: 0.099540582<br />Count: 130<br />Percent: 10", "Category: Normalisation<br />Prop: 0.098774885<br />Count: 129<br />Percent: 9.9", "Category: Marker Genes<br />Prop: 0.084226646<br />Count: 110<br />Percent: 8.4", "Category: Interactive<br />Prop: 0.072741194<br />Count: 95<br />Percent: 7.3", "Category: Gene Sets<br />Prop: 0.068912711<br />Count: 90<br />Percent: 6.9", "Category: Imputation<br />Prop: 0.064318530<br />Count: 84<br />Percent: 6.4", "Category: Simulation<br />Prop: 0.063552833<br />Count: 83<br />Percent: 6.4", "Category: Quantification<br />Prop: 0.061255743<br />Count: 80<br />Percent: 6.1", "Category: Variable Genes<br />Prop: 0.060490046<br />Count: 79<br />Percent: 6", "Category: Gene Filtering<br />Prop: 0.045176110<br />Count: 59<br />Percent: 4.5", "Category: Variants<br />Prop: 0.041347626<br />Count: 54<br />Percent: 4.1", "Category: Alignment<br />Prop: 0.035222052<br />Count: 46<br />Percent: 3.5", "Category: UMIs<br />Prop: 0.033690658<br />Count: 44<br />Percent: 3.4", "Category: Expression Patterns<br />Prop: 0.032924962<br />Count: 43<br />Percent: 3.3", "Category: Alternative Splicing<br />Prop: 0.026799387<br />Count: 35<br />Percent: 2.7", "Category: Immune<br />Prop: 0.022970904<br />Count: 30<br />Percent: 2.3", "Category: Cell Cycle<br />Prop: 0.021439510<br />Count: 28<br />Percent: 2.1", "Category: Perturbations<br />Prop: 0.019142420<br />Count: 25<br />Percent: 1.9", "Category: Rare Cells<br />Prop: 0.012251149<br />Count: 16<br />Percent: 1.2", "Category: Assembly<br />Prop: 0.006891271<br />Count: 9<br />Percent: 0.7", "Category: Transformation<br />Prop: 0.006125574<br />Count: 8<br />Percent: 0.6", "Category: Modality<br />Prop: 0.005359877<br />Count: 7<br />Percent: 0.5", "Category: Stem Cells<br />Prop: 0.005359877<br />Count: 7<br />Percent: 0.5", "Category: Allele Specific<br />Prop: 0.004594181<br />Count: 6<br />Percent: 0.5", "Category: Haplotypes<br />Prop: 0.001531394<br />Count: 2<br />Percent: 0.2"],
      "type": "bar",
      "textposition": "none",
      "marker": {
        "autocolorscale": false,
        "color": "rgba(122,82,199,1)",
        "line": {
          "width": 1.88976377952756,
          "color": "transparent"
        }
      },
      "showlegend": false,
      "xaxis": "x",
      "yaxis": "y",
      "hoverinfo": "text",
      "frame": null
    }
  ],
  "layout": {
    "margin": {
      "t": 0,
      "r": 10,
      "b": 0,
      "l": 55
    },
    "font": {
      "color": "rgba(0,0,0,1)",
      "family": "",
      "size": 18.5969281859693
    },
    "xaxis": {
      "domain": [0, 1],
      "automargin": true,
      "type": "linear",
      "autorange": false,
      "range": [0.4, 33.6],
      "tickmode": "array",
      "ticktext": ["Visualisation", "Clustering", "Dimensionality Reduction", "Integration", "Gene Networks", "Classification", "Ordering", "Differential Expression", "Quality Control", "Normalisation", "Marker Genes", "Interactive", "Gene Sets", "Imputation", "Simulation", "Quantification", "Variable Genes", "Gene Filtering", "Variants", "Alignment", "UMIs", "Expression Patterns", "Alternative Splicing", "Immune", "Cell Cycle", "Perturbations", "Rare Cells", "Assembly", "Transformation", "Modality", "Stem Cells", "Allele Specific", "Haplotypes"],
      "tickvals": [1, 2, 3, 4, 5, 6, 7, 8, 9, 10, 11, 12, 13, 14, 15, 16, 17, 18, 19, 20, 21, 22, 23, 24, 25, 26, 27, 28, 29, 30, 31, 32, 33],
      "categoryorder": "array",
      "categoryarray": ["Visualisation", "Clustering", "Dimensionality Reduction", "Integration", "Gene Networks", "Classification", "Ordering", "Differential Expression", "Quality Control", "Normalisation", "Marker Genes", "Interactive", "Gene Sets", "Imputation", "Simulation", "Quantification", "Variable Genes", "Gene Filtering", "Variants", "Alignment", "UMIs", "Expression Patterns", "Alternative Splicing", "Immune", "Cell Cycle", "Perturbations", "Rare Cells", "Assembly", "Transformation", "Modality", "Stem Cells", "Allele Specific", "Haplotypes"],
      "nticks": null,
      "ticks": "outside",
      "tickcolor": "rgba(0,0,0,1)",
      "ticklen": 4.64923204649232,
      "tickwidth": 0.66417600664176,
      "showticklabels": true,
      "tickfont": {
        "color": "rgba(0,0,0,1)",
        "family": "",
        "size": 7
      },
      "tickangle": -60,
      "showline": true,
      "linecolor": "rgba(0,0,0,1)",
      "linewidth": 0.66417600664176,
      "showgrid": false,
      "gridcolor": null,
      "gridwidth": 0,
      "zeroline": false,
      "anchor": "y",
      "title": {
        "text": "",
        "font": {
          "color": null,
          "family": null,
          "size": 9
        }
      },
      "hoverformat": ".2f",
      "fixedrange": true
    },
    "yaxis": {
      "domain": [0, 1],
      "automargin": true,
      "type": "linear",
      "autorange": false,
      "range": [-0.0205589586523737, 0.431738131699847],
      "tickmode": "array",
      "ticktext": ["0%", "10%", "20%", "30%", "40%"],
      "tickvals": [0, 0.1, 0.2, 0.3, 0.4],
      "categoryorder": "array",
      "categoryarray": ["0%", "10%", "20%", "30%", "40%"],
      "nticks": null,
      "ticks": "outside",
      "tickcolor": "rgba(0,0,0,1)",
      "ticklen": 4.64923204649232,
      "tickwidth": 0.66417600664176,
      "showticklabels": true,
      "tickfont": {
        "color": "rgba(0,0,0,1)",
        "family": "",
        "size": 7
      },
      "tickangle": -0,
      "showline": true,
      "linecolor": "rgba(0,0,0,1)",
      "linewidth": 0.66417600664176,
      "showgrid": false,
      "gridcolor": null,
      "gridwidth": 0,
      "zeroline": false,
      "anchor": "x",