{
  "data": [
    {
      "orientation": "v",
      "width": [0.95, 0.95, 0.95, 0.95, 0.949999999999999, 0.949999999999999, 0.949999999999999, 0.949999999999999, 0.949999999999999, 0.949999999999999, 0.949999999999999, 0.949999999999999, 0.949999999999999, 0.949999999999999, 0.949999999999999, 0.950000000000001, 0.950000000000003, 0.950000000000003, 0.950000000000003, 0.950000000000003, 0.950000000000003, 0.950000000000003, 0.950000000000003, 0.950000000000003, 0.950000000000003, 0.950000000000003, 0.950000000000003, 0.950000000000003, 0.950000000000003, 0.950000000000003, 0.950000000000003, 0.950000000000003, 0.950000000000003],
      "base": [0, 0, 0, 0, 0, 0, 0, 0, 0, 0, 0, 0, 0, 0, 0, 0, 0, 0, 0, 0, 0, 0, 0, 0, 0, 0, 0, 0, 0, 0, 0, 0, 0],
      "x": [1, 2, 3, 4, 5, 6, 7, 8, 9, 10, 11, 12, 13, 14, 15, 16, 17, 18, 19, 20, 21, 22, 23, 24, 25, 26, 27, 28, 29, 30, 31, 32, 33],
      "y": [0.413010590015129, 0.24054462934947, 0.239788199697428, 0.144478063540091, 0.124054462934947, 0.116490166414523, 0.115733736762481, 0.102874432677761, 0.101361573373676, 0.0983358547655068, 0.0854765506807867, 0.0726172465960666, 0.0695915279878971, 0.0658093797276853, 0.0627836611195159, 0.0605143721633888, 0.0605143721633888, 0.0446293494704992, 0.0416036308623298, 0.0347957639939486, 0.0332829046898638, 0.0325264750378215, 0.0264750378214826, 0.0226928895612708, 0.0211800302571861, 0.0204236006051437, 0.0128593040847201, 0.00680786686838124, 0.00605143721633888, 0.00605143721633888, 0.00529500756429652, 0.00453857791225416, 0.00151285930408472],
      "text": ["Category: Visualisation<br />Prop: 0.413010590<br />Count: 546<br />Percent: 41.3", "Category: Clustering<br />Prop: 0.240544629<br />Count: 318<br />Percent: 24.1", "Category: Dimensionality Reduction<br />Prop: 0.239788200<br />Count: 317<br />Percent: 24", "Category: Integration<br />Prop: 0.144478064<br />Count: 191<br />Percent: 14.4", "Category: Gene Networks<br />Prop: 0.124054463<br />Count: 164<br />Percent: 12.4", "Category: Classification<br />Prop: 0.116490166<br />Count: 154<br />Percent: 11.6", "Category: Ordering<br />Prop: 0.115733737<br />Count: 153<br />Percent: 11.6", "Category: Differential Expression<br />Prop: 0.102874433<br />Count: 136<br />Percent: 10.3", "Category: Quality Control<br />Prop: 0.101361573<br />Count: 134<br />Percent: 10.1", "Category: Normalisation<br />Prop: 0.098335855<br />Count: 130<br />Percent: 9.8", "Category: Marker Genes<br />Prop: 0.085476551<br />Count: 113<br />Percent: 8.5", "Category: Interactive<br />Prop: 0.072617247<br />Count: 96<br />Percent: 7.3", "Category: Gene Sets<br />Prop: 0.069591528<br />Count: 92<br />Percent: 7", "Category: Imputation<br />Prop: 0.065809380<br />Count: 87<br />Percent: 6.6", "Category: Simulation<br />Prop: 0.062783661<br />Count: 83<br />Percent: 6.3", "Category: Quantification<br />Prop: 0.060514372<br />Count: 80<br />Percent: 6.1", "Category: Variable Genes<br />Prop: 0.060514372<br />Count: 80<br />Percent: 6.1", "Category: Gene Filtering<br />Prop: 0.044629349<br />Count: 59<br />Percent: 4.5", "Category: Variants<br />Prop: 0.041603631<br />Count: 55<br />Percent: 4.2", "Category: Alignment<br />Prop: 0.034795764<br />Count: 46<br />Percent: 3.5", "Category: UMIs<br />Prop: 0.033282905<br />Count: 44<br />Percent: 3.3", "Category: Expression Patterns<br />Prop: 0.032526475<br />Count: 43<br />Percent: 3.3", "Category: Alternative Splicing<br />Prop: 0.026475038<br />Count: 35<br />Percent: 2.6", "Category: Immune<br />Prop: 0.022692890<br />Count: 30<br />Percent: 2.3", "Category: Cell Cycle<br />Prop: 0.021180030<br />Count: 28<br />Percent: 2.1", "Category: Perturbations<br />Prop: 0.020423601<br />Count: 27<br />Percent: 2", "Category: Rare Cells<br />Prop: 0.012859304<br />Count: 17<br />Percent: 1.3", "Category: Assembly<br />Prop: 0.006807867<br />Count: 9<br />Percent: 0.7", "Category: Stem Cells<br />Prop: 0.006051437<br />Count: 8<br />Percent: 0.6", "Category: Transformation<br />Prop: 0.006051437<br />Count: 8<br />Percent: 0.6", "Category: Modality<br />Prop: 0.005295008<br />Count: 7<br />Percent: 0.5", "Category: Allele Specific<br />Prop: 0.004538578<br />Count: 6<br />Percent: 0.5", "Category: Haplotypes<br />Prop: 0.001512859<br />Count: 2<br />Percent: 0.2"],
      "type": "bar",
      "textposition": "none",
      "marker": {
        "autocolorscale": false,
        "color": "rgba(122,82,199,1)",
        "line": {
          "width": 1.88976377952756,
          "color": "transparent"
        }
      },
      "showlegend": false,
      "xaxis": "x",
      "yaxis": "y",
      "hoverinfo": "text",
      "frame": null
    }
  ],
  "layout": {
    "margin": {
      "t": 0,
      "r": 10,
      "b": 0,
      "l": 55
    },
    "font": {
      "color": "rgba(0,0,0,1)",
      "family": "",
      "size": 18.5969281859693
    },
    "xaxis": {
      "domain": [0, 1],
      "automargin": true,
      "type": "linear",
      "autorange": false,
      "range": [0.4, 33.6],
      "tickmode": "array",
      "ticktext": ["Visualisation", "Clustering", "Dimensionality Reduction", "Integration", "Gene Networks", "Classification", "Ordering", "Differential Expression", "Quality Control", "Normalisation", "Marker Genes", "Interactive", "Gene Sets", "Imputation", "Simulation", "Quantification", "Variable Genes", "Gene Filtering", "Variants", "Alignment", "UMIs", "Expression Patterns", "Alternative Splicing", "Immune", "Cell Cycle", "Perturbations", "Rare Cells", "Assembly", "Stem Cells", "Transformation", "Modality", "Allele Specific", "Haplotypes"],
      "tickvals": [1, 2, 3, 4, 5, 6, 7, 8, 9, 10, 11, 12, 13, 14, 15, 16, 17, 18, 19, 20, 21, 22, 23, 24, 25, 26, 27, 28, 29, 30, 31, 32, 33],
      "categoryorder": "array",
      "categoryarray": ["Visualisation", "Clustering", "Dimensionality Reduction", "Integration", "Gene Networks", "Classification", "Ordering", "Differential Expression", "Quality Control", "Normalisation", "Marker Genes", "Interactive", "Gene Sets", "Imputation", "Simulation", "Quantification", "Variable Genes", "Gene Filtering", "Variants", "Alignment", "UMIs", "Expression Patterns", "Alternative Splicing", "Immune", "Cell Cycle", "Perturbations", "Rare Cells", "Assembly", "Stem Cells", "Transformation", "Modality", "Allele Specific", "Haplotypes"],
      "nticks": null,
      "ticks": "outside",
      "tickcolor": "rgba(0,0,0,1)",
      "ticklen": 4.64923204649232,
      "tickwidth": 0.66417600664176,
      "showticklabels": true,
      "tickfont": {
        "color": "rgba(0,0,0,1)",
        "family": "",
        "size": 7
      },
      "tickangle": -60,
      "showline": true,
      "linecolor": "rgba(0,0,0,1)",
      "linewidth": 0.66417600664176,
      "showgrid": false,
      "gridcolor": null,
      "gridwidth": 0,
      "zeroline": false,
      "anchor": "y",
      "title": {
        "text": "",
        "font": {
          "color": null,
          "family": null,
          "size": 9
        }
      },
      "hoverformat": ".2f",
      "fixedrange": true
    },
    "yaxis": {
      "domain": [0, 1],
      "automargin": true,
      "type": "linear",
      "autorange": false,
      "range": [-0.0206505295007564, 0.433661119515885],
      "tickmode": "array",
      "ticktext": ["0%", "10%", "20%", "30%", "40%"],
      "tickvals": [0, 0.1, 0.2, 0.3, 0.4],
      "categoryorder": "array",
      "categoryarray": ["0%", "10%", "20%", "30%", "40%"],
      "nticks": null,
      "ticks": "outside",
      "tickcolor": "rgba(0,0,0,1)",
      "ticklen": 4.64923204649232,
      "tickwidth": 0.66417600664176,
      "showticklabels": true,
      "tickfont": {
        "color": "rgba(0,0,0,1)",
        "family": "",
        "size": 7
      },
      "tickangle": -0,
      "showline": true,
      "linecolor": "rgba(0,0,0,1)",
      "linewidth": 0.66417600664176,
      "showgrid": false,
      "gridcolor": null,
      "gridwidth": 0,
      "zeroline": false,
      "anchor": "x",