{
  "data": [
    {
      "orientation": "v",
      "width": [0.95, 0.95, 0.95, 0.95, 0.949999999999999, 0.949999999999999, 0.949999999999999, 0.949999999999999, 0.949999999999999, 0.949999999999999, 0.949999999999999, 0.949999999999999, 0.949999999999999, 0.949999999999999, 0.949999999999999, 0.950000000000001, 0.950000000000003, 0.950000000000003, 0.950000000000003, 0.950000000000003, 0.950000000000003, 0.950000000000003, 0.950000000000003, 0.950000000000003, 0.950000000000003, 0.950000000000003, 0.950000000000003, 0.950000000000003, 0.950000000000003, 0.950000000000003, 0.950000000000003, 0.950000000000003],
      "base": [0, 0, 0, 0, 0, 0, 0, 0, 0, 0, 0, 0, 0, 0, 0, 0, 0, 0, 0, 0, 0, 0, 0, 0, 0, 0, 0, 0, 0, 0, 0, 0],
      "x": [1, 2, 3, 4, 5, 6, 7, 8, 9, 10, 11, 12, 13, 14, 15, 16, 17, 18, 19, 20, 21, 22, 23, 24, 25, 26, 27, 28, 29, 30, 31, 32],
      "y": [0.449927431059507, 0.258345428156749, 0.251088534107402, 0.133526850507983, 0.133526850507983, 0.123367198838897, 0.11611030478955, 0.110304789550073, 0.110304789550073, 0.105950653120464, 0.105950653120464, 0.0986937590711176, 0.0870827285921626, 0.0754716981132075, 0.0754716981132075, 0.0667634252539913, 0.0624092888243832, 0.058055152394775, 0.0493468795355588, 0.04644412191582, 0.0377358490566038, 0.034833091436865, 0.0246734397677794, 0.0217706821480406, 0.0174165457184325, 0.0130624092888244, 0.00870827285921625, 0.00870827285921625, 0.00725689404934688, 0.0058055152394775, 0.0058055152394775, 0.00290275761973875],
      "text": ["Category: Visualisation<br />Count: 310<br />Percent: 45", "Category: Clustering<br />Count: 178<br />Percent: 25.8", "Category: Dimensionality Reduction<br />Count: 173<br />Percent: 25.1", "Category: Normalisation<br />Count: 92<br />Percent: 13.4", "Category: Ordering<br />Count: 92<br />Percent: 13.4", "Category: Integration<br />Count: 85<br />Percent: 12.3", "Category: Differential Expression<br />Count: 80<br />Percent: 11.6", "Category: Interactive<br />Count: 76<br />Percent: 11", "Category: Quality Control<br />Count: 76<br />Percent: 11", "Category: Classification<br />Count: 73<br />Percent: 10.6", "Category: Gene Networks<br />Count: 73<br />Percent: 10.6", "Category: Marker Genes<br />Count: 68<br />Percent: 9.9", "Category: Imputation<br />Count: 60<br />Percent: 8.7", "Category: Gene Sets<br />Count: 52<br />Percent: 7.5", "Category: Simulation<br />Count: 52<br />Percent: 7.5", "Category: Variable Genes<br />Count: 46<br />Percent: 6.7", "Category: Gene Filtering<br />Count: 43<br />Percent: 6.2", "Category: Quantification<br />Count: 40<br />Percent: 5.8", "Category: UMIs<br />Count: 34<br />Percent: 4.9", "Category: Expression Patterns<br />Count: 32<br />Percent: 4.6", "Category: Variants<br />Count: 26<br />Percent: 3.8", "Category: Alignment<br />Count: 24<br />Percent: 3.5", "Category: Cell Cycle<br />Count: 17<br />Percent: 2.5", "Category: Immune<br />Count: 15<br />Percent: 2.2", "Category: Alternative Splicing<br />Count: 12<br />Percent: 1.7", "Category: Rare Cells<br />Count: 9<br />Percent: 1.3", "Category: Allele Specific<br />Count: 6<br />Percent: 0.9", "Category: Assembly<br />Count: 6<br />Percent: 0.9", "Category: Stem Cells<br />Count: 5<br />Percent: 0.7", "Category: Modality<br />Count: 4<br />Percent: 0.6", "Category: Transformation<br />Count: 4<br />Percent: 0.6", "Category: Haplotypes<br />Count: 2<br />Percent: 0.3"],
      "type": "bar",
      "marker": {
        "autocolorscale": false,
        "color": "rgba(122,82,199,1)",
        "line": {
          "width": 1.88976377952756,
          "color": "transparent"
        }
      },
      "showlegend": false,
      "xaxis": "x",
      "yaxis": "y",
      "hoverinfo": "text",
      "frame": null
    }
  ],
  "layout": {
    "margin": {
      "t": 50,
      "r": 30,
      "b": 50,
      "l": 70
    },
    "font": {
      "color": "rgba(0,0,0,1)",
      "family": "",
      "size": 18.5969281859693
    },
    "xaxis": {
      "domain": [0, 1],
      "automargin": true,
      "type": "linear",
      "autorange": false,
      "range": [0.4, 32.6],
      "tickmode": "array",
      "ticktext": ["Visualisation", "Clustering", "Dimensionality Reduction", "Normalisation", "Ordering", "Integration", "Differential Expression", "Interactive", "Quality Control", "Classification", "Gene Networks", "Marker Genes", "Imputation", "Gene Sets", "Simulation", "Variable Genes", "Gene Filtering", "Quantification", "UMIs", "Expression Patterns", "Variants", "Alignment", "Cell Cycle", "Immune", "Alternative Splicing", "Rare Cells", "Allele Specific", "Assembly", "Stem Cells", "Modality", "Transformation", "Haplotypes"],
      "tickvals": [1, 2, 3, 4, 5, 6, 7, 8, 9, 10, 11, 12, 13, 14, 15, 16, 17, 18, 19, 20, 21, 22, 23, 24, 25, 26, 27, 28, 29, 30, 31, 32],
      "categoryorder": "array",
      "categoryarray": ["Visualisation", "Clustering", "Dimensionality Reduction", "Normalisation", "Ordering", "Integration", "Differential Expression", "Interactive", "Quality Control", "Classification", "Gene Networks", "Marker Genes", "Imputation", "Gene Sets", "Simulation", "Variable Genes", "Gene Filtering", "Quantification", "UMIs", "Expression Patterns", "Variants", "Alignment", "Cell Cycle", "Immune", "Alternative Splicing", "Rare Cells", "Allele Specific", "Assembly", "Stem Cells", "Modality", "Transformation", "Haplotypes"],
      "nticks": null,
      "ticks": "outside",
      "tickcolor": "rgba(0,0,0,1)",
      "ticklen": 4.64923204649232,
      "tickwidth": 0.66417600664176,
      "showticklabels": true,
      "tickfont": {
        "color": "rgba(0,0,0,1)",
        "family": "",
        "size": 15.9402241594022
      },
      "tickangle": -60,
      "showline": true,
      "linecolor": "rgba(0,0,0,1)",
      "linewidth": 0.66417600664176,
      "showgrid": false,
      "gridcolor": null,
      "gridwidth": 0,
      "zeroline": false,
      "anchor": "y",
      "title": {
        "text": "",
        "font": {
          "color": null,
          "family": null,
          "size": 0
        }
      },
      "hoverformat": ".2f"
    },
    "yaxis": {
      "domain": [0, 1],
      "automargin": true,
      "type": "linear",
      "autorange": false,
      "range": [-0.0224963715529753, 0.472423802612482],
      "tickmode": "array",
      "ticktext": ["0.0%", "10.0%", "20.0%", "30.0%", "40.0%"],
      "tickvals": [0, 0.1, 0.2, 0.3, 0.4],
      "categoryorder": "array",
      "categoryarray": ["0.0%", "10.0%", "20.0%", "30.0%", "40.0%"],
      "nticks": null,
      "ticks": "outside",
      "tickcolor": "rgba(0,0,0,1)",
      "ticklen": 4.64923204649232,
      "tickwidth": 0.66417600664176,
      "showticklabels": true,
      "tickfont": {
        "color": "rgba(0,0,0,1)",
        "family": "",
        "size": 15.9402241594022
      },
      "tickangle": -0,
      "showline": true,
      "linecolor": "rgba(0,0,0,1)",
      "linewidth": 0.66417600664176,
      "showgrid": false,
      "gridcolor": null,
      "gridwidth": 0,
      "zeroline": false,
      "anchor": "x",
      "title": {
        "text": "Percentage of tools",
        "font": {
          "color": "rgba(0,0,0,1)",
          "family": "",
          "size": 18.5969281859693
        }
      },
      "hoverformat": ".2f"
    },
    "shapes": [
      {
        "type": "rect",
        "fillcolor": null,
        "line": {
          "color": null,
          "width": 0,
          "linetype": []
        },
        "yref": "paper",
        "xref": "paper",
        "x0": 0,
        "x1": 1,
        "y0": 0,
        "y1": 1
      }
    ],
    "showlegend": false,
    "legend": {
      "bgcolor": null,
      "bordercolor": null,
      "borderwidth": 0,
      "font": {
        "color": "rgba(0,0,0,1)",
        "family": "",
        "size": 15.9402241594022
      }
    },
    "hovermode": "closest",
    "height": 600,
    "barmode": "relative",
    "autosize": true
  },
  "config": {
    "doubleClick": "reset",
    "showSendToCloud": false,