{
  "data": [
    {
      "orientation": "v",
      "width": [0.95, 0.95, 0.95, 0.95, 0.949999999999999, 0.949999999999999, 0.949999999999999, 0.949999999999999, 0.949999999999999, 0.949999999999999, 0.949999999999999, 0.949999999999999, 0.949999999999999, 0.949999999999999, 0.949999999999999, 0.950000000000001, 0.950000000000003, 0.950000000000003, 0.950000000000003, 0.950000000000003, 0.950000000000003, 0.950000000000003, 0.950000000000003, 0.950000000000003, 0.950000000000003, 0.950000000000003, 0.950000000000003, 0.950000000000003, 0.950000000000003, 0.950000000000003, 0.950000000000003, 0.950000000000003],
      "base": [0, 0, 0, 0, 0, 0, 0, 0, 0, 0, 0, 0, 0, 0, 0, 0, 0, 0, 0, 0, 0, 0, 0, 0, 0, 0, 0, 0, 0, 0, 0, 0],
      "x": [1, 2, 3, 4, 5, 6, 7, 8, 9, 10, 11, 12, 13, 14, 15, 16, 17, 18, 19, 20, 21, 22, 23, 24, 25, 26, 27, 28, 29, 30, 31, 32],
      "y": [0.455906821963394, 0.262895174708819, 0.251247920133111, 0.146422628951747, 0.146422628951747, 0.116472545757072, 0.116472545757072, 0.116472545757072, 0.114808652246256, 0.10981697171381, 0.103161397670549, 0.0931780366056572, 0.0848585690515807, 0.0782029950083195, 0.0732113144758735, 0.0715474209650582, 0.0665557404326123, 0.0632279534109817, 0.0532445923460899, 0.0515806988352745, 0.0382695507487521, 0.0366056572379368, 0.0249584026622296, 0.0183028286189684, 0.0183028286189684, 0.0149750415973378, 0.00998336106489185, 0.00831946755407654, 0.00831946755407654, 0.00665557404326123, 0.00665557404326123, 0.00332778702163062],
      "text": ["Category: Visualisation<br />Prop: 0.455906822<br />Count: 274<br />Percent: 45.6", "Category: Clustering<br />Prop: 0.262895175<br />Count: 158<br />Percent: 26.3", "Category: Dimensionality Reduction<br />Prop: 0.251247920<br />Count: 151<br />Percent: 25.1", "Category: Normalisation<br />Prop: 0.146422629<br />Count: 88<br />Percent: 14.6", "Category: Ordering<br />Prop: 0.146422629<br />Count: 88<br />Percent: 14.6", "Category: Differential Expression<br />Prop: 0.116472546<br />Count: 70<br />Percent: 11.6", "Category: Integration<br />Prop: 0.116472546<br />Count: 70<br />Percent: 11.6", "Category: Quality Control<br />Prop: 0.116472546<br />Count: 70<br />Percent: 11.6", "Category: Interactive<br />Prop: 0.114808652<br />Count: 69<br />Percent: 11.5", "Category: Gene Networks<br />Prop: 0.109816972<br />Count: 66<br />Percent: 11", "Category: Marker Genes<br />Prop: 0.103161398<br />Count: 62<br />Percent: 10.3", "Category: Classification<br />Prop: 0.093178037<br />Count: 56<br />Percent: 9.3", "Category: Imputation<br />Prop: 0.084858569<br />Count: 51<br />Percent: 8.5", "Category: Simulation<br />Prop: 0.078202995<br />Count: 47<br />Percent: 7.8", "Category: Gene Sets<br />Prop: 0.073211314<br />Count: 44<br />Percent: 7.3", "Category: Variable Genes<br />Prop: 0.071547421<br />Count: 43<br />Percent: 7.2", "Category: Gene Filtering<br />Prop: 0.066555740<br />Count: 40<br />Percent: 6.7", "Category: Quantification<br />Prop: 0.063227953<br />Count: 38<br />Percent: 6.3", "Category: UMIs<br />Prop: 0.053244592<br />Count: 32<br />Percent: 5.3", "Category: Expression Patterns<br />Prop: 0.051580699<br />Count: 31<br />Percent: 5.2", "Category: Variants<br />Prop: 0.038269551<br />Count: 23<br />Percent: 3.8", "Category: Alignment<br />Prop: 0.036605657<br />Count: 22<br />Percent: 3.7", "Category: Cell Cycle<br />Prop: 0.024958403<br />Count: 15<br />Percent: 2.5", "Category: Alternative Splicing<br />Prop: 0.018302829<br />Count: 11<br />Percent: 1.8", "Category: Immune<br />Prop: 0.018302829<br />Count: 11<br />Percent: 1.8", "Category: Rare Cells<br />Prop: 0.014975042<br />Count: 9<br />Percent: 1.5", "Category: Assembly<br />Prop: 0.009983361<br />Count: 6<br />Percent: 1", "Category: Allele Specific<br />Prop: 0.008319468<br />Count: 5<br />Percent: 0.8", "Category: Stem Cells<br />Prop: 0.008319468<br />Count: 5<br />Percent: 0.8", "Category: Modality<br />Prop: 0.006655574<br />Count: 4<br />Percent: 0.7", "Category: Transformation<br />Prop: 0.006655574<br />Count: 4<br />Percent: 0.7", "Category: Haplotypes<br />Prop: 0.003327787<br />Count: 2<br />Percent: 0.3"],
      "type": "bar",
      "marker": {
        "autocolorscale": false,
        "color": "rgba(122,82,199,1)",
        "line": {
          "width": 1.88976377952756,
          "color": "transparent"
        }
      },
      "showlegend": false,
      "xaxis": "x",
      "yaxis": "y",
      "hoverinfo": "text",
      "frame": null
    }
  ],
  "layout": {
    "margin": {
      "t": 0,
      "r": 10,
      "b": 0,
      "l": 55
    },
    "font": {
      "color": "rgba(0,0,0,1)",
      "family": "",
      "size": 18.5969281859693
    },
    "xaxis": {
      "domain": [0, 1],
      "automargin": true,
      "type": "linear",
      "autorange": false,
      "range": [0.4, 32.6],
      "tickmode": "array",
      "ticktext": ["Visualisation", "Clustering", "Dimensionality Reduction", "Normalisation", "Ordering", "Differential Expression", "Integration", "Quality Control", "Interactive", "Gene Networks", "Marker Genes", "Classification", "Imputation", "Simulation", "Gene Sets", "Variable Genes", "Gene Filtering", "Quantification", "UMIs", "Expression Patterns", "Variants", "Alignment", "Cell Cycle", "Alternative Splicing", "Immune", "Rare Cells", "Assembly", "Allele Specific", "Stem Cells", "Modality", "Transformation", "Haplotypes"],
      "tickvals": [1, 2, 3, 4, 5, 6, 7, 8, 9, 10, 11, 12, 13, 14, 15, 16, 17, 18, 19, 20, 21, 22, 23, 24, 25, 26, 27, 28, 29, 30, 31, 32],
      "categoryorder": "array",
      "categoryarray": ["Visualisation", "Clustering", "Dimensionality Reduction", "Normalisation", "Ordering", "Differential Expression", "Integration", "Quality Control", "Interactive", "Gene Networks", "Marker Genes", "Classification", "Imputation", "Simulation", "Gene Sets", "Variable Genes", "Gene Filtering", "Quantification", "UMIs", "Expression Patterns", "Variants", "Alignment", "Cell Cycle", "Alternative Splicing", "Immune", "Rare Cells", "Assembly", "Allele Specific", "Stem Cells", "Modality", "Transformation", "Haplotypes"],
      "nticks": null,
      "ticks": "outside",
      "tickcolor": "rgba(0,0,0,1)",
      "ticklen": 4.64923204649232,
      "tickwidth": 0.66417600664176,
      "showticklabels": true,
      "tickfont": {
        "color": "rgba(0,0,0,1)",
        "family": "",
        "size": 7
      },
      "tickangle": -60,
      "showline": true,
      "linecolor": "rgba(0,0,0,1)",
      "linewidth": 0.66417600664176,
      "showgrid": false,
      "gridcolor": null,
      "gridwidth": 0,
      "zeroline": false,
      "anchor": "y",
      "title": {
        "text": "",
        "font": {
          "color": null,
          "family": null,
          "size": 9
        }
      },
      "hoverformat": ".2f",
      "fixedrange": true
    },
    "yaxis": {
      "domain": [0, 1],
      "automargin": true,
      "type": "linear",
      "autorange": false,
      "range": [-0.0227953410981697, 0.478702163061564],
      "tickmode": "array",
      "ticktext": ["0.0%", "10.0%", "20.0%", "30.0%", "40.0%"],
      "tickvals": [0, 0.1, 0.2, 0.3, 0.4],
      "categoryorder": "array",
      "categoryarray": ["0.0%", "10.0%", "20.0%", "30.0%", "40.0%"],
      "nticks": null,
      "ticks": "outside",
      "tickcolor": "rgba(0,0,0,1)",
      "ticklen": 4.64923204649232,
      "tickwidth": 0.66417600664176,
      "showticklabels": true,
      "tickfont": {
        "color": "rgba(0,0,0,1)",
        "family": "",
        "size": 7
      },
      "tickangle": -0,
      "showline": true,
      "linecolor": "rgba(0,0,0,1)",
      "linewidth": 0.66417600664176,
      "showgrid": false,
      "gridcolor": null,
      "gridwidth": 0,
      "zeroline": false,
      "anchor": "x",
      "title": {
        "text": "Percentage of tools",
        "font": {
          "color": "rgba(0,0,0,1)",
          "family": "",
          "size": 9
        }
      },
      "hoverformat": ".2f",