{
  "data": [
    {
      "orientation": "v",
      "width": [0.95, 0.95, 0.95, 0.95, 0.949999999999999, 0.949999999999999, 0.949999999999999, 0.949999999999999, 0.949999999999999, 0.949999999999999, 0.949999999999999, 0.949999999999999, 0.949999999999999, 0.949999999999999, 0.949999999999999, 0.950000000000001, 0.950000000000003, 0.950000000000003, 0.950000000000003, 0.950000000000003, 0.950000000000003, 0.950000000000003, 0.950000000000003, 0.950000000000003, 0.950000000000003, 0.950000000000003, 0.950000000000003, 0.950000000000003, 0.950000000000003, 0.950000000000003, 0.950000000000003, 0.950000000000003, 0.950000000000003],
      "base": [0, 0, 0, 0, 0, 0, 0, 0, 0, 0, 0, 0, 0, 0, 0, 0, 0, 0, 0, 0, 0, 0, 0, 0, 0, 0, 0, 0, 0, 0, 0, 0, 0],
      "x": [1, 2, 3, 4, 5, 6, 7, 8, 9, 10, 11, 12, 13, 14, 15, 16, 17, 18, 19, 20, 21, 22, 23, 24, 25, 26, 27, 28, 29, 30, 31, 32, 33],
      "y": [0.413685847589425, 0.243390357698289, 0.243390357698289, 0.142301710730949, 0.120528771384137, 0.117418351477449, 0.114307931570762, 0.1049766718507, 0.101088646967341, 0.0995334370139969, 0.0847589424572317, 0.073094867807154, 0.0699844479004666, 0.0637636080870918, 0.0629860031104199, 0.0622083981337481, 0.0614307931570762, 0.0458786936236392, 0.0419906687402799, 0.0357698289269051, 0.0342146189735614, 0.0326594090202177, 0.0272161741835148, 0.0225505443234837, 0.0217729393468118, 0.0178849144634526, 0.0124416796267496, 0.00699844479004666, 0.00622083981337481, 0.00544323483670296, 0.00544323483670296, 0.0046656298600311, 0.0015552099533437],
      "text": ["Category: Visualisation<br />Count: 532<br />Percent: 41.4", "Category: Clustering<br />Count: 313<br />Percent: 24.3", "Category: Dimensionality Reduction<br />Count: 313<br />Percent: 24.3", "Category: Integration<br />Count: 183<br />Percent: 14.2", "Category: Gene Networks<br />Count: 155<br />Percent: 12.1", "Category: Classification<br />Count: 151<br />Percent: 11.7", "Category: Ordering<br />Count: 147<br />Percent: 11.4", "Category: Differential Expression<br />Count: 135<br />Percent: 10.5", "Category: Quality Control<br />Count: 130<br />Percent: 10.1", "Category: Normalisation<br />Count: 128<br />Percent: 10", "Category: Marker Genes<br />Count: 109<br />Percent: 8.5", "Category: Interactive<br />Count: 94<br />Percent: 7.3", "Category: Gene Sets<br />Count: 90<br />Percent: 7", "Category: Imputation<br />Count: 82<br />Percent: 6.4", "Category: Simulation<br />Count: 81<br />Percent: 6.3", "Category: Quantification<br />Count: 80<br />Percent: 6.2", "Category: Variable Genes<br />Count: 79<br />Percent: 6.1", "Category: Gene Filtering<br />Count: 59<br />Percent: 4.6", "Category: Variants<br />Count: 54<br />Percent: 4.2", "Category: Alignment<br />Count: 46<br />Percent: 3.6", "Category: UMIs<br />Count: 44<br />Percent: 3.4", "Category: Expression Patterns<br />Count: 42<br />Percent: 3.3", "Category: Alternative Splicing<br />Count: 35<br />Percent: 2.7", "Category: Immune<br />Count: 29<br />Percent: 2.3", "Category: Cell Cycle<br />Count: 28<br />Percent: 2.2", "Category: Perturbations<br />Count: 23<br />Percent: 1.8", "Category: Rare Cells<br />Count: 16<br />Percent: 1.2", "Category: Assembly<br />Count: 9<br />Percent: 0.7", "Category: Transformation<br />Count: 8<br />Percent: 0.6", "Category: Modality<br />Count: 7<br />Percent: 0.5", "Category: Stem Cells<br />Count: 7<br />Percent: 0.5", "Category: Allele Specific<br />Count: 6<br />Percent: 0.5", "Category: Haplotypes<br />Count: 2<br />Percent: 0.2"],
      "type": "bar",
      "textposition": "none",
      "marker": {
        "autocolorscale": false,
        "color": "rgba(122,82,199,1)",
        "line": {
          "width": 1.88976377952756,
          "color": "transparent"
        }
      },
      "showlegend": false,
      "xaxis": "x",
      "yaxis": "y",
      "hoverinfo": "text",
      "frame": null
    }
  ],
  "layout": {
    "margin": {
      "t": 50,
      "r": 30,
      "b": 50,
      "l": 70
    },
    "font": {
      "color": "rgba(0,0,0,1)",
      "family": "",
      "size": 18.5969281859693
    },
    "xaxis": {
      "domain": [0, 1],
      "automargin": true,
      "type": "linear",
      "autorange": false,
      "range": [0.4, 33.6],
      "tickmode": "array",
      "ticktext": ["Visualisation", "Clustering", "Dimensionality Reduction", "Integration", "Gene Networks", "Classification", "Ordering", "Differential Expression", "Quality Control", "Normalisation", "Marker Genes", "Interactive", "Gene Sets", "Imputation", "Simulation", "Quantification", "Variable Genes", "Gene Filtering", "Variants", "Alignment", "UMIs", "Expression Patterns", "Alternative Splicing", "Immune", "Cell Cycle", "Perturbations", "Rare Cells", "Assembly", "Transformation", "Modality", "Stem Cells", "Allele Specific", "Haplotypes"],
      "tickvals": [1, 2, 3, 4, 5, 6, 7, 8, 9, 10, 11, 12, 13, 14, 15, 16, 17, 18, 19, 20, 21, 22, 23, 24, 25, 26, 27, 28, 29, 30, 31, 32, 33],
      "categoryorder": "array",
      "categoryarray": ["Visualisation", "Clustering", "Dimensionality Reduction", "Integration", "Gene Networks", "Classification", "Ordering", "Differential Expression", "Quality Control", "Normalisation", "Marker Genes", "Interactive", "Gene Sets", "Imputation", "Simulation", "Quantification", "Variable Genes", "Gene Filtering", "Variants", "Alignment", "UMIs", "Expression Patterns", "Alternative Splicing", "Immune", "Cell Cycle", "Perturbations", "Rare Cells", "Assembly", "Transformation", "Modality", "Stem Cells", "Allele Specific", "Haplotypes"],
      "nticks": null,
      "ticks": "outside",
      "tickcolor": "rgba(0,0,0,1)",
      "ticklen": 4.64923204649232,
      "tickwidth": 0.66417600664176,
      "showticklabels": true,
      "tickfont": {
        "color": "rgba(0,0,0,1)",
        "family": "",
        "size": 15.9402241594022
      },
      "tickangle": -60,
      "showline": true,
      "linecolor": "rgba(0,0,0,1)",
      "linewidth": 0.66417600664176,
      "showgrid": false,
      "gridcolor": null,
      "gridwidth": 0,
      "zeroline": false,
      "anchor": "y",
      "title": {
        "text": "",
        "font": {
          "color": null,
          "family": null,
          "size": 0
        }
      },
      "hoverformat": ".2f"
    },
    "yaxis": {
      "domain": [0, 1],
      "automargin": true,
      "type": "linear",
      "autorange": false,
      "range": [-0.0206842923794712, 0.434370139968896],
      "tickmode": "array",
      "ticktext": ["0%", "10%", "20%", "30%", "40%"],
      "tickvals": [0, 0.1, 0.2, 0.3, 0.4],
      "categoryorder": "array",
      "categoryarray": ["0%", "10%", "20%", "30%", "40%"],
      "nticks": null,
      "ticks": "outside",
      "tickcolor": "rgba(0,0,0,1)",
      "ticklen": 4.64923204649232,
      "tickwidth": 0.66417600664176,
      "showticklabels": true,
      "tickfont": {
        "color": "rgba(0,0,0,1)",
        "family": "",
        "size": 15.9402241594022
      },
      "tickangle": -0,
      "showline": true,
      "linecolor": "rgba(0,0,0,1)",
      "linewidth": 0.66417600664176,
      "showgrid": false,
      "gridcolor": null,
      "gridwidth": 0,
      "zeroline": false,
      "anchor": "x",
      "title": {
        "text": "Percentage of tools",
        "font": {
          "color": "rgba(0,0,0,1)",
          "family": "",
          "size": 18.5969281859693
        }
      },
      "hoverformat": ".2f"
    },
    "shapes": [
      {
        "type": "rect",
        "fillcolor": null,
        "line": {
          "color": null,
          "width": 0,
          "linetype": []
        },
        "yref": "paper",
        "xref": "paper",
        "x0": 0,
        "x1": 1,
        "y0": 0,
        "y1": 1
      }
    ],
    "showlegend": false,
    "legend": {
      "bgcolor": null,
      "bordercolor": null,
      "borderwidth": 0,
      "font": {
        "color": "rgba(0,0,0,1)",
        "family": "",
        "size": 15.9402241594022
      }
    },