{
  "data": [
    {
      "orientation": "v",
      "width": [0.95, 0.95, 0.95, 0.95, 0.949999999999999, 0.949999999999999, 0.949999999999999, 0.949999999999999, 0.949999999999999, 0.949999999999999, 0.949999999999999, 0.949999999999999, 0.949999999999999, 0.949999999999999, 0.949999999999999, 0.950000000000001, 0.950000000000003, 0.950000000000003, 0.950000000000003, 0.950000000000003, 0.950000000000003, 0.950000000000003, 0.950000000000003, 0.950000000000003, 0.950000000000003, 0.950000000000003, 0.950000000000003, 0.950000000000003, 0.950000000000003, 0.950000000000003, 0.950000000000003, 0.950000000000003, 0.950000000000003],
      "base": [0, 0, 0, 0, 0, 0, 0, 0, 0, 0, 0, 0, 0, 0, 0, 0, 0, 0, 0, 0, 0, 0, 0, 0, 0, 0, 0, 0, 0, 0, 0, 0, 0],
      "x": [1, 2, 3, 4, 5, 6, 7, 8, 9, 10, 11, 12, 13, 14, 15, 16, 17, 18, 19, 20, 21, 22, 23, 24, 25, 26, 27, 28, 29, 30, 31, 32, 33],
      "y": [0.409378960709759, 0.248415716096324, 0.226869455006337, 0.152724968314322, 0.125475285171103, 0.119771863117871, 0.113434727503169, 0.100760456273764, 0.0975918884664132, 0.0963244613434728, 0.0836501901140684, 0.0747782002534854, 0.0678073510773131, 0.0633713561470216, 0.0627376425855513, 0.0621039290240811, 0.0614702154626109, 0.0462610899873257, 0.0399239543726236, 0.0348542458808618, 0.0342205323193916, 0.0291508238276299, 0.0253485424588086, 0.0253485424588086, 0.023447401774398, 0.0209125475285171, 0.0120405576679341, 0.00633713561470215, 0.00570342205323194, 0.00506970849176172, 0.00443599493029151, 0.00443599493029151, 0.00126742712294043],
      "text": ["Category: Visualisation<br />Count: 646<br />Percent: 40.9", "Category: Dimensionality Reduction<br />Count: 392<br />Percent: 24.8", "Category: Clustering<br />Count: 358<br />Percent: 22.7", "Category: Integration<br />Count: 241<br />Percent: 15.3", "Category: Gene Networks<br />Count: 198<br />Percent: 12.5", "Category: Classification<br />Count: 189<br />Percent: 12", "Category: Ordering<br />Count: 179<br />Percent: 11.3", "Category: Quality Control<br />Count: 159<br />Percent: 10.1", "Category: Normalisation<br />Count: 154<br />Percent: 9.8", "Category: Differential Expression<br />Count: 152<br />Percent: 9.6", "Category: Marker Genes<br />Count: 132<br />Percent: 8.4", "Category: Gene Sets<br />Count: 118<br />Percent: 7.5", "Category: Interactive<br />Count: 107<br />Percent: 6.8", "Category: Quantification<br />Count: 100<br />Percent: 6.3", "Category: Imputation<br />Count: 99<br />Percent: 6.3", "Category: Variable Genes<br />Count: 98<br />Percent: 6.2", "Category: Simulation<br />Count: 97<br />Percent: 6.1", "Category: Variants<br />Count: 73<br />Percent: 4.6", "Category: Gene Filtering<br />Count: 63<br />Percent: 4", "Category: UMIs<br />Count: 55<br />Percent: 3.5", "Category: Alignment<br />Count: 54<br />Percent: 3.4", "Category: Expression Patterns<br />Count: 46<br />Percent: 2.9", "Category: Alternative Splicing<br />Count: 40<br />Percent: 2.5", "Category: Immune<br />Count: 40<br />Percent: 2.5", "Category: Perturbations<br />Count: 37<br />Percent: 2.3", "Category: Cell Cycle<br />Count: 33<br />Percent: 2.1", "Category: Rare Cells<br />Count: 19<br />Percent: 1.2", "Category: Assembly<br />Count: 10<br />Percent: 0.6", "Category: Transformation<br />Count: 9<br />Percent: 0.6", "Category: Stem Cells<br />Count: 8<br />Percent: 0.5", "Category: Allele Specific<br />Count: 7<br />Percent: 0.4", "Category: Modality<br />Count: 7<br />Percent: 0.4", "Category: Haplotypes<br />Count: 2<br />Percent: 0.1"],
      "type": "bar",
      "textposition": "none",
      "marker": {
        "autocolorscale": false,
        "color": "rgba(122,82,199,1)",
        "line": {
          "width": 1.88976377952756,
          "color": "transparent"
        }
      },
      "showlegend": false,
      "xaxis": "x",
      "yaxis": "y",
      "hoverinfo": "text",
      "frame": null
    }
  ],
  "layout": {
    "margin": {
      "t": 50,
      "r": 30,
      "b": 50,
      "l": 70
    },
    "font": {
      "color": "rgba(0,0,0,1)",
      "family": "",
      "size": 18.5969281859693
    },
    "xaxis": {
      "domain": [0, 1],
      "automargin": true,
      "type": "linear",
      "autorange": false,
      "range": [0.4, 33.6],
      "tickmode": "array",
      "ticktext": ["Visualisation", "Dimensionality Reduction", "Clustering", "Integration", "Gene Networks", "Classification", "Ordering", "Quality Control", "Normalisation", "Differential Expression", "Marker Genes", "Gene Sets", "Interactive", "Quantification", "Imputation", "Variable Genes", "Simulation", "Variants", "Gene Filtering", "UMIs", "Alignment", "Expression Patterns", "Alternative Splicing", "Immune", "Perturbations", "Cell Cycle", "Rare Cells", "Assembly", "Transformation", "Stem Cells", "Allele Specific", "Modality", "Haplotypes"],
      "tickvals": [1, 2, 3, 4, 5, 6, 7, 8, 9, 10, 11, 12, 13, 14, 15, 16, 17, 18, 19, 20, 21, 22, 23, 24, 25, 26, 27, 28, 29, 30, 31, 32, 33],
      "categoryorder": "array",
      "categoryarray": ["Visualisation", "Dimensionality Reduction", "Clustering", "Integration", "Gene Networks", "Classification", "Ordering", "Quality Control", "Normalisation", "Differential Expression", "Marker Genes", "Gene Sets", "Interactive", "Quantification", "Imputation", "Variable Genes", "Simulation", "Variants", "Gene Filtering", "UMIs", "Alignment", "Expression Patterns", "Alternative Splicing", "Immune", "Perturbations", "Cell Cycle", "Rare Cells", "Assembly", "Transformation", "Stem Cells", "Allele Specific", "Modality", "Haplotypes"],
      "nticks": null,
      "ticks": "outside",
      "tickcolor": "rgba(0,0,0,1)",
      "ticklen": 4.64923204649232,
      "tickwidth": 0.66417600664176,
      "showticklabels": true,
      "tickfont": {
        "color": "rgba(0,0,0,1)",
        "family": "",
        "size": 15.9402241594022
      },
      "tickangle": -60,
      "showline": true,
      "linecolor": "rgba(0,0,0,1)",
      "linewidth": 0.66417600664176,
      "showgrid": false,
      "gridcolor": null,
      "gridwidth": 0,
      "zeroline": false,
      "anchor": "y",
      "title": {
        "text": "",
        "font": {
          "color": null,
          "family": null,
          "size": 0
        }
      },
      "hoverformat": ".2f"
    },
    "yaxis": {
      "domain": [0, 1],
      "automargin": true,
      "type": "linear",
      "autorange": false,
      "range": [-0.020468948035488, 0.429847908745247],
      "tickmode": "array",
      "ticktext": ["0%", "10%", "20%", "30%", "40%"],
      "tickvals": [0, 0.1, 0.2, 0.3, 0.4],
      "categoryorder": "array",
      "categoryarray": ["0%", "10%", "20%", "30%", "40%"],
      "nticks": null,
      "ticks": "outside",
      "tickcolor": "rgba(0,0,0,1)",
      "ticklen": 4.64923204649232,
      "tickwidth": 0.66417600664176,
      "showticklabels": true,
      "tickfont": {
        "color": "rgba(0,0,0,1)",
        "family": "",
        "size": 15.9402241594022
      },
      "tickangle": -0,
      "showline": true,
      "linecolor": "rgba(0,0,0,1)",
      "linewidth": 0.66417600664176,
      "showgrid": false,
      "gridcolor": null,
      "gridwidth": 0,
      "zeroline": false,
      "anchor": "x",
      "title": {
        "text": "Percentage of tools",
        "font": {
          "color": "rgba(0,0,0,1)",
          "family": "",
          "size": 18.5969281859693
        }
      },
      "hoverformat": ".2f"
    },
    "shapes": [
      {
        "type": "rect",
        "fillcolor": null,
        "line": {
          "color": null,
          "width": 0,
          "linetype": []
        },
        "yref": "paper",
        "xref": "paper",
        "x0": 0,
        "x1": 1,
        "y0": 0,
        "y1": 1
      }
    ],
    "showlegend": false,
    "legend": {
      "bgcolor": null,
      "bordercolor": null,
      "borderwidth": 0,
      "font": {
        "color": "rgba(0,0,0,1)",
        "family": "",
        "size": 15.9402241594022
      }
    },