{
  "data": [
    {
      "orientation": "v",
      "width": [0.95, 0.95, 0.95, 0.95, 0.949999999999999, 0.949999999999999, 0.949999999999999, 0.949999999999999, 0.949999999999999, 0.949999999999999, 0.949999999999999, 0.949999999999999, 0.949999999999999, 0.949999999999999, 0.949999999999999, 0.950000000000001, 0.950000000000003, 0.950000000000003, 0.950000000000003, 0.950000000000003, 0.950000000000003, 0.950000000000003, 0.950000000000003, 0.950000000000003, 0.950000000000003, 0.950000000000003, 0.950000000000003, 0.950000000000003, 0.950000000000003, 0.950000000000003, 0.950000000000003, 0.950000000000003, 0.950000000000003],
      "base": [0, 0, 0, 0, 0, 0, 0, 0, 0, 0, 0, 0, 0, 0, 0, 0, 0, 0, 0, 0, 0, 0, 0, 0, 0, 0, 0, 0, 0, 0, 0, 0, 0],
      "x": [1, 2, 3, 4, 5, 6, 7, 8, 9, 10, 11, 12, 13, 14, 15, 16, 17, 18, 19, 20, 21, 22, 23, 24, 25, 26, 27, 28, 29, 30, 31, 32, 33],
      "y": [0.413586413586414, 0.254745254745255, 0.247752247752248, 0.135864135864136, 0.127872127872128, 0.114885114885115, 0.110889110889111, 0.10989010989011, 0.107892107892108, 0.101898101898102, 0.0859140859140859, 0.0839160839160839, 0.0719280719280719, 0.0679320679320679, 0.0679320679320679, 0.0619380619380619, 0.0599400599400599, 0.051948051948052, 0.040959040959041, 0.038961038961039, 0.037962037962038, 0.037962037962038, 0.024975024975025, 0.024975024975025, 0.018981018981019, 0.014985014985015, 0.012987012987013, 0.00799200799200799, 0.00599400599400599, 0.00599400599400599, 0.004995004995005, 0.004995004995005, 0.001998001998002],
      "text": ["Category: Visualisation<br />Prop: 0.413586414<br />Count: 414<br />Percent: 41.4", "Category: Clustering<br />Prop: 0.254745255<br />Count: 255<br />Percent: 25.5", "Category: Dimensionality Reduction<br />Prop: 0.247752248<br />Count: 248<br />Percent: 24.8", "Category: Integration<br />Prop: 0.135864136<br />Count: 136<br />Percent: 13.6", "Category: Ordering<br />Prop: 0.127872128<br />Count: 128<br />Percent: 12.8", "Category: Differential Expression<br />Prop: 0.114885115<br />Count: 115<br />Percent: 11.5", "Category: Gene Networks<br />Prop: 0.110889111<br />Count: 111<br />Percent: 11.1", "Category: Classification<br />Prop: 0.109890110<br />Count: 110<br />Percent: 11", "Category: Normalisation<br />Prop: 0.107892108<br />Count: 108<br />Percent: 10.8", "Category: Quality Control<br />Prop: 0.101898102<br />Count: 102<br />Percent: 10.2", "Category: Interactive<br />Prop: 0.085914086<br />Count: 86<br />Percent: 8.6", "Category: Marker Genes<br />Prop: 0.083916084<br />Count: 84<br />Percent: 8.4", "Category: Imputation<br />Prop: 0.071928072<br />Count: 72<br />Percent: 7.2", "Category: Gene Sets<br />Prop: 0.067932068<br />Count: 68<br />Percent: 6.8", "Category: Simulation<br />Prop: 0.067932068<br />Count: 68<br />Percent: 6.8", "Category: Variable Genes<br />Prop: 0.061938062<br />Count: 62<br />Percent: 6.2", "Category: Quantification<br />Prop: 0.059940060<br />Count: 60<br />Percent: 6", "Category: Gene Filtering<br />Prop: 0.051948052<br />Count: 52<br />Percent: 5.2", "Category: Variants<br />Prop: 0.040959041<br />Count: 41<br />Percent: 4.1", "Category: UMIs<br />Prop: 0.038961039<br />Count: 39<br />Percent: 3.9", "Category: Alignment<br />Prop: 0.037962038<br />Count: 38<br />Percent: 3.8", "Category: Expression Patterns<br />Prop: 0.037962038<br />Count: 38<br />Percent: 3.8", "Category: Alternative Splicing<br />Prop: 0.024975025<br />Count: 25<br />Percent: 2.5", "Category: Cell Cycle<br />Prop: 0.024975025<br />Count: 25<br />Percent: 2.5", "Category: Immune<br />Prop: 0.018981019<br />Count: 19<br />Percent: 1.9", "Category: Perturbations<br />Prop: 0.014985015<br />Count: 15<br />Percent: 1.5", "Category: Rare Cells<br />Prop: 0.012987013<br />Count: 13<br />Percent: 1.3", "Category: Assembly<br />Prop: 0.007992008<br />Count: 8<br />Percent: 0.8", "Category: Allele Specific<br />Prop: 0.005994006<br />Count: 6<br />Percent: 0.6", "Category: Stem Cells<br />Prop: 0.005994006<br />Count: 6<br />Percent: 0.6", "Category: Modality<br />Prop: 0.004995005<br />Count: 5<br />Percent: 0.5", "Category: Transformation<br />Prop: 0.004995005<br />Count: 5<br />Percent: 0.5", "Category: Haplotypes<br />Prop: 0.001998002<br />Count: 2<br />Percent: 0.2"],
      "type": "bar",
      "marker": {
        "autocolorscale": false,
        "color": "rgba(122,82,199,1)",
        "line": {
          "width": 1.88976377952756,
          "color": "transparent"
        }
      },
      "showlegend": false,
      "xaxis": "x",
      "yaxis": "y",
      "hoverinfo": "text",
      "frame": null
    }
  ],
  "layout": {
    "margin": {
      "t": 0,
      "r": 10,
      "b": 0,
      "l": 55
    },
    "font": {
      "color": "rgba(0,0,0,1)",
      "family": "",
      "size": 18.5969281859693
    },
    "xaxis": {
      "domain": [0, 1],
      "automargin": true,
      "type": "linear",
      "autorange": false,
      "range": [0.4, 33.6],
      "tickmode": "array",
      "ticktext": ["Visualisation", "Clustering", "Dimensionality Reduction", "Integration", "Ordering", "Differential Expression", "Gene Networks", "Classification", "Normalisation", "Quality Control", "Interactive", "Marker Genes", "Imputation", "Gene Sets", "Simulation", "Variable Genes", "Quantification", "Gene Filtering", "Variants", "UMIs", "Alignment", "Expression Patterns", "Alternative Splicing", "Cell Cycle", "Immune", "Perturbations", "Rare Cells", "Assembly", "Allele Specific", "Stem Cells", "Modality", "Transformation", "Haplotypes"],
      "tickvals": [1, 2, 3, 4, 5, 6, 7, 8, 9, 10, 11, 12, 13, 14, 15, 16, 17, 18, 19, 20, 21, 22, 23, 24, 25, 26, 27, 28, 29, 30, 31, 32, 33],
      "categoryorder": "array",
      "categoryarray": ["Visualisation", "Clustering", "Dimensionality Reduction", "Integration", "Ordering", "Differential Expression", "Gene Networks", "Classification", "Normalisation", "Quality Control", "Interactive", "Marker Genes", "Imputation", "Gene Sets", "Simulation", "Variable Genes", "Quantification", "Gene Filtering", "Variants", "UMIs", "Alignment", "Expression Patterns", "Alternative Splicing", "Cell Cycle", "Immune", "Perturbations", "Rare Cells", "Assembly", "Allele Specific", "Stem Cells", "Modality", "Transformation", "Haplotypes"],
      "nticks": null,
      "ticks": "outside",
      "tickcolor": "rgba(0,0,0,1)",
      "ticklen": 4.64923204649232,
      "tickwidth": 0.66417600664176,
      "showticklabels": true,
      "tickfont": {
        "color": "rgba(0,0,0,1)",
        "family": "",
        "size": 7
      },
      "tickangle": -60,
      "showline": true,
      "linecolor": "rgba(0,0,0,1)",
      "linewidth": 0.66417600664176,
      "showgrid": false,
      "gridcolor": null,
      "gridwidth": 0,
      "zeroline": false,
      "anchor": "y",
      "title": {
        "text": "",
        "font": {
          "color": null,
          "family": null,
          "size": 9
        }
      },
      "hoverformat": ".2f",
      "fixedrange": true
    },
    "yaxis": {
      "domain": [0, 1],
      "automargin": true,
      "type": "linear",
      "autorange": false,
      "range": [-0.0206793206793207, 0.434265734265734],
      "tickmode": "array",
      "ticktext": ["0.0%", "10.0%", "20.0%", "30.0%", "40.0%"],
      "tickvals": [0, 0.1, 0.2, 0.3, 0.4],
      "categoryorder": "array",
      "categoryarray": ["0.0%", "10.0%", "20.0%", "30.0%", "40.0%"],
      "nticks": null,
      "ticks": "outside",
      "tickcolor": "rgba(0,0,0,1)",
      "ticklen": 4.64923204649232,
      "tickwidth": 0.66417600664176,
      "showticklabels": true,
      "tickfont": {
        "color": "rgba(0,0,0,1)",
        "family": "",
        "size": 7
      },
      "tickangle": -0,
      "showline": true,
      "linecolor": "rgba(0,0,0,1)",
      "linewidth": 0.66417600664176,
      "showgrid": false,
      "gridcolor": null,
      "gridwidth": 0,
      "zeroline": false,
      "anchor": "x",
      "title": {
        "text": "Percentage of tools",