{
  "data": [
    {
      "orientation": "v",
      "width": [0.95, 0.95, 0.95, 0.95, 0.949999999999999, 0.949999999999999, 0.949999999999999, 0.949999999999999, 0.949999999999999, 0.949999999999999, 0.949999999999999, 0.949999999999999, 0.949999999999999, 0.949999999999999, 0.949999999999999, 0.950000000000001, 0.950000000000003, 0.950000000000003, 0.950000000000003, 0.950000000000003, 0.950000000000003, 0.950000000000003, 0.950000000000003, 0.950000000000003, 0.950000000000003, 0.950000000000003, 0.950000000000003, 0.950000000000003, 0.950000000000003, 0.950000000000003, 0.950000000000003, 0.950000000000003, 0.950000000000003],
      "base": [0, 0, 0, 0, 0, 0, 0, 0, 0, 0, 0, 0, 0, 0, 0, 0, 0, 0, 0, 0, 0, 0, 0, 0, 0, 0, 0, 0, 0, 0, 0, 0, 0],
      "x": [1, 2, 3, 4, 5, 6, 7, 8, 9, 10, 11, 12, 13, 14, 15, 16, 17, 18, 19, 20, 21, 22, 23, 24, 25, 26, 27, 28, 29, 30, 31, 32, 33],
      "y": [0.410909090909091, 0.251818181818182, 0.248181818181818, 0.135454545454545, 0.119090909090909, 0.116363636363636, 0.112727272727273, 0.112727272727273, 0.105454545454545, 0.101818181818182, 0.0863636363636364, 0.0818181818181818, 0.0690909090909091, 0.0681818181818182, 0.0681818181818182, 0.06, 0.0572727272727273, 0.0490909090909091, 0.0409090909090909, 0.0372727272727273, 0.0363636363636364, 0.0354545454545455, 0.0254545454545455, 0.0227272727272727, 0.0190909090909091, 0.0154545454545455, 0.0136363636363636, 0.00727272727272727, 0.00636363636363636, 0.00636363636363636, 0.00636363636363636, 0.00545454545454545, 0.00181818181818182],
      "text": ["Category: Visualisation<br />Prop: 0.410909091<br />Count: 452<br />Percent: 41.1", "Category: Clustering<br />Prop: 0.251818182<br />Count: 277<br />Percent: 25.2", "Category: Dimensionality Reduction<br />Prop: 0.248181818<br />Count: 273<br />Percent: 24.8", "Category: Integration<br />Prop: 0.135454545<br />Count: 149<br />Percent: 13.5", "Category: Ordering<br />Prop: 0.119090909<br />Count: 131<br />Percent: 11.9", "Category: Gene Networks<br />Prop: 0.116363636<br />Count: 128<br />Percent: 11.6", "Category: Classification<br />Prop: 0.112727273<br />Count: 124<br />Percent: 11.3", "Category: Differential Expression<br />Prop: 0.112727273<br />Count: 124<br />Percent: 11.3", "Category: Normalisation<br />Prop: 0.105454545<br />Count: 116<br />Percent: 10.5", "Category: Quality Control<br />Prop: 0.101818182<br />Count: 112<br />Percent: 10.2", "Category: Marker Genes<br />Prop: 0.086363636<br />Count: 95<br />Percent: 8.6", "Category: Interactive<br />Prop: 0.081818182<br />Count: 90<br />Percent: 8.2", "Category: Gene Sets<br />Prop: 0.069090909<br />Count: 76<br />Percent: 6.9", "Category: Imputation<br />Prop: 0.068181818<br />Count: 75<br />Percent: 6.8", "Category: Simulation<br />Prop: 0.068181818<br />Count: 75<br />Percent: 6.8", "Category: Variable Genes<br />Prop: 0.060000000<br />Count: 66<br />Percent: 6", "Category: Quantification<br />Prop: 0.057272727<br />Count: 63<br />Percent: 5.7", "Category: Gene Filtering<br />Prop: 0.049090909<br />Count: 54<br />Percent: 4.9", "Category: Variants<br />Prop: 0.040909091<br />Count: 45<br />Percent: 4.1", "Category: UMIs<br />Prop: 0.037272727<br />Count: 41<br />Percent: 3.7", "Category: Expression Patterns<br />Prop: 0.036363636<br />Count: 40<br />Percent: 3.6", "Category: Alignment<br />Prop: 0.035454545<br />Count: 39<br />Percent: 3.5", "Category: Alternative Splicing<br />Prop: 0.025454545<br />Count: 28<br />Percent: 2.5", "Category: Cell Cycle<br />Prop: 0.022727273<br />Count: 25<br />Percent: 2.3", "Category: Immune<br />Prop: 0.019090909<br />Count: 21<br />Percent: 1.9", "Category: Perturbations<br />Prop: 0.015454545<br />Count: 17<br />Percent: 1.5", "Category: Rare Cells<br />Prop: 0.013636364<br />Count: 15<br />Percent: 1.4", "Category: Assembly<br />Prop: 0.007272727<br />Count: 8<br />Percent: 0.7", "Category: Modality<br />Prop: 0.006363636<br />Count: 7<br />Percent: 0.6", "Category: Stem Cells<br />Prop: 0.006363636<br />Count: 7<br />Percent: 0.6", "Category: Transformation<br />Prop: 0.006363636<br />Count: 7<br />Percent: 0.6", "Category: Allele Specific<br />Prop: 0.005454545<br />Count: 6<br />Percent: 0.5", "Category: Haplotypes<br />Prop: 0.001818182<br />Count: 2<br />Percent: 0.2"],
      "type": "bar",
      "marker": {
        "autocolorscale": false,
        "color": "rgba(122,82,199,1)",
        "line": {
          "width": 1.88976377952756,
          "color": "transparent"
        }
      },
      "showlegend": false,
      "xaxis": "x",
      "yaxis": "y",
      "hoverinfo": "text",
      "frame": null
    }
  ],
  "layout": {
    "margin": {
      "t": 0,
      "r": 10,
      "b": 0,
      "l": 55
    },
    "font": {
      "color": "rgba(0,0,0,1)",
      "family": "",
      "size": 18.5969281859693
    },
    "xaxis": {
      "domain": [0, 1],
      "automargin": true,
      "type": "linear",
      "autorange": false,
      "range": [0.4, 33.6],
      "tickmode": "array",
      "ticktext": ["Visualisation", "Clustering", "Dimensionality Reduction", "Integration", "Ordering", "Gene Networks", "Classification", "Differential Expression", "Normalisation", "Quality Control", "Marker Genes", "Interactive", "Gene Sets", "Imputation", "Simulation", "Variable Genes", "Quantification", "Gene Filtering", "Variants", "UMIs", "Expression Patterns", "Alignment", "Alternative Splicing", "Cell Cycle", "Immune", "Perturbations", "Rare Cells", "Assembly", "Modality", "Stem Cells", "Transformation", "Allele Specific", "Haplotypes"],
      "tickvals": [1, 2, 3, 4, 5, 6, 7, 8, 9, 10, 11, 12, 13, 14, 15, 16, 17, 18, 19, 20, 21, 22, 23, 24, 25, 26, 27, 28, 29, 30, 31, 32, 33],
      "categoryorder": "array",
      "categoryarray": ["Visualisation", "Clustering", "Dimensionality Reduction", "Integration", "Ordering", "Gene Networks", "Classification", "Differential Expression", "Normalisation", "Quality Control", "Marker Genes", "Interactive", "Gene Sets", "Imputation", "Simulation", "Variable Genes", "Quantification", "Gene Filtering", "Variants", "UMIs", "Expression Patterns", "Alignment", "Alternative Splicing", "Cell Cycle", "Immune", "Perturbations", "Rare Cells", "Assembly", "Modality", "Stem Cells", "Transformation", "Allele Specific", "Haplotypes"],
      "nticks": null,
      "ticks": "outside",
      "tickcolor": "rgba(0,0,0,1)",
      "ticklen": 4.64923204649232,
      "tickwidth": 0.66417600664176,
      "showticklabels": true,
      "tickfont": {
        "color": "rgba(0,0,0,1)",
        "family": "",
        "size": 7
      },
      "tickangle": -60,
      "showline": true,
      "linecolor": "rgba(0,0,0,1)",
      "linewidth": 0.66417600664176,
      "showgrid": false,
      "gridcolor": null,
      "gridwidth": 0,
      "zeroline": false,
      "anchor": "y",
      "title": {
        "text": "",
        "font": {
          "color": null,
          "family": null,
          "size": 9
        }
      },
      "hoverformat": ".2f",
      "fixedrange": true
    },
    "yaxis": {
      "domain": [0, 1],
      "automargin": true,
      "type": "linear",
      "autorange": false,
      "range": [-0.0205454545454545, 0.431454545454545],
      "tickmode": "array",
      "ticktext": ["0.0%", "10.0%", "20.0%", "30.0%", "40.0%"],
      "tickvals": [0, 0.1, 0.2, 0.3, 0.4],
      "categoryorder": "array",
      "categoryarray": ["0.0%", "10.0%", "20.0%", "30.0%", "40.0%"],
      "nticks": null,
      "ticks": "outside",
      "tickcolor": "rgba(0,0,0,1)",
      "ticklen": 4.64923204649232,
      "tickwidth": 0.66417600664176,
      "showticklabels": true,
      "tickfont": {
        "color": "rgba(0,0,0,1)",
        "family": "",
        "size": 7
      },
      "tickangle": -0,
      "showline": true,
      "linecolor": "rgba(0,0,0,1)",
      "linewidth": 0.66417600664176,
      "showgrid": false,
      "gridcolor": null,
      "gridwidth": 0,
      "zeroline": false,
      "anchor": "x",