{
  "data": [
    {
      "orientation": "v",
      "width": [0.95, 0.95, 0.95, 0.95, 0.949999999999999, 0.949999999999999, 0.949999999999999, 0.949999999999999, 0.949999999999999, 0.949999999999999, 0.949999999999999, 0.949999999999999, 0.949999999999999, 0.949999999999999, 0.949999999999999, 0.950000000000001, 0.950000000000003, 0.950000000000003, 0.950000000000003, 0.950000000000003, 0.950000000000003, 0.950000000000003, 0.950000000000003, 0.950000000000003, 0.950000000000003, 0.950000000000003, 0.950000000000003, 0.950000000000003, 0.950000000000003, 0.950000000000003, 0.950000000000003, 0.950000000000003, 0.950000000000003],
      "base": [0, 0, 0, 0, 0, 0, 0, 0, 0, 0, 0, 0, 0, 0, 0, 0, 0, 0, 0, 0, 0, 0, 0, 0, 0, 0, 0, 0, 0, 0, 0, 0, 0],
      "x": [1, 2, 3, 4, 5, 6, 7, 8, 9, 10, 11, 12, 13, 14, 15, 16, 17, 18, 19, 20, 21, 22, 23, 24, 25, 26, 27, 28, 29, 30, 31, 32, 33],
      "y": [0.413131313131313, 0.252525252525253, 0.248484848484848, 0.135353535353535, 0.126262626262626, 0.115151515151515, 0.111111111111111, 0.109090909090909, 0.109090909090909, 0.103030303030303, 0.0868686868686869, 0.0848484848484849, 0.0717171717171717, 0.0676767676767677, 0.0666666666666667, 0.0616161616161616, 0.0595959595959596, 0.0515151515151515, 0.0414141414141414, 0.0393939393939394, 0.0383838383838384, 0.0383838383838384, 0.0252525252525253, 0.0252525252525253, 0.0191919191919192, 0.0151515151515152, 0.0111111111111111, 0.00808080808080808, 0.00606060606060606, 0.00606060606060606, 0.00505050505050505, 0.00505050505050505, 0.00202020202020202],
      "text": ["Category: Visualisation<br />Prop: 0.413131313<br />Count: 409<br />Percent: 41.3", "Category: Clustering<br />Prop: 0.252525253<br />Count: 250<br />Percent: 25.3", "Category: Dimensionality Reduction<br />Prop: 0.248484848<br />Count: 246<br />Percent: 24.8", "Category: Integration<br />Prop: 0.135353535<br />Count: 134<br />Percent: 13.5", "Category: Ordering<br />Prop: 0.126262626<br />Count: 125<br />Percent: 12.6", "Category: Differential Expression<br />Prop: 0.115151515<br />Count: 114<br />Percent: 11.5", "Category: Gene Networks<br />Prop: 0.111111111<br />Count: 110<br />Percent: 11.1", "Category: Classification<br />Prop: 0.109090909<br />Count: 108<br />Percent: 10.9", "Category: Normalisation<br />Prop: 0.109090909<br />Count: 108<br />Percent: 10.9", "Category: Quality Control<br />Prop: 0.103030303<br />Count: 102<br />Percent: 10.3", "Category: Interactive<br />Prop: 0.086868687<br />Count: 86<br />Percent: 8.7", "Category: Marker Genes<br />Prop: 0.084848485<br />Count: 84<br />Percent: 8.5", "Category: Imputation<br />Prop: 0.071717172<br />Count: 71<br />Percent: 7.2", "Category: Simulation<br />Prop: 0.067676768<br />Count: 67<br />Percent: 6.8", "Category: Gene Sets<br />Prop: 0.066666667<br />Count: 66<br />Percent: 6.7", "Category: Variable Genes<br />Prop: 0.061616162<br />Count: 61<br />Percent: 6.2", "Category: Quantification<br />Prop: 0.059595960<br />Count: 59<br />Percent: 6", "Category: Gene Filtering<br />Prop: 0.051515152<br />Count: 51<br />Percent: 5.2", "Category: Variants<br />Prop: 0.041414141<br />Count: 41<br />Percent: 4.1", "Category: UMIs<br />Prop: 0.039393939<br />Count: 39<br />Percent: 3.9", "Category: Alignment<br />Prop: 0.038383838<br />Count: 38<br />Percent: 3.8", "Category: Expression Patterns<br />Prop: 0.038383838<br />Count: 38<br />Percent: 3.8", "Category: Alternative Splicing<br />Prop: 0.025252525<br />Count: 25<br />Percent: 2.5", "Category: Cell Cycle<br />Prop: 0.025252525<br />Count: 25<br />Percent: 2.5", "Category: Immune<br />Prop: 0.019191919<br />Count: 19<br />Percent: 1.9", "Category: Perturbations<br />Prop: 0.015151515<br />Count: 15<br />Percent: 1.5", "Category: Rare Cells<br />Prop: 0.011111111<br />Count: 11<br />Percent: 1.1", "Category: Assembly<br />Prop: 0.008080808<br />Count: 8<br />Percent: 0.8", "Category: Allele Specific<br />Prop: 0.006060606<br />Count: 6<br />Percent: 0.6", "Category: Stem Cells<br />Prop: 0.006060606<br />Count: 6<br />Percent: 0.6", "Category: Modality<br />Prop: 0.005050505<br />Count: 5<br />Percent: 0.5", "Category: Transformation<br />Prop: 0.005050505<br />Count: 5<br />Percent: 0.5", "Category: Haplotypes<br />Prop: 0.002020202<br />Count: 2<br />Percent: 0.2"],
      "type": "bar",
      "marker": {
        "autocolorscale": false,
        "color": "rgba(122,82,199,1)",
        "line": {
          "width": 1.88976377952756,
          "color": "transparent"
        }
      },
      "showlegend": false,
      "xaxis": "x",
      "yaxis": "y",
      "hoverinfo": "text",
      "frame": null
    }
  ],
  "layout": {
    "margin": {
      "t": 0,
      "r": 10,
      "b": 0,
      "l": 55
    },
    "font": {
      "color": "rgba(0,0,0,1)",
      "family": "",
      "size": 18.5969281859693
    },
    "xaxis": {
      "domain": [0, 1],
      "automargin": true,
      "type": "linear",
      "autorange": false,
      "range": [0.4, 33.6],
      "tickmode": "array",
      "ticktext": ["Visualisation", "Clustering", "Dimensionality Reduction", "Integration", "Ordering", "Differential Expression", "Gene Networks", "Classification", "Normalisation", "Quality Control", "Interactive", "Marker Genes", "Imputation", "Simulation", "Gene Sets", "Variable Genes", "Quantification", "Gene Filtering", "Variants", "UMIs", "Alignment", "Expression Patterns", "Alternative Splicing", "Cell Cycle", "Immune", "Perturbations", "Rare Cells", "Assembly", "Allele Specific", "Stem Cells", "Modality", "Transformation", "Haplotypes"],
      "tickvals": [1, 2, 3, 4, 5, 6, 7, 8, 9, 10, 11, 12, 13, 14, 15, 16, 17, 18, 19, 20, 21, 22, 23, 24, 25, 26, 27, 28, 29, 30, 31, 32, 33],
      "categoryorder": "array",
      "categoryarray": ["Visualisation", "Clustering", "Dimensionality Reduction", "Integration", "Ordering", "Differential Expression", "Gene Networks", "Classification", "Normalisation", "Quality Control", "Interactive", "Marker Genes", "Imputation", "Simulation", "Gene Sets", "Variable Genes", "Quantification", "Gene Filtering", "Variants", "UMIs", "Alignment", "Expression Patterns", "Alternative Splicing", "Cell Cycle", "Immune", "Perturbations", "Rare Cells", "Assembly", "Allele Specific", "Stem Cells", "Modality", "Transformation", "Haplotypes"],
      "nticks": null,
      "ticks": "outside",
      "tickcolor": "rgba(0,0,0,1)",
      "ticklen": 4.64923204649232,
      "tickwidth": 0.66417600664176,
      "showticklabels": true,
      "tickfont": {
        "color": "rgba(0,0,0,1)",
        "family": "",
        "size": 7
      },
      "tickangle": -60,
      "showline": true,
      "linecolor": "rgba(0,0,0,1)",
      "linewidth": 0.66417600664176,
      "showgrid": false,
      "gridcolor": null,
      "gridwidth": 0,
      "zeroline": false,
      "anchor": "y",
      "title": {
        "text": "",
        "font": {
          "color": null,
          "family": null,
          "size": 9
        }
      },
      "hoverformat": ".2f",
      "fixedrange": true
    },
    "yaxis": {
      "domain": [0, 1],
      "automargin": true,
      "type": "linear",
      "autorange": false,
      "range": [-0.0206565656565657, 0.433787878787879],
      "tickmode": "array",
      "ticktext": ["0.0%", "10.0%", "20.0%", "30.0%", "40.0%"],
      "tickvals": [0, 0.1, 0.2, 0.3, 0.4],
      "categoryorder": "array",
      "categoryarray": ["0.0%", "10.0%", "20.0%", "30.0%", "40.0%"],
      "nticks": null,
      "ticks": "outside",
      "tickcolor": "rgba(0,0,0,1)",
      "ticklen": 4.64923204649232,
      "tickwidth": 0.66417600664176,
      "showticklabels": true,
      "tickfont": {
        "color": "rgba(0,0,0,1)",
        "family": "",
        "size": 7
      },
      "tickangle": -0,
      "showline": true,
      "linecolor": "rgba(0,0,0,1)",
      "linewidth": 0.66417600664176,
      "showgrid": false,
      "gridcolor": null,
      "gridwidth": 0,
      "zeroline": false,
      "anchor": "x",