{
  "data": [
    {
      "orientation": "v",
      "width": [0.95, 0.95, 0.95, 0.95, 0.949999999999999, 0.949999999999999, 0.949999999999999, 0.949999999999999, 0.949999999999999, 0.949999999999999, 0.949999999999999, 0.949999999999999, 0.949999999999999, 0.949999999999999, 0.949999999999999, 0.950000000000001, 0.950000000000003, 0.950000000000003, 0.950000000000003, 0.950000000000003, 0.950000000000003, 0.950000000000003, 0.950000000000003, 0.950000000000003, 0.950000000000003, 0.950000000000003, 0.950000000000003, 0.950000000000003, 0.950000000000003, 0.950000000000003, 0.950000000000003, 0.950000000000003, 0.950000000000003],
      "base": [0, 0, 0, 0, 0, 0, 0, 0, 0, 0, 0, 0, 0, 0, 0, 0, 0, 0, 0, 0, 0, 0, 0, 0, 0, 0, 0, 0, 0, 0, 0, 0, 0],
      "x": [1, 2, 3, 4, 5, 6, 7, 8, 9, 10, 11, 12, 13, 14, 15, 16, 17, 18, 19, 20, 21, 22, 23, 24, 25, 26, 27, 28, 29, 30, 31, 32, 33],
      "y": [0.409592061742007, 0.251378169790518, 0.217750826901874, 0.160418963616318, 0.131201764057332, 0.119625137816979, 0.11135611907387, 0.0986769570011025, 0.0942668136714443, 0.0931642778390298, 0.0837927232635061, 0.0782800441014333, 0.0639470782800441, 0.0622932745314223, 0.0611907386990077, 0.0606394707828004, 0.0600882028665932, 0.0485115766262404, 0.0380374862183021, 0.0330760749724366, 0.0330760749724366, 0.0303197353914002, 0.0292171995589857, 0.0292171995589857, 0.0264608599779493, 0.0209481808158765, 0.0110253583241455, 0.00661521499448732, 0.00606394707828004, 0.00551267916207277, 0.00441014332965821, 0.00441014332965821, 0.00110253583241455],
      "text": ["Category: Visualisation<br />Prop: 0.409592062<br />Count: 743<br />Percent: 41", "Category: Dimensionality Reduction<br />Prop: 0.251378170<br />Count: 456<br />Percent: 25.1", "Category: Clustering<br />Prop: 0.217750827<br />Count: 395<br />Percent: 21.8", "Category: Integration<br />Prop: 0.160418964<br />Count: 291<br />Percent: 16", "Category: Gene Networks<br />Prop: 0.131201764<br />Count: 238<br />Percent: 13.1", "Category: Classification<br />Prop: 0.119625138<br />Count: 217<br />Percent: 12", "Category: Ordering<br />Prop: 0.111356119<br />Count: 202<br />Percent: 11.1", "Category: Quality Control<br />Prop: 0.098676957<br />Count: 179<br />Percent: 9.9", "Category: Normalisation<br />Prop: 0.094266814<br />Count: 171<br />Percent: 9.4", "Category: Differential Expression<br />Prop: 0.093164278<br />Count: 169<br />Percent: 9.3", "Category: Marker Genes<br />Prop: 0.083792723<br />Count: 152<br />Percent: 8.4", "Category: Gene Sets<br />Prop: 0.078280044<br />Count: 142<br />Percent: 7.8", "Category: Interactive<br />Prop: 0.063947078<br />Count: 116<br />Percent: 6.4", "Category: Quantification<br />Prop: 0.062293275<br />Count: 113<br />Percent: 6.2", "Category: Imputation<br />Prop: 0.061190739<br />Count: 111<br />Percent: 6.1", "Category: Simulation<br />Prop: 0.060639471<br />Count: 110<br />Percent: 6.1", "Category: Variable Genes<br />Prop: 0.060088203<br />Count: 109<br />Percent: 6", "Category: Variants<br />Prop: 0.048511577<br />Count: 88<br />Percent: 4.9", "Category: Gene Filtering<br />Prop: 0.038037486<br />Count: 69<br />Percent: 3.8", "Category: Alignment<br />Prop: 0.033076075<br />Count: 60<br />Percent: 3.3", "Category: UMIs<br />Prop: 0.033076075<br />Count: 60<br />Percent: 3.3", "Category: Expression Patterns<br />Prop: 0.030319735<br />Count: 55<br />Percent: 3", "Category: Immune<br />Prop: 0.029217200<br />Count: 53<br />Percent: 2.9", "Category: Perturbations<br />Prop: 0.029217200<br />Count: 53<br />Percent: 2.9", "Category: Alternative Splicing<br />Prop: 0.026460860<br />Count: 48<br />Percent: 2.6", "Category: Cell Cycle<br />Prop: 0.020948181<br />Count: 38<br />Percent: 2.1", "Category: Rare Cells<br />Prop: 0.011025358<br />Count: 20<br />Percent: 1.1", "Category: Transformation<br />Prop: 0.006615215<br />Count: 12<br />Percent: 0.7", "Category: Assembly<br />Prop: 0.006063947<br />Count: 11<br />Percent: 0.6", "Category: Stem Cells<br />Prop: 0.005512679<br />Count: 10<br />Percent: 0.6", "Category: Allele Specific<br />Prop: 0.004410143<br />Count: 8<br />Percent: 0.4", "Category: Modality<br />Prop: 0.004410143<br />Count: 8<br />Percent: 0.4", "Category: Haplotypes<br />Prop: 0.001102536<br />Count: 2<br />Percent: 0.1"],
      "type": "bar",
      "textposition": "none",
      "marker": {
        "autocolorscale": false,
        "color": "rgba(122,82,199,1)",
        "line": {
          "width": 1.88976377952756,
          "color": "transparent"
        }
      },
      "showlegend": false,
      "xaxis": "x",
      "yaxis": "y",
      "hoverinfo": "text",
      "frame": null
    }
  ],
  "layout": {
    "margin": {
      "t": 0,
      "r": 10,
      "b": 0,
      "l": 55
    },
    "font": {
      "color": "rgba(0,0,0,1)",
      "family": "",
      "size": 18.5969281859693
    },
    "xaxis": {
      "domain": [0, 1],
      "automargin": true,
      "type": "linear",
      "autorange": false,
      "range": [0.4, 33.6],
      "tickmode": "array",
      "ticktext": ["Visualisation", "Dimensionality Reduction", "Clustering", "Integration", "Gene Networks", "Classification", "Ordering", "Quality Control", "Normalisation", "Differential Expression", "Marker Genes", "Gene Sets", "Interactive", "Quantification", "Imputation", "Simulation", "Variable Genes", "Variants", "Gene Filtering", "Alignment", "UMIs", "Expression Patterns", "Immune", "Perturbations", "Alternative Splicing", "Cell Cycle", "Rare Cells", "Transformation", "Assembly", "Stem Cells", "Allele Specific", "Modality", "Haplotypes"],
      "tickvals": [1, 2, 3, 4, 5, 6, 7, 8, 9, 10, 11, 12, 13, 14, 15, 16, 17, 18, 19, 20, 21, 22, 23, 24, 25, 26, 27, 28, 29, 30, 31, 32, 33],
      "categoryorder": "array",
      "categoryarray": ["Visualisation", "Dimensionality Reduction", "Clustering", "Integration", "Gene Networks", "Classification", "Ordering", "Quality Control", "Normalisation", "Differential Expression", "Marker Genes", "Gene Sets", "Interactive", "Quantification", "Imputation", "Simulation", "Variable Genes", "Variants", "Gene Filtering", "Alignment", "UMIs", "Expression Patterns", "Immune", "Perturbations", "Alternative Splicing", "Cell Cycle", "Rare Cells", "Transformation", "Assembly", "Stem Cells", "Allele Specific", "Modality", "Haplotypes"],
      "nticks": null,
      "ticks": "outside",
      "tickcolor": "rgba(0,0,0,1)",
      "ticklen": 4.64923204649232,
      "tickwidth": 0.66417600664176,
      "showticklabels": true,
      "tickfont": {
        "color": "rgba(0,0,0,1)",
        "family": "",
        "size": 7
      },
      "tickangle": -60,
      "showline": true,
      "linecolor": "rgba(0,0,0,1)",
      "linewidth": 0.66417600664176,
      "showgrid": false,
      "gridcolor": null,
      "gridwidth": 0,
      "zeroline": false,
      "anchor": "y",
      "title": {
        "text": "",
        "font": {
          "color": null,
          "family": null,
          "size": 9
        }
      },
      "hoverformat": ".2f",
      "fixedrange": true
    },
    "yaxis": {
      "domain": [0, 1],
      "automargin": true,
      "type": "linear",
      "autorange": false,
      "range": [-0.0204796030871003, 0.430071664829107],
      "tickmode": "array",
      "ticktext": ["0%", "10%", "20%", "30%", "40%"],
      "tickvals": [0, 0.1, 0.2, 0.3, 0.4],
      "categoryorder": "array",
      "categoryarray": ["0%", "10%", "20%", "30%", "40%"],
      "nticks": null,
      "ticks": "outside",
      "tickcolor": "rgba(0,0,0,1)",
      "ticklen": 4.64923204649232,
      "tickwidth": 0.66417600664176,
      "showticklabels": true,
      "tickfont": {
        "color": "rgba(0,0,0,1)",
        "family": "",
        "size": 7
      },
      "tickangle": -0,
      "showline": true,
      "linecolor": "rgba(0,0,0,1)",
      "linewidth": 0.66417600664176,
      "showgrid": false,
      "gridcolor": null,
      "gridwidth": 0,
      "zeroline": false,
      "anchor": "x",