{
  "data": [
    {
      "orientation": "v",
      "width": [0.95, 0.95, 0.95, 0.95, 0.949999999999999, 0.949999999999999, 0.949999999999999, 0.949999999999999, 0.949999999999999, 0.949999999999999, 0.949999999999999, 0.949999999999999, 0.949999999999999, 0.949999999999999, 0.949999999999999, 0.950000000000001, 0.950000000000003, 0.950000000000003, 0.950000000000003, 0.950000000000003, 0.950000000000003, 0.950000000000003, 0.950000000000003, 0.950000000000003, 0.950000000000003, 0.950000000000003, 0.950000000000003, 0.950000000000003, 0.950000000000003, 0.950000000000003, 0.950000000000003, 0.950000000000003, 0.950000000000003],
      "base": [0, 0, 0, 0, 0, 0, 0, 0, 0, 0, 0, 0, 0, 0, 0, 0, 0, 0, 0, 0, 0, 0, 0, 0, 0, 0, 0, 0, 0, 0, 0, 0, 0],
      "x": [1, 2, 3, 4, 5, 6, 7, 8, 9, 10, 11, 12, 13, 14, 15, 16, 17, 18, 19, 20, 21, 22, 23, 24, 25, 26, 27, 28, 29, 30, 31, 32, 33],
      "y": [0.40976460331299, 0.248474280732345, 0.246730601569311, 0.143853530950305, 0.116826503923278, 0.115954664341761, 0.115082824760244, 0.110723626852659, 0.103748910200523, 0.100261551874455, 0.0836965998256321, 0.0802092414995641, 0.0671316477768091, 0.0671316477768091, 0.0662598081952921, 0.0592850915431561, 0.0584132519616391, 0.047951176983435, 0.040104620749782, 0.036617262423714, 0.035745422842197, 0.035745422842197, 0.02615518744551, 0.021795989537925, 0.019180470793374, 0.016564952048823, 0.013077593722755, 0.00697471665213601, 0.00610287707061901, 0.00610287707061901, 0.00610287707061901, 0.00523103748910201, 0.001743679163034],
      "text": ["Category: Visualisation<br />Prop: 0.409764603<br />Count: 470<br />Percent: 41", "Category: Clustering<br />Prop: 0.248474281<br />Count: 285<br />Percent: 24.8", "Category: Dimensionality Reduction<br />Prop: 0.246730602<br />Count: 283<br />Percent: 24.7", "Category: Integration<br />Prop: 0.143853531<br />Count: 165<br />Percent: 14.4", "Category: Ordering<br />Prop: 0.116826504<br />Count: 134<br />Percent: 11.7", "Category: Gene Networks<br />Prop: 0.115954664<br />Count: 133<br />Percent: 11.6", "Category: Classification<br />Prop: 0.115082825<br />Count: 132<br />Percent: 11.5", "Category: Differential Expression<br />Prop: 0.110723627<br />Count: 127<br />Percent: 11.1", "Category: Normalisation<br />Prop: 0.103748910<br />Count: 119<br />Percent: 10.4", "Category: Quality Control<br />Prop: 0.100261552<br />Count: 115<br />Percent: 10", "Category: Marker Genes<br />Prop: 0.083696600<br />Count: 96<br />Percent: 8.4", "Category: Interactive<br />Prop: 0.080209241<br />Count: 92<br />Percent: 8", "Category: Imputation<br />Prop: 0.067131648<br />Count: 77<br />Percent: 6.7", "Category: Simulation<br />Prop: 0.067131648<br />Count: 77<br />Percent: 6.7", "Category: Gene Sets<br />Prop: 0.066259808<br />Count: 76<br />Percent: 6.6", "Category: Quantification<br />Prop: 0.059285092<br />Count: 68<br />Percent: 5.9", "Category: Variable Genes<br />Prop: 0.058413252<br />Count: 67<br />Percent: 5.8", "Category: Gene Filtering<br />Prop: 0.047951177<br />Count: 55<br />Percent: 4.8", "Category: Variants<br />Prop: 0.040104621<br />Count: 46<br />Percent: 4", "Category: Alignment<br />Prop: 0.036617262<br />Count: 42<br />Percent: 3.7", "Category: Expression Patterns<br />Prop: 0.035745423<br />Count: 41<br />Percent: 3.6", "Category: UMIs<br />Prop: 0.035745423<br />Count: 41<br />Percent: 3.6", "Category: Alternative Splicing<br />Prop: 0.026155187<br />Count: 30<br />Percent: 2.6", "Category: Cell Cycle<br />Prop: 0.021795990<br />Count: 25<br />Percent: 2.2", "Category: Immune<br />Prop: 0.019180471<br />Count: 22<br />Percent: 1.9", "Category: Perturbations<br />Prop: 0.016564952<br />Count: 19<br />Percent: 1.7", "Category: Rare Cells<br />Prop: 0.013077594<br />Count: 15<br />Percent: 1.3", "Category: Assembly<br />Prop: 0.006974717<br />Count: 8<br />Percent: 0.7", "Category: Modality<br />Prop: 0.006102877<br />Count: 7<br />Percent: 0.6", "Category: Stem Cells<br />Prop: 0.006102877<br />Count: 7<br />Percent: 0.6", "Category: Transformation<br />Prop: 0.006102877<br />Count: 7<br />Percent: 0.6", "Category: Allele Specific<br />Prop: 0.005231037<br />Count: 6<br />Percent: 0.5", "Category: Haplotypes<br />Prop: 0.001743679<br />Count: 2<br />Percent: 0.2"],
      "type": "bar",
      "marker": {
        "autocolorscale": false,
        "color": "rgba(122,82,199,1)",
        "line": {
          "width": 1.88976377952756,
          "color": "transparent"
        }
      },
      "showlegend": false,
      "xaxis": "x",
      "yaxis": "y",
      "hoverinfo": "text",
      "frame": null
    }
  ],
  "layout": {
    "margin": {
      "t": 0,
      "r": 10,
      "b": 0,
      "l": 55
    },
    "font": {
      "color": "rgba(0,0,0,1)",
      "family": "",
      "size": 18.5969281859693
    },
    "xaxis": {
      "domain": [0, 1],
      "automargin": true,
      "type": "linear",
      "autorange": false,
      "range": [0.4, 33.6],
      "tickmode": "array",
      "ticktext": ["Visualisation", "Clustering", "Dimensionality Reduction", "Integration", "Ordering", "Gene Networks", "Classification", "Differential Expression", "Normalisation", "Quality Control", "Marker Genes", "Interactive", "Imputation", "Simulation", "Gene Sets", "Quantification", "Variable Genes", "Gene Filtering", "Variants", "Alignment", "Expression Patterns", "UMIs", "Alternative Splicing", "Cell Cycle", "Immune", "Perturbations", "Rare Cells", "Assembly", "Modality", "Stem Cells", "Transformation", "Allele Specific", "Haplotypes"],
      "tickvals": [1, 2, 3, 4, 5, 6, 7, 8, 9, 10, 11, 12, 13, 14, 15, 16, 17, 18, 19, 20, 21, 22, 23, 24, 25, 26, 27, 28, 29, 30, 31, 32, 33],
      "categoryorder": "array",
      "categoryarray": ["Visualisation", "Clustering", "Dimensionality Reduction", "Integration", "Ordering", "Gene Networks", "Classification", "Differential Expression", "Normalisation", "Quality Control", "Marker Genes", "Interactive", "Imputation", "Simulation", "Gene Sets", "Quantification", "Variable Genes", "Gene Filtering", "Variants", "Alignment", "Expression Patterns", "UMIs", "Alternative Splicing", "Cell Cycle", "Immune", "Perturbations", "Rare Cells", "Assembly", "Modality", "Stem Cells", "Transformation", "Allele Specific", "Haplotypes"],
      "nticks": null,
      "ticks": "outside",
      "tickcolor": "rgba(0,0,0,1)",
      "ticklen": 4.64923204649232,
      "tickwidth": 0.66417600664176,
      "showticklabels": true,
      "tickfont": {
        "color": "rgba(0,0,0,1)",
        "family": "",
        "size": 7
      },
      "tickangle": -60,
      "showline": true,
      "linecolor": "rgba(0,0,0,1)",
      "linewidth": 0.66417600664176,
      "showgrid": false,
      "gridcolor": null,
      "gridwidth": 0,
      "zeroline": false,
      "anchor": "y",
      "title": {
        "text": "",
        "font": {
          "color": null,
          "family": null,
          "size": 9
        }
      },
      "hoverformat": ".2f",
      "fixedrange": true
    },
    "yaxis": {
      "domain": [0, 1],
      "automargin": true,
      "type": "linear",
      "autorange": false,
      "range": [-0.0204882301656495, 0.43025283347864],
      "tickmode": "array",
      "ticktext": ["0.0%", "10.0%", "20.0%", "30.0%", "40.0%"],
      "tickvals": [0, 0.1, 0.2, 0.3, 0.4],
      "categoryorder": "array",
      "categoryarray": ["0.0%", "10.0%", "20.0%", "30.0%", "40.0%"],
      "nticks": null,
      "ticks": "outside",
      "tickcolor": "rgba(0,0,0,1)",
      "ticklen": 4.64923204649232,
      "tickwidth": 0.66417600664176,
      "showticklabels": true,
      "tickfont": {
        "color": "rgba(0,0,0,1)",
        "family": "",
        "size": 7
      },
      "tickangle": -0,
      "showline": true,
      "linecolor": "rgba(0,0,0,1)",
      "linewidth": 0.66417600664176,
      "showgrid": false,
      "gridcolor": null,
      "gridwidth": 0,
      "zeroline": false,
      "anchor": "x",
      "title": {
        "text": "Percentage of tools",