{
  "data": [
    {
      "orientation": "v",
      "width": [0.95, 0.95, 0.95, 0.95, 0.949999999999999, 0.949999999999999, 0.949999999999999, 0.949999999999999, 0.949999999999999, 0.949999999999999, 0.949999999999999, 0.949999999999999, 0.949999999999999, 0.949999999999999, 0.949999999999999, 0.950000000000001, 0.950000000000003, 0.950000000000003, 0.950000000000003, 0.950000000000003, 0.950000000000003, 0.950000000000003, 0.950000000000003, 0.950000000000003, 0.950000000000003, 0.950000000000003, 0.950000000000003, 0.950000000000003, 0.950000000000003, 0.950000000000003, 0.950000000000003, 0.950000000000003, 0.950000000000003],
      "base": [0, 0, 0, 0, 0, 0, 0, 0, 0, 0, 0, 0, 0, 0, 0, 0, 0, 0, 0, 0, 0, 0, 0, 0, 0, 0, 0, 0, 0, 0, 0, 0, 0],
      "x": [1, 2, 3, 4, 5, 6, 7, 8, 9, 10, 11, 12, 13, 14, 15, 16, 17, 18, 19, 20, 21, 22, 23, 24, 25, 26, 27, 28, 29, 30, 31, 32, 33],
      "y": [0.410685805422648, 0.24481658692185, 0.242424242424242, 0.141148325358852, 0.119617224880383, 0.116427432216906, 0.114035087719298, 0.105263157894737, 0.10207336523126, 0.0996810207336523, 0.0853269537480064, 0.0749601275917065, 0.069377990430622, 0.0653907496012759, 0.0629984051036683, 0.0614035087719298, 0.0606060606060606, 0.0462519936204147, 0.0422647527910686, 0.0358851674641148, 0.0342902711323764, 0.0334928229665072, 0.0279106858054226, 0.0223285486443381, 0.0215311004784689, 0.0175438596491228, 0.0119617224880383, 0.00717703349282297, 0.00637958532695375, 0.00558213716108453, 0.00558213716108453, 0.00478468899521531, 0.00159489633173844],
      "text": ["Category: Visualisation<br />Prop: 0.410685805<br />Count: 515<br />Percent: 41.1", "Category: Clustering<br />Prop: 0.244816587<br />Count: 307<br />Percent: 24.5", "Category: Dimensionality Reduction<br />Prop: 0.242424242<br />Count: 304<br />Percent: 24.2", "Category: Integration<br />Prop: 0.141148325<br />Count: 177<br />Percent: 14.1", "Category: Gene Networks<br />Prop: 0.119617225<br />Count: 150<br />Percent: 12", "Category: Ordering<br />Prop: 0.116427432<br />Count: 146<br />Percent: 11.6", "Category: Classification<br />Prop: 0.114035088<br />Count: 143<br />Percent: 11.4", "Category: Differential Expression<br />Prop: 0.105263158<br />Count: 132<br />Percent: 10.5", "Category: Quality Control<br />Prop: 0.102073365<br />Count: 128<br />Percent: 10.2", "Category: Normalisation<br />Prop: 0.099681021<br />Count: 125<br />Percent: 10", "Category: Marker Genes<br />Prop: 0.085326954<br />Count: 107<br />Percent: 8.5", "Category: Interactive<br />Prop: 0.074960128<br />Count: 94<br />Percent: 7.5", "Category: Gene Sets<br />Prop: 0.069377990<br />Count: 87<br />Percent: 6.9", "Category: Imputation<br />Prop: 0.065390750<br />Count: 82<br />Percent: 6.5", "Category: Simulation<br />Prop: 0.062998405<br />Count: 79<br />Percent: 6.3", "Category: Quantification<br />Prop: 0.061403509<br />Count: 77<br />Percent: 6.1", "Category: Variable Genes<br />Prop: 0.060606061<br />Count: 76<br />Percent: 6.1", "Category: Gene Filtering<br />Prop: 0.046251994<br />Count: 58<br />Percent: 4.6", "Category: Variants<br />Prop: 0.042264753<br />Count: 53<br />Percent: 4.2", "Category: Alignment<br />Prop: 0.035885167<br />Count: 45<br />Percent: 3.6", "Category: UMIs<br />Prop: 0.034290271<br />Count: 43<br />Percent: 3.4", "Category: Expression Patterns<br />Prop: 0.033492823<br />Count: 42<br />Percent: 3.3", "Category: Alternative Splicing<br />Prop: 0.027910686<br />Count: 35<br />Percent: 2.8", "Category: Cell Cycle<br />Prop: 0.022328549<br />Count: 28<br />Percent: 2.2", "Category: Immune<br />Prop: 0.021531100<br />Count: 27<br />Percent: 2.2", "Category: Perturbations<br />Prop: 0.017543860<br />Count: 22<br />Percent: 1.8", "Category: Rare Cells<br />Prop: 0.011961722<br />Count: 15<br />Percent: 1.2", "Category: Assembly<br />Prop: 0.007177033<br />Count: 9<br />Percent: 0.7", "Category: Transformation<br />Prop: 0.006379585<br />Count: 8<br />Percent: 0.6", "Category: Modality<br />Prop: 0.005582137<br />Count: 7<br />Percent: 0.6", "Category: Stem Cells<br />Prop: 0.005582137<br />Count: 7<br />Percent: 0.6", "Category: Allele Specific<br />Prop: 0.004784689<br />Count: 6<br />Percent: 0.5", "Category: Haplotypes<br />Prop: 0.001594896<br />Count: 2<br />Percent: 0.2"],
      "type": "bar",
      "textposition": "none",
      "marker": {
        "autocolorscale": false,
        "color": "rgba(122,82,199,1)",
        "line": {
          "width": 1.88976377952756,
          "color": "transparent"
        }
      },
      "showlegend": false,
      "xaxis": "x",
      "yaxis": "y",
      "hoverinfo": "text",
      "frame": null
    }
  ],
  "layout": {
    "margin": {
      "t": 0,
      "r": 10,
      "b": 0,
      "l": 55
    },
    "font": {
      "color": "rgba(0,0,0,1)",
      "family": "",
      "size": 18.5969281859693
    },
    "xaxis": {
      "domain": [0, 1],
      "automargin": true,
      "type": "linear",
      "autorange": false,
      "range": [0.4, 33.6],
      "tickmode": "array",
      "ticktext": ["Visualisation", "Clustering", "Dimensionality Reduction", "Integration", "Gene Networks", "Ordering", "Classification", "Differential Expression", "Quality Control", "Normalisation", "Marker Genes", "Interactive", "Gene Sets", "Imputation", "Simulation", "Quantification", "Variable Genes", "Gene Filtering", "Variants", "Alignment", "UMIs", "Expression Patterns", "Alternative Splicing", "Cell Cycle", "Immune", "Perturbations", "Rare Cells", "Assembly", "Transformation", "Modality", "Stem Cells", "Allele Specific", "Haplotypes"],
      "tickvals": [1, 2, 3, 4, 5, 6, 7, 8, 9, 10, 11, 12, 13, 14, 15, 16, 17, 18, 19, 20, 21, 22, 23, 24, 25, 26, 27, 28, 29, 30, 31, 32, 33],
      "categoryorder": "array",
      "categoryarray": ["Visualisation", "Clustering", "Dimensionality Reduction", "Integration", "Gene Networks", "Ordering", "Classification", "Differential Expression", "Quality Control", "Normalisation", "Marker Genes", "Interactive", "Gene Sets", "Imputation", "Simulation", "Quantification", "Variable Genes", "Gene Filtering", "Variants", "Alignment", "UMIs", "Expression Patterns", "Alternative Splicing", "Cell Cycle", "Immune", "Perturbations", "Rare Cells", "Assembly", "Transformation", "Modality", "Stem Cells", "Allele Specific", "Haplotypes"],
      "nticks": null,
      "ticks": "outside",
      "tickcolor": "rgba(0,0,0,1)",
      "ticklen": 4.64923204649232,
      "tickwidth": 0.66417600664176,
      "showticklabels": true,
      "tickfont": {
        "color": "rgba(0,0,0,1)",
        "family": "",
        "size": 7
      },
      "tickangle": -60,
      "showline": true,
      "linecolor": "rgba(0,0,0,1)",
      "linewidth": 0.66417600664176,
      "showgrid": false,
      "gridcolor": null,
      "gridwidth": 0,
      "zeroline": false,
      "anchor": "y",
      "title": {
        "text": "",
        "font": {
          "color": null,
          "family": null,
          "size": 9
        }
      },
      "hoverformat": ".2f",
      "fixedrange": true
    },
    "yaxis": {
      "domain": [0, 1],
      "automargin": true,
      "type": "linear",
      "autorange": false,
      "range": [-0.0205342902711324, 0.43122009569378],
      "tickmode": "array",
      "ticktext": ["0%", "10%", "20%", "30%", "40%"],
      "tickvals": [0, 0.1, 0.2, 0.3, 0.4],
      "categoryorder": "array",
      "categoryarray": ["0%", "10%", "20%", "30%", "40%"],
      "nticks": null,
      "ticks": "outside",
      "tickcolor": "rgba(0,0,0,1)",
      "ticklen": 4.64923204649232,
      "tickwidth": 0.66417600664176,
      "showticklabels": true,
      "tickfont": {
        "color": "rgba(0,0,0,1)",
        "family": "",
        "size": 7
      },
      "tickangle": -0,
      "showline": true,
      "linecolor": "rgba(0,0,0,1)",
      "linewidth": 0.66417600664176,
      "showgrid": false,
      "gridcolor": null,
      "gridwidth": 0,
      "zeroline": false,
      "anchor": "x",