{
  "data": [
    {
      "orientation": "v",
      "width": [0.95, 0.95, 0.95, 0.95, 0.949999999999999, 0.949999999999999, 0.949999999999999, 0.949999999999999, 0.949999999999999, 0.949999999999999, 0.949999999999999, 0.949999999999999, 0.949999999999999, 0.949999999999999, 0.949999999999999, 0.950000000000001, 0.950000000000003, 0.950000000000003, 0.950000000000003, 0.950000000000003, 0.950000000000003, 0.950000000000003, 0.950000000000003, 0.950000000000003, 0.950000000000003, 0.950000000000003, 0.950000000000003, 0.950000000000003, 0.950000000000003, 0.950000000000003, 0.950000000000003, 0.950000000000003, 0.950000000000003],
      "base": [0, 0, 0, 0, 0, 0, 0, 0, 0, 0, 0, 0, 0, 0, 0, 0, 0, 0, 0, 0, 0, 0, 0, 0, 0, 0, 0, 0, 0, 0, 0, 0, 0],
      "x": [1, 2, 3, 4, 5, 6, 7, 8, 9, 10, 11, 12, 13, 14, 15, 16, 17, 18, 19, 20, 21, 22, 23, 24, 25, 26, 27, 28, 29, 30, 31, 32, 33],
      "y": [0.42128121606949, 0.258414766558089, 0.254071661237785, 0.137893593919653, 0.129207383279045, 0.116178067318132, 0.111834961997828, 0.107491856677524, 0.107491856677524, 0.104234527687296, 0.0912052117263844, 0.0868621064060803, 0.0738327904451683, 0.0694896851248643, 0.0684039087947883, 0.0597176981541802, 0.0564603691639522, 0.0542888165038002, 0.0412595005428882, 0.0401737242128122, 0.0401737242128122, 0.0358306188925081, 0.0228013029315961, 0.0217155266015201, 0.0195439739413681, 0.0152008686210641, 0.011943539630836, 0.00760043431053203, 0.00651465798045603, 0.00651465798045603, 0.00542888165038002, 0.00434310532030402, 0.00217155266015201],
      "text": ["Category: Visualisation<br />Prop: 0.421281216<br />Count: 388<br />Percent: 42.1", "Category: Clustering<br />Prop: 0.258414767<br />Count: 238<br />Percent: 25.8", "Category: Dimensionality Reduction<br />Prop: 0.254071661<br />Count: 234<br />Percent: 25.4", "Category: Integration<br />Prop: 0.137893594<br />Count: 127<br />Percent: 13.8", "Category: Ordering<br />Prop: 0.129207383<br />Count: 119<br />Percent: 12.9", "Category: Differential Expression<br />Prop: 0.116178067<br />Count: 107<br />Percent: 11.6", "Category: Normalisation<br />Prop: 0.111834962<br />Count: 103<br />Percent: 11.2", "Category: Classification<br />Prop: 0.107491857<br />Count: 99<br />Percent: 10.7", "Category: Gene Networks<br />Prop: 0.107491857<br />Count: 99<br />Percent: 10.7", "Category: Quality Control<br />Prop: 0.104234528<br />Count: 96<br />Percent: 10.4", "Category: Interactive<br />Prop: 0.091205212<br />Count: 84<br />Percent: 9.1", "Category: Marker Genes<br />Prop: 0.086862106<br />Count: 80<br />Percent: 8.7", "Category: Imputation<br />Prop: 0.073832790<br />Count: 68<br />Percent: 7.4", "Category: Simulation<br />Prop: 0.069489685<br />Count: 64<br />Percent: 6.9", "Category: Gene Sets<br />Prop: 0.068403909<br />Count: 63<br />Percent: 6.8", "Category: Variable Genes<br />Prop: 0.059717698<br />Count: 55<br />Percent: 6", "Category: Quantification<br />Prop: 0.056460369<br />Count: 52<br />Percent: 5.6", "Category: Gene Filtering<br />Prop: 0.054288817<br />Count: 50<br />Percent: 5.4", "Category: UMIs<br />Prop: 0.041259501<br />Count: 38<br />Percent: 4.1", "Category: Expression Patterns<br />Prop: 0.040173724<br />Count: 37<br />Percent: 4", "Category: Variants<br />Prop: 0.040173724<br />Count: 37<br />Percent: 4", "Category: Alignment<br />Prop: 0.035830619<br />Count: 33<br />Percent: 3.6", "Category: Cell Cycle<br />Prop: 0.022801303<br />Count: 21<br />Percent: 2.3", "Category: Alternative Splicing<br />Prop: 0.021715527<br />Count: 20<br />Percent: 2.2", "Category: Immune<br />Prop: 0.019543974<br />Count: 18<br />Percent: 2", "Category: Perturbations<br />Prop: 0.015200869<br />Count: 14<br />Percent: 1.5", "Category: Rare Cells<br />Prop: 0.011943540<br />Count: 11<br />Percent: 1.2", "Category: Assembly<br />Prop: 0.007600434<br />Count: 7<br />Percent: 0.8", "Category: Allele Specific<br />Prop: 0.006514658<br />Count: 6<br />Percent: 0.7", "Category: Stem Cells<br />Prop: 0.006514658<br />Count: 6<br />Percent: 0.7", "Category: Modality<br />Prop: 0.005428882<br />Count: 5<br />Percent: 0.5", "Category: Transformation<br />Prop: 0.004343105<br />Count: 4<br />Percent: 0.4", "Category: Haplotypes<br />Prop: 0.002171553<br />Count: 2<br />Percent: 0.2"],
      "type": "bar",
      "marker": {
        "autocolorscale": false,
        "color": "rgba(122,82,199,1)",
        "line": {
          "width": 1.88976377952756,
          "color": "transparent"
        }
      },
      "showlegend": false,
      "xaxis": "x",
      "yaxis": "y",
      "hoverinfo": "text",
      "frame": null
    }
  ],
  "layout": {
    "margin": {
      "t": 0,
      "r": 10,
      "b": 0,
      "l": 55
    },
    "font": {
      "color": "rgba(0,0,0,1)",
      "family": "",
      "size": 18.5969281859693
    },
    "xaxis": {
      "domain": [0, 1],
      "automargin": true,
      "type": "linear",
      "autorange": false,
      "range": [0.4, 33.6],
      "tickmode": "array",
      "ticktext": ["Visualisation", "Clustering", "Dimensionality Reduction", "Integration", "Ordering", "Differential Expression", "Normalisation", "Classification", "Gene Networks", "Quality Control", "Interactive", "Marker Genes", "Imputation", "Simulation", "Gene Sets", "Variable Genes", "Quantification", "Gene Filtering", "UMIs", "Expression Patterns", "Variants", "Alignment", "Cell Cycle", "Alternative Splicing", "Immune", "Perturbations", "Rare Cells", "Assembly", "Allele Specific", "Stem Cells", "Modality", "Transformation", "Haplotypes"],
      "tickvals": [1, 2, 3, 4, 5, 6, 7, 8, 9, 10, 11, 12, 13, 14, 15, 16, 17, 18, 19, 20, 21, 22, 23, 24, 25, 26, 27, 28, 29, 30, 31, 32, 33],
      "categoryorder": "array",
      "categoryarray": ["Visualisation", "Clustering", "Dimensionality Reduction", "Integration", "Ordering", "Differential Expression", "Normalisation", "Classification", "Gene Networks", "Quality Control", "Interactive", "Marker Genes", "Imputation", "Simulation", "Gene Sets", "Variable Genes", "Quantification", "Gene Filtering", "UMIs", "Expression Patterns", "Variants", "Alignment", "Cell Cycle", "Alternative Splicing", "Immune", "Perturbations", "Rare Cells", "Assembly", "Allele Specific", "Stem Cells", "Modality", "Transformation", "Haplotypes"],
      "nticks": null,
      "ticks": "outside",
      "tickcolor": "rgba(0,0,0,1)",
      "ticklen": 4.64923204649232,
      "tickwidth": 0.66417600664176,
      "showticklabels": true,
      "tickfont": {
        "color": "rgba(0,0,0,1)",
        "family": "",
        "size": 7
      },
      "tickangle": -60,
      "showline": true,
      "linecolor": "rgba(0,0,0,1)",
      "linewidth": 0.66417600664176,
      "showgrid": false,
      "gridcolor": null,
      "gridwidth": 0,
      "zeroline": false,
      "anchor": "y",
      "title": {
        "text": "",
        "font": {
          "color": null,
          "family": null,
          "size": 9
        }
      },
      "hoverformat": ".2f",
      "fixedrange": true
    },
    "yaxis": {
      "domain": [0, 1],
      "automargin": true,
      "type": "linear",
      "autorange": false,
      "range": [-0.0210640608034745, 0.442345276872964],
      "tickmode": "array",
      "ticktext": ["0.0%", "10.0%", "20.0%", "30.0%", "40.0%"],
      "tickvals": [0, 0.1, 0.2, 0.3, 0.4],
      "categoryorder": "array",
      "categoryarray": ["0.0%", "10.0%", "20.0%", "30.0%", "40.0%"],
      "nticks": null,
      "ticks": "outside",
      "tickcolor": "rgba(0,0,0,1)",
      "ticklen": 4.64923204649232,
      "tickwidth": 0.66417600664176,
      "showticklabels": true,
      "tickfont": {
        "color": "rgba(0,0,0,1)",
        "family": "",
        "size": 7
      },
      "tickangle": -0,
      "showline": true,
      "linecolor": "rgba(0,0,0,1)",
      "linewidth": 0.66417600664176,
      "showgrid": false,
      "gridcolor": null,
      "gridwidth": 0,
      "zeroline": false,
      "anchor": "x",