{
  "data": [
    {
      "orientation": "v",
      "width": [0.95, 0.95, 0.95, 0.95, 0.949999999999999, 0.949999999999999, 0.949999999999999, 0.949999999999999, 0.949999999999999, 0.949999999999999, 0.949999999999999, 0.949999999999999, 0.949999999999999, 0.949999999999999, 0.949999999999999, 0.950000000000001, 0.950000000000003, 0.950000000000003, 0.950000000000003, 0.950000000000003, 0.950000000000003, 0.950000000000003, 0.950000000000003, 0.950000000000003, 0.950000000000003, 0.950000000000003, 0.950000000000003, 0.950000000000003, 0.950000000000003, 0.950000000000003, 0.950000000000003, 0.950000000000003, 0.950000000000003],
      "base": [0, 0, 0, 0, 0, 0, 0, 0, 0, 0, 0, 0, 0, 0, 0, 0, 0, 0, 0, 0, 0, 0, 0, 0, 0, 0, 0, 0, 0, 0, 0, 0, 0],
      "x": [1, 2, 3, 4, 5, 6, 7, 8, 9, 10, 11, 12, 13, 14, 15, 16, 17, 18, 19, 20, 21, 22, 23, 24, 25, 26, 27, 28, 29, 30, 31, 32, 33],
      "y": [0.409349336702464, 0.248262792166772, 0.226152874289324, 0.153506001263424, 0.126342387871131, 0.119393556538219, 0.113076437144662, 0.100442198357549, 0.0979153506001263, 0.0972836386607707, 0.0833859759949463, 0.0745420088439672, 0.067593177511055, 0.0631711939355654, 0.0631711939355654, 0.0619077700568541, 0.0612760581174984, 0.0461149715729627, 0.0397978521794062, 0.034744156664561, 0.0341124447252053, 0.0290587492103601, 0.0252684775742262, 0.0252684775742262, 0.0233733417561592, 0.0208464939987366, 0.0120025268477574, 0.00631711939355654, 0.00568540745420088, 0.00505369551484523, 0.00505369551484523, 0.00442198357548958, 0.00126342387871131],
      "text": ["Category: Visualisation<br />Count: 648<br />Percent: 40.9", "Category: Dimensionality Reduction<br />Count: 393<br />Percent: 24.8", "Category: Clustering<br />Count: 358<br />Percent: 22.6", "Category: Integration<br />Count: 243<br />Percent: 15.4", "Category: Gene Networks<br />Count: 200<br />Percent: 12.6", "Category: Classification<br />Count: 189<br />Percent: 11.9", "Category: Ordering<br />Count: 179<br />Percent: 11.3", "Category: Quality Control<br />Count: 159<br />Percent: 10", "Category: Normalisation<br />Count: 155<br />Percent: 9.8", "Category: Differential Expression<br />Count: 154<br />Percent: 9.7", "Category: Marker Genes<br />Count: 132<br />Percent: 8.3", "Category: Gene Sets<br />Count: 118<br />Percent: 7.5", "Category: Interactive<br />Count: 107<br />Percent: 6.8", "Category: Imputation<br />Count: 100<br />Percent: 6.3", "Category: Quantification<br />Count: 100<br />Percent: 6.3", "Category: Variable Genes<br />Count: 98<br />Percent: 6.2", "Category: Simulation<br />Count: 97<br />Percent: 6.1", "Category: Variants<br />Count: 73<br />Percent: 4.6", "Category: Gene Filtering<br />Count: 63<br />Percent: 4", "Category: UMIs<br />Count: 55<br />Percent: 3.5", "Category: Alignment<br />Count: 54<br />Percent: 3.4", "Category: Expression Patterns<br />Count: 46<br />Percent: 2.9", "Category: Alternative Splicing<br />Count: 40<br />Percent: 2.5", "Category: Immune<br />Count: 40<br />Percent: 2.5", "Category: Perturbations<br />Count: 37<br />Percent: 2.3", "Category: Cell Cycle<br />Count: 33<br />Percent: 2.1", "Category: Rare Cells<br />Count: 19<br />Percent: 1.2", "Category: Assembly<br />Count: 10<br />Percent: 0.6", "Category: Transformation<br />Count: 9<br />Percent: 0.6", "Category: Modality<br />Count: 8<br />Percent: 0.5", "Category: Stem Cells<br />Count: 8<br />Percent: 0.5", "Category: Allele Specific<br />Count: 7<br />Percent: 0.4", "Category: Haplotypes<br />Count: 2<br />Percent: 0.1"],
      "type": "bar",
      "textposition": "none",
      "marker": {
        "autocolorscale": false,
        "color": "rgba(122,82,199,1)",
        "line": {
          "width": 1.88976377952756,
          "color": "transparent"
        }
      },
      "showlegend": false,
      "xaxis": "x",
      "yaxis": "y",
      "hoverinfo": "text",
      "frame": null
    }
  ],
  "layout": {
    "margin": {
      "t": 50,
      "r": 30,
      "b": 50,
      "l": 70
    },
    "font": {
      "color": "rgba(0,0,0,1)",
      "family": "",
      "size": 18.5969281859693
    },
    "xaxis": {
      "domain": [0, 1],
      "automargin": true,
      "type": "linear",
      "autorange": false,
      "range": [0.4, 33.6],
      "tickmode": "array",
      "ticktext": ["Visualisation", "Dimensionality Reduction", "Clustering", "Integration", "Gene Networks", "Classification", "Ordering", "Quality Control", "Normalisation", "Differential Expression", "Marker Genes", "Gene Sets", "Interactive", "Imputation", "Quantification", "Variable Genes", "Simulation", "Variants", "Gene Filtering", "UMIs", "Alignment", "Expression Patterns", "Alternative Splicing", "Immune", "Perturbations", "Cell Cycle", "Rare Cells", "Assembly", "Transformation", "Modality", "Stem Cells", "Allele Specific", "Haplotypes"],
      "tickvals": [1, 2, 3, 4, 5, 6, 7, 8, 9, 10, 11, 12, 13, 14, 15, 16, 17, 18, 19, 20, 21, 22, 23, 24, 25, 26, 27, 28, 29, 30, 31, 32, 33],
      "categoryorder": "array",
      "categoryarray": ["Visualisation", "Dimensionality Reduction", "Clustering", "Integration", "Gene Networks", "Classification", "Ordering", "Quality Control", "Normalisation", "Differential Expression", "Marker Genes", "Gene Sets", "Interactive", "Imputation", "Quantification", "Variable Genes", "Simulation", "Variants", "Gene Filtering", "UMIs", "Alignment", "Expression Patterns", "Alternative Splicing", "Immune", "Perturbations", "Cell Cycle", "Rare Cells", "Assembly", "Transformation", "Modality", "Stem Cells", "Allele Specific", "Haplotypes"],
      "nticks": null,
      "ticks": "outside",
      "tickcolor": "rgba(0,0,0,1)",
      "ticklen": 4.64923204649232,
      "tickwidth": 0.66417600664176,
      "showticklabels": true,
      "tickfont": {
        "color": "rgba(0,0,0,1)",
        "family": "",
        "size": 15.9402241594022
      },
      "tickangle": -60,
      "showline": true,
      "linecolor": "rgba(0,0,0,1)",
      "linewidth": 0.66417600664176,
      "showgrid": false,
      "gridcolor": null,
      "gridwidth": 0,
      "zeroline": false,
      "anchor": "y",
      "title": {
        "text": "",
        "font": {
          "color": null,
          "family": null,
          "size": 0
        }
      },
      "hoverformat": ".2f"
    },
    "yaxis": {
      "domain": [0, 1],
      "automargin": true,
      "type": "linear",
      "autorange": false,
      "range": [-0.0204674668351232, 0.429816803537587],
      "tickmode": "array",
      "ticktext": ["0%", "10%", "20%", "30%", "40%"],
      "tickvals": [0, 0.1, 0.2, 0.3, 0.4],
      "categoryorder": "array",
      "categoryarray": ["0%", "10%", "20%", "30%", "40%"],
      "nticks": null,
      "ticks": "outside",
      "tickcolor": "rgba(0,0,0,1)",
      "ticklen": 4.64923204649232,
      "tickwidth": 0.66417600664176,
      "showticklabels": true,
      "tickfont": {
        "color": "rgba(0,0,0,1)",
        "family": "",
        "size": 15.9402241594022
      },
      "tickangle": -0,
      "showline": true,
      "linecolor": "rgba(0,0,0,1)",
      "linewidth": 0.66417600664176,
      "showgrid": false,
      "gridcolor": null,
      "gridwidth": 0,
      "zeroline": false,
      "anchor": "x",
      "title": {
        "text": "Percentage of tools",
        "font": {
          "color": "rgba(0,0,0,1)",
          "family": "",
          "size": 18.5969281859693
        }
      },
      "hoverformat": ".2f"
    },
    "shapes": [
      {
        "type": "rect",
        "fillcolor": null,
        "line": {
          "color": null,
          "width": 0,
          "linetype": []
        },
        "yref": "paper",
        "xref": "paper",
        "x0": 0,
        "x1": 1,
        "y0": 0,
        "y1": 1
      }
    ],
    "showlegend": false,
    "legend": {
      "bgcolor": null,
      "bordercolor": null,
      "borderwidth": 0,
      "font": {
        "color": "rgba(0,0,0,1)",
        "family": "",
        "size": 15.9402241594022
      }
    },