{
  "data": [
    {
      "orientation": "v",
      "width": [0.95, 0.95, 0.95, 0.95, 0.949999999999999, 0.949999999999999, 0.949999999999999, 0.949999999999999, 0.949999999999999, 0.949999999999999, 0.949999999999999, 0.949999999999999, 0.949999999999999, 0.949999999999999, 0.949999999999999, 0.950000000000001, 0.950000000000003, 0.950000000000003, 0.950000000000003, 0.950000000000003, 0.950000000000003, 0.950000000000003, 0.950000000000003, 0.950000000000003, 0.950000000000003, 0.950000000000003, 0.950000000000003, 0.950000000000003, 0.950000000000003, 0.950000000000003, 0.950000000000003, 0.950000000000003, 0.950000000000003],
      "base": [0, 0, 0, 0, 0, 0, 0, 0, 0, 0, 0, 0, 0, 0, 0, 0, 0, 0, 0, 0, 0, 0, 0, 0, 0, 0, 0, 0, 0, 0, 0, 0, 0],
      "x": [1, 2, 3, 4, 5, 6, 7, 8, 9, 10, 11, 12, 13, 14, 15, 16, 17, 18, 19, 20, 21, 22, 23, 24, 25, 26, 27, 28, 29, 30, 31, 32, 33],
      "y": [0.412043301759134, 0.241542625169147, 0.236129905277402, 0.149526387009472, 0.12787550744249, 0.115020297699594, 0.112990527740189, 0.10148849797023, 0.0987821380243572, 0.098105548037889, 0.0832205683355886, 0.0730717185385656, 0.06765899864682, 0.0649526387009472, 0.0622462787550744, 0.0595399188092016, 0.0588633288227334, 0.0460081190798376, 0.0419485791610284, 0.0358592692828146, 0.0358592692828146, 0.0311231393775372, 0.027063599458728, 0.0257104194857916, 0.0209742895805142, 0.020297699594046, 0.0128552097428958, 0.006765899864682, 0.0060893098782138, 0.0054127198917456, 0.0047361299052774, 0.0047361299052774, 0.0013531799729364],
      "text": ["Category: Visualisation<br />Count: 609<br />Percent: 41.2", "Category: Dimensionality Reduction<br />Count: 357<br />Percent: 24.2", "Category: Clustering<br />Count: 349<br />Percent: 23.6", "Category: Integration<br />Count: 221<br />Percent: 15", "Category: Gene Networks<br />Count: 189<br />Percent: 12.8", "Category: Ordering<br />Count: 170<br />Percent: 11.5", "Category: Classification<br />Count: 167<br />Percent: 11.3", "Category: Quality Control<br />Count: 150<br />Percent: 10.1", "Category: Differential Expression<br />Count: 146<br />Percent: 9.9", "Category: Normalisation<br />Count: 145<br />Percent: 9.8", "Category: Marker Genes<br />Count: 123<br />Percent: 8.3", "Category: Gene Sets<br />Count: 108<br />Percent: 7.3", "Category: Interactive<br />Count: 100<br />Percent: 6.8", "Category: Imputation<br />Count: 96<br />Percent: 6.5", "Category: Quantification<br />Count: 92<br />Percent: 6.2", "Category: Simulation<br />Count: 88<br />Percent: 6", "Category: Variable Genes<br />Count: 87<br />Percent: 5.9", "Category: Variants<br />Count: 68<br />Percent: 4.6", "Category: Gene Filtering<br />Count: 62<br />Percent: 4.2", "Category: Alignment<br />Count: 53<br />Percent: 3.6", "Category: UMIs<br />Count: 53<br />Percent: 3.6", "Category: Expression Patterns<br />Count: 46<br />Percent: 3.1", "Category: Alternative Splicing<br />Count: 40<br />Percent: 2.7", "Category: Immune<br />Count: 38<br />Percent: 2.6", "Category: Perturbations<br />Count: 31<br />Percent: 2.1", "Category: Cell Cycle<br />Count: 30<br />Percent: 2", "Category: Rare Cells<br />Count: 19<br />Percent: 1.3", "Category: Assembly<br />Count: 10<br />Percent: 0.7", "Category: Transformation<br />Count: 9<br />Percent: 0.6", "Category: Stem Cells<br />Count: 8<br />Percent: 0.5", "Category: Allele Specific<br />Count: 7<br />Percent: 0.5", "Category: Modality<br />Count: 7<br />Percent: 0.5", "Category: Haplotypes<br />Count: 2<br />Percent: 0.1"],
      "type": "bar",
      "textposition": "none",
      "marker": {
        "autocolorscale": false,
        "color": "rgba(122,82,199,1)",
        "line": {
          "width": 1.88976377952756,
          "color": "transparent"
        }
      },
      "showlegend": false,
      "xaxis": "x",
      "yaxis": "y",
      "hoverinfo": "text",
      "frame": null
    }
  ],
  "layout": {
    "margin": {
      "t": 50,
      "r": 30,
      "b": 50,
      "l": 70
    },
    "font": {
      "color": "rgba(0,0,0,1)",
      "family": "",
      "size": 18.5969281859693
    },
    "xaxis": {
      "domain": [0, 1],
      "automargin": true,
      "type": "linear",
      "autorange": false,
      "range": [0.4, 33.6],
      "tickmode": "array",
      "ticktext": ["Visualisation", "Dimensionality Reduction", "Clustering", "Integration", "Gene Networks", "Ordering", "Classification", "Quality Control", "Differential Expression", "Normalisation", "Marker Genes", "Gene Sets", "Interactive", "Imputation", "Quantification", "Simulation", "Variable Genes", "Variants", "Gene Filtering", "Alignment", "UMIs", "Expression Patterns", "Alternative Splicing", "Immune", "Perturbations", "Cell Cycle", "Rare Cells", "Assembly", "Transformation", "Stem Cells", "Allele Specific", "Modality", "Haplotypes"],
      "tickvals": [1, 2, 3, 4, 5, 6, 7, 8, 9, 10, 11, 12, 13, 14, 15, 16, 17, 18, 19, 20, 21, 22, 23, 24, 25, 26, 27, 28, 29, 30, 31, 32, 33],
      "categoryorder": "array",
      "categoryarray": ["Visualisation", "Dimensionality Reduction", "Clustering", "Integration", "Gene Networks", "Ordering", "Classification", "Quality Control", "Differential Expression", "Normalisation", "Marker Genes", "Gene Sets", "Interactive", "Imputation", "Quantification", "Simulation", "Variable Genes", "Variants", "Gene Filtering", "Alignment", "UMIs", "Expression Patterns", "Alternative Splicing", "Immune", "Perturbations", "Cell Cycle", "Rare Cells", "Assembly", "Transformation", "Stem Cells", "Allele Specific", "Modality", "Haplotypes"],
      "nticks": null,
      "ticks": "outside",
      "tickcolor": "rgba(0,0,0,1)",
      "ticklen": 4.64923204649232,
      "tickwidth": 0.66417600664176,
      "showticklabels": true,
      "tickfont": {
        "color": "rgba(0,0,0,1)",
        "family": "",
        "size": 15.9402241594022
      },
      "tickangle": -60,
      "showline": true,
      "linecolor": "rgba(0,0,0,1)",
      "linewidth": 0.66417600664176,
      "showgrid": false,
      "gridcolor": null,
      "gridwidth": 0,
      "zeroline": false,
      "anchor": "y",
      "title": {
        "text": "",
        "font": {
          "color": null,
          "family": null,
          "size": 0
        }
      },
      "hoverformat": ".2f"
    },
    "yaxis": {
      "domain": [0, 1],
      "automargin": true,
      "type": "linear",
      "autorange": false,
      "range": [-0.0206021650879567, 0.432645466847091],
      "tickmode": "array",
      "ticktext": ["0%", "10%", "20%", "30%", "40%"],
      "tickvals": [0, 0.1, 0.2, 0.3, 0.4],
      "categoryorder": "array",
      "categoryarray": ["0%", "10%", "20%", "30%", "40%"],
      "nticks": null,
      "ticks": "outside",
      "tickcolor": "rgba(0,0,0,1)",
      "ticklen": 4.64923204649232,
      "tickwidth": 0.66417600664176,
      "showticklabels": true,
      "tickfont": {
        "color": "rgba(0,0,0,1)",
        "family": "",
        "size": 15.9402241594022
      },
      "tickangle": -0,
      "showline": true,
      "linecolor": "rgba(0,0,0,1)",
      "linewidth": 0.66417600664176,
      "showgrid": false,
      "gridcolor": null,
      "gridwidth": 0,
      "zeroline": false,
      "anchor": "x",
      "title": {
        "text": "Percentage of tools",
        "font": {
          "color": "rgba(0,0,0,1)",
          "family": "",
          "size": 18.5969281859693
        }
      },
      "hoverformat": ".2f"
    },
    "shapes": [
      {
        "type": "rect",
        "fillcolor": null,
        "line": {
          "color": null,
          "width": 0,
          "linetype": []
        },
        "yref": "paper",
        "xref": "paper",
        "x0": 0,
        "x1": 1,
        "y0": 0,
        "y1": 1
      }
    ],
    "showlegend": false,
    "legend": {
      "bgcolor": null,
      "bordercolor": null,
      "borderwidth": 0,
      "font": {
        "color": "rgba(0,0,0,1)",
        "family": "",
        "size": 15.9402241594022
      }
    },
    "hovermode": "closest",