{
  "data": [
    {
      "orientation": "v",
      "width": [0.95, 0.95, 0.95, 0.95, 0.949999999999999, 0.949999999999999, 0.949999999999999, 0.949999999999999, 0.949999999999999, 0.949999999999999, 0.949999999999999, 0.949999999999999, 0.949999999999999, 0.949999999999999, 0.949999999999999, 0.950000000000001, 0.950000000000003, 0.950000000000003, 0.950000000000003, 0.950000000000003, 0.950000000000003, 0.950000000000003, 0.950000000000003, 0.950000000000003, 0.950000000000003, 0.950000000000003, 0.950000000000003, 0.950000000000003, 0.950000000000003, 0.950000000000003, 0.950000000000003, 0.950000000000003, 0.950000000000003],
      "base": [0, 0, 0, 0, 0, 0, 0, 0, 0, 0, 0, 0, 0, 0, 0, 0, 0, 0, 0, 0, 0, 0, 0, 0, 0, 0, 0, 0, 0, 0, 0, 0, 0],
      "x": [1, 2, 3, 4, 5, 6, 7, 8, 9, 10, 11, 12, 13, 14, 15, 16, 17, 18, 19, 20, 21, 22, 23, 24, 25, 26, 27, 28, 29, 30, 31, 32, 33],
      "y": [0.412379421221865, 0.245980707395498, 0.242765273311897, 0.141479099678457, 0.118167202572347, 0.115755627009646, 0.114951768488746, 0.106109324758842, 0.102893890675241, 0.10048231511254, 0.0860128617363344, 0.0755627009646302, 0.069935691318328, 0.0643086816720257, 0.0635048231511254, 0.0610932475884244, 0.0602893890675241, 0.0458199356913183, 0.042604501607717, 0.0361736334405145, 0.0345659163987138, 0.0337620578778135, 0.0273311897106109, 0.022508038585209, 0.0217041800643087, 0.0176848874598071, 0.0120578778135048, 0.00723472668810289, 0.00643086816720257, 0.00562700964630225, 0.00562700964630225, 0.00482315112540193, 0.00160771704180064],
      "text": ["Category: Visualisation<br />Count: 513<br />Percent: 41.2", "Category: Clustering<br />Count: 306<br />Percent: 24.6", "Category: Dimensionality Reduction<br />Count: 302<br />Percent: 24.3", "Category: Integration<br />Count: 176<br />Percent: 14.1", "Category: Gene Networks<br />Count: 147<br />Percent: 11.8", "Category: Ordering<br />Count: 144<br />Percent: 11.6", "Category: Classification<br />Count: 143<br />Percent: 11.5", "Category: Differential Expression<br />Count: 132<br />Percent: 10.6", "Category: Quality Control<br />Count: 128<br />Percent: 10.3", "Category: Normalisation<br />Count: 125<br />Percent: 10", "Category: Marker Genes<br />Count: 107<br />Percent: 8.6", "Category: Interactive<br />Count: 94<br />Percent: 7.6", "Category: Gene Sets<br />Count: 87<br />Percent: 7", "Category: Imputation<br />Count: 80<br />Percent: 6.4", "Category: Simulation<br />Count: 79<br />Percent: 6.4", "Category: Quantification<br />Count: 76<br />Percent: 6.1", "Category: Variable Genes<br />Count: 75<br />Percent: 6", "Category: Gene Filtering<br />Count: 57<br />Percent: 4.6", "Category: Variants<br />Count: 53<br />Percent: 4.3", "Category: Alignment<br />Count: 45<br />Percent: 3.6", "Category: UMIs<br />Count: 43<br />Percent: 3.5", "Category: Expression Patterns<br />Count: 42<br />Percent: 3.4", "Category: Alternative Splicing<br />Count: 34<br />Percent: 2.7", "Category: Cell Cycle<br />Count: 28<br />Percent: 2.3", "Category: Immune<br />Count: 27<br />Percent: 2.2", "Category: Perturbations<br />Count: 22<br />Percent: 1.8", "Category: Rare Cells<br />Count: 15<br />Percent: 1.2", "Category: Assembly<br />Count: 9<br />Percent: 0.7", "Category: Transformation<br />Count: 8<br />Percent: 0.6", "Category: Modality<br />Count: 7<br />Percent: 0.6", "Category: Stem Cells<br />Count: 7<br />Percent: 0.6", "Category: Allele Specific<br />Count: 6<br />Percent: 0.5", "Category: Haplotypes<br />Count: 2<br />Percent: 0.2"],
      "type": "bar",
      "textposition": "none",
      "marker": {
        "autocolorscale": false,
        "color": "rgba(122,82,199,1)",
        "line": {
          "width": 1.88976377952756,
          "color": "transparent"
        }
      },
      "showlegend": false,
      "xaxis": "x",
      "yaxis": "y",
      "hoverinfo": "text",
      "frame": null
    }
  ],
  "layout": {
    "margin": {
      "t": 50,
      "r": 30,
      "b": 50,
      "l": 70
    },
    "font": {
      "color": "rgba(0,0,0,1)",
      "family": "",
      "size": 18.5969281859693
    },
    "xaxis": {
      "domain": [0, 1],
      "automargin": true,
      "type": "linear",
      "autorange": false,
      "range": [0.4, 33.6],
      "tickmode": "array",
      "ticktext": ["Visualisation", "Clustering", "Dimensionality Reduction", "Integration", "Gene Networks", "Ordering", "Classification", "Differential Expression", "Quality Control", "Normalisation", "Marker Genes", "Interactive", "Gene Sets", "Imputation", "Simulation", "Quantification", "Variable Genes", "Gene Filtering", "Variants", "Alignment", "UMIs", "Expression Patterns", "Alternative Splicing", "Cell Cycle", "Immune", "Perturbations", "Rare Cells", "Assembly", "Transformation", "Modality", "Stem Cells", "Allele Specific", "Haplotypes"],
      "tickvals": [1, 2, 3, 4, 5, 6, 7, 8, 9, 10, 11, 12, 13, 14, 15, 16, 17, 18, 19, 20, 21, 22, 23, 24, 25, 26, 27, 28, 29, 30, 31, 32, 33],
      "categoryorder": "array",
      "categoryarray": ["Visualisation", "Clustering", "Dimensionality Reduction", "Integration", "Gene Networks", "Ordering", "Classification", "Differential Expression", "Quality Control", "Normalisation", "Marker Genes", "Interactive", "Gene Sets", "Imputation", "Simulation", "Quantification", "Variable Genes", "Gene Filtering", "Variants", "Alignment", "UMIs", "Expression Patterns", "Alternative Splicing", "Cell Cycle", "Immune", "Perturbations", "Rare Cells", "Assembly", "Transformation", "Modality", "Stem Cells", "Allele Specific", "Haplotypes"],
      "nticks": null,
      "ticks": "outside",
      "tickcolor": "rgba(0,0,0,1)",
      "ticklen": 4.64923204649232,
      "tickwidth": 0.66417600664176,
      "showticklabels": true,
      "tickfont": {
        "color": "rgba(0,0,0,1)",
        "family": "",
        "size": 15.9402241594022
      },
      "tickangle": -60,
      "showline": true,
      "linecolor": "rgba(0,0,0,1)",
      "linewidth": 0.66417600664176,
      "showgrid": false,
      "gridcolor": null,
      "gridwidth": 0,
      "zeroline": false,
      "anchor": "y",
      "title": {
        "text": "",
        "font": {
          "color": null,
          "family": null,
          "size": 0
        }
      },
      "hoverformat": ".2f"
    },
    "yaxis": {
      "domain": [0, 1],
      "automargin": true,
      "type": "linear",
      "autorange": false,
      "range": [-0.0206189710610932, 0.432998392282958],
      "tickmode": "array",
      "ticktext": ["0%", "10%", "20%", "30%", "40%"],
      "tickvals": [0, 0.1, 0.2, 0.3, 0.4],
      "categoryorder": "array",
      "categoryarray": ["0%", "10%", "20%", "30%", "40%"],
      "nticks": null,
      "ticks": "outside",
      "tickcolor": "rgba(0,0,0,1)",
      "ticklen": 4.64923204649232,
      "tickwidth": 0.66417600664176,
      "showticklabels": true,
      "tickfont": {
        "color": "rgba(0,0,0,1)",
        "family": "",
        "size": 15.9402241594022
      },
      "tickangle": -0,
      "showline": true,
      "linecolor": "rgba(0,0,0,1)",
      "linewidth": 0.66417600664176,
      "showgrid": false,
      "gridcolor": null,
      "gridwidth": 0,
      "zeroline": false,
      "anchor": "x",
      "title": {
        "text": "Percentage of tools",
        "font": {
          "color": "rgba(0,0,0,1)",
          "family": "",
          "size": 18.5969281859693
        }
      },
      "hoverformat": ".2f"
    },
    "shapes": [
      {
        "type": "rect",
        "fillcolor": null,
        "line": {
          "color": null,
          "width": 0,
          "linetype": []
        },
        "yref": "paper",
        "xref": "paper",
        "x0": 0,
        "x1": 1,
        "y0": 0,
        "y1": 1
      }
    ],
    "showlegend": false,
    "legend": {
      "bgcolor": null,
      "bordercolor": null,
      "borderwidth": 0,
      "font": {
        "color": "rgba(0,0,0,1)",
        "family": "",
        "size": 15.9402241594022
      }
    },