{
  "data": [
    {
      "orientation": "v",
      "width": [0.95, 0.95, 0.95, 0.95, 0.949999999999999, 0.949999999999999, 0.949999999999999, 0.949999999999999, 0.949999999999999, 0.949999999999999, 0.949999999999999, 0.949999999999999, 0.949999999999999, 0.949999999999999, 0.949999999999999, 0.950000000000001, 0.950000000000003, 0.950000000000003, 0.950000000000003, 0.950000000000003, 0.950000000000003, 0.950000000000003, 0.950000000000003, 0.950000000000003, 0.950000000000003, 0.950000000000003, 0.950000000000003, 0.950000000000003, 0.950000000000003, 0.950000000000003, 0.950000000000003, 0.950000000000003, 0.950000000000003],
      "base": [0, 0, 0, 0, 0, 0, 0, 0, 0, 0, 0, 0, 0, 0, 0, 0, 0, 0, 0, 0, 0, 0, 0, 0, 0, 0, 0, 0, 0, 0, 0, 0, 0],
      "x": [1, 2, 3, 4, 5, 6, 7, 8, 9, 10, 11, 12, 13, 14, 15, 16, 17, 18, 19, 20, 21, 22, 23, 24, 25, 26, 27, 28, 29, 30, 31, 32, 33],
      "y": [0.427437641723356, 0.251700680272109, 0.250566893424036, 0.133786848072562, 0.126984126984127, 0.114512471655329, 0.112244897959184, 0.109977324263039, 0.108843537414966, 0.102040816326531, 0.0929705215419501, 0.090702947845805, 0.0782312925170068, 0.0702947845804989, 0.0702947845804989, 0.0634920634920635, 0.0555555555555556, 0.0532879818594104, 0.0430839002267574, 0.0408163265306122, 0.0408163265306122, 0.0340136054421769, 0.0204081632653061, 0.0204081632653061, 0.0192743764172336, 0.0124716553287982, 0.0113378684807256, 0.00793650793650794, 0.00680272108843537, 0.00680272108843537, 0.00566893424036281, 0.00453514739229025, 0.00226757369614512],
      "text": ["Category: Visualisation<br />Prop: 0.427437642<br />Count: 377<br />Percent: 42.7", "Category: Clustering<br />Prop: 0.251700680<br />Count: 222<br />Percent: 25.2", "Category: Dimensionality Reduction<br />Prop: 0.250566893<br />Count: 221<br />Percent: 25.1", "Category: Integration<br />Prop: 0.133786848<br />Count: 118<br />Percent: 13.4", "Category: Ordering<br />Prop: 0.126984127<br />Count: 112<br />Percent: 12.7", "Category: Normalisation<br />Prop: 0.114512472<br />Count: 101<br />Percent: 11.5", "Category: Differential Expression<br />Prop: 0.112244898<br />Count: 99<br />Percent: 11.2", "Category: Classification<br />Prop: 0.109977324<br />Count: 97<br />Percent: 11", "Category: Gene Networks<br />Prop: 0.108843537<br />Count: 96<br />Percent: 10.9", "Category: Quality Control<br />Prop: 0.102040816<br />Count: 90<br />Percent: 10.2", "Category: Interactive<br />Prop: 0.092970522<br />Count: 82<br />Percent: 9.3", "Category: Marker Genes<br />Prop: 0.090702948<br />Count: 80<br />Percent: 9.1", "Category: Imputation<br />Prop: 0.078231293<br />Count: 69<br />Percent: 7.8", "Category: Gene Sets<br />Prop: 0.070294785<br />Count: 62<br />Percent: 7", "Category: Simulation<br />Prop: 0.070294785<br />Count: 62<br />Percent: 7", "Category: Variable Genes<br />Prop: 0.063492063<br />Count: 56<br />Percent: 6.3", "Category: Gene Filtering<br />Prop: 0.055555556<br />Count: 49<br />Percent: 5.6", "Category: Quantification<br />Prop: 0.053287982<br />Count: 47<br />Percent: 5.3", "Category: UMIs<br />Prop: 0.043083900<br />Count: 38<br />Percent: 4.3", "Category: Expression Patterns<br />Prop: 0.040816327<br />Count: 36<br />Percent: 4.1", "Category: Variants<br />Prop: 0.040816327<br />Count: 36<br />Percent: 4.1", "Category: Alignment<br />Prop: 0.034013605<br />Count: 30<br />Percent: 3.4", "Category: Cell Cycle<br />Prop: 0.020408163<br />Count: 18<br />Percent: 2", "Category: Immune<br />Prop: 0.020408163<br />Count: 18<br />Percent: 2", "Category: Alternative Splicing<br />Prop: 0.019274376<br />Count: 17<br />Percent: 1.9", "Category: Perturbations<br />Prop: 0.012471655<br />Count: 11<br />Percent: 1.2", "Category: Rare Cells<br />Prop: 0.011337868<br />Count: 10<br />Percent: 1.1", "Category: Assembly<br />Prop: 0.007936508<br />Count: 7<br />Percent: 0.8", "Category: Allele Specific<br />Prop: 0.006802721<br />Count: 6<br />Percent: 0.7", "Category: Stem Cells<br />Prop: 0.006802721<br />Count: 6<br />Percent: 0.7", "Category: Modality<br />Prop: 0.005668934<br />Count: 5<br />Percent: 0.6", "Category: Transformation<br />Prop: 0.004535147<br />Count: 4<br />Percent: 0.5", "Category: Haplotypes<br />Prop: 0.002267574<br />Count: 2<br />Percent: 0.2"],
      "type": "bar",
      "marker": {
        "autocolorscale": false,
        "color": "rgba(122,82,199,1)",
        "line": {
          "width": 1.88976377952756,
          "color": "transparent"
        }
      },
      "showlegend": false,
      "xaxis": "x",
      "yaxis": "y",
      "hoverinfo": "text",
      "frame": null
    }
  ],
  "layout": {
    "margin": {
      "t": 0,
      "r": 10,
      "b": 0,
      "l": 55
    },
    "font": {
      "color": "rgba(0,0,0,1)",
      "family": "",
      "size": 18.5969281859693
    },
    "xaxis": {
      "domain": [0, 1],
      "automargin": true,
      "type": "linear",
      "autorange": false,
      "range": [0.4, 33.6],
      "tickmode": "array",
      "ticktext": ["Visualisation", "Clustering", "Dimensionality Reduction", "Integration", "Ordering", "Normalisation", "Differential Expression", "Classification", "Gene Networks", "Quality Control", "Interactive", "Marker Genes", "Imputation", "Gene Sets", "Simulation", "Variable Genes", "Gene Filtering", "Quantification", "UMIs", "Expression Patterns", "Variants", "Alignment", "Cell Cycle", "Immune", "Alternative Splicing", "Perturbations", "Rare Cells", "Assembly", "Allele Specific", "Stem Cells", "Modality", "Transformation", "Haplotypes"],
      "tickvals": [1, 2, 3, 4, 5, 6, 7, 8, 9, 10, 11, 12, 13, 14, 15, 16, 17, 18, 19, 20, 21, 22, 23, 24, 25, 26, 27, 28, 29, 30, 31, 32, 33],
      "categoryorder": "array",
      "categoryarray": ["Visualisation", "Clustering", "Dimensionality Reduction", "Integration", "Ordering", "Normalisation", "Differential Expression", "Classification", "Gene Networks", "Quality Control", "Interactive", "Marker Genes", "Imputation", "Gene Sets", "Simulation", "Variable Genes", "Gene Filtering", "Quantification", "UMIs", "Expression Patterns", "Variants", "Alignment", "Cell Cycle", "Immune", "Alternative Splicing", "Perturbations", "Rare Cells", "Assembly", "Allele Specific", "Stem Cells", "Modality", "Transformation", "Haplotypes"],
      "nticks": null,
      "ticks": "outside",
      "tickcolor": "rgba(0,0,0,1)",
      "ticklen": 4.64923204649232,
      "tickwidth": 0.66417600664176,
      "showticklabels": true,
      "tickfont": {
        "color": "rgba(0,0,0,1)",
        "family": "",
        "size": 7
      },
      "tickangle": -60,
      "showline": true,
      "linecolor": "rgba(0,0,0,1)",
      "linewidth": 0.66417600664176,
      "showgrid": false,
      "gridcolor": null,
      "gridwidth": 0,
      "zeroline": false,
      "anchor": "y",
      "title": {
        "text": "",
        "font": {
          "color": null,
          "family": null,
          "size": 9
        }
      },
      "hoverformat": ".2f",
      "fixedrange": true
    },
    "yaxis": {
      "domain": [0, 1],
      "automargin": true,
      "type": "linear",
      "autorange": false,
      "range": [-0.0213718820861678, 0.448809523809524],
      "tickmode": "array",
      "ticktext": ["0.0%", "10.0%", "20.0%", "30.0%", "40.0%"],
      "tickvals": [0, 0.1, 0.2, 0.3, 0.4],
      "categoryorder": "array",
      "categoryarray": ["0.0%", "10.0%", "20.0%", "30.0%", "40.0%"],
      "nticks": null,
      "ticks": "outside",
      "tickcolor": "rgba(0,0,0,1)",
      "ticklen": 4.64923204649232,
      "tickwidth": 0.66417600664176,
      "showticklabels": true,
      "tickfont": {
        "color": "rgba(0,0,0,1)",
        "family": "",
        "size": 7
      },
      "tickangle": -0,
      "showline": true,
      "linecolor": "rgba(0,0,0,1)",
      "linewidth": 0.66417600664176,
      "showgrid": false,
      "gridcolor": null,
      "gridwidth": 0,
      "zeroline": false,
      "anchor": "x",