{
  "data": [
    {
      "orientation": "v",
      "width": [0.95, 0.95, 0.95, 0.95, 0.949999999999999, 0.949999999999999, 0.949999999999999, 0.949999999999999, 0.949999999999999, 0.949999999999999, 0.949999999999999, 0.949999999999999, 0.949999999999999, 0.949999999999999, 0.949999999999999, 0.950000000000001, 0.950000000000003, 0.950000000000003, 0.950000000000003, 0.950000000000003, 0.950000000000003, 0.950000000000003, 0.950000000000003, 0.950000000000003, 0.950000000000003, 0.950000000000003, 0.950000000000003, 0.950000000000003, 0.950000000000003, 0.950000000000003, 0.950000000000003, 0.950000000000003],
      "base": [0, 0, 0, 0, 0, 0, 0, 0, 0, 0, 0, 0, 0, 0, 0, 0, 0, 0, 0, 0, 0, 0, 0, 0, 0, 0, 0, 0, 0, 0, 0, 0],
      "x": [1, 2, 3, 4, 5, 6, 7, 8, 9, 10, 11, 12, 13, 14, 15, 16, 17, 18, 19, 20, 21, 22, 23, 24, 25, 26, 27, 28, 29, 30, 31, 32],
      "y": [0.450079239302694, 0.266244057052298, 0.251980982567353, 0.144215530903328, 0.141045958795563, 0.120443740095087, 0.117274167987322, 0.112519809825674, 0.112519809825674, 0.109350237717908, 0.10459587955626, 0.0950871632329636, 0.0871632329635499, 0.0792393026941363, 0.0729001584786054, 0.0697305863708399, 0.063391442155309, 0.0602218700475436, 0.05229793977813, 0.0491283676703645, 0.0396196513470681, 0.0364500792393027, 0.0253565768621236, 0.0206022187004754, 0.0190174326465927, 0.0142630744849445, 0.00950871632329636, 0.00950871632329636, 0.00792393026941363, 0.0063391442155309, 0.0063391442155309, 0.00316957210776545],
      "text": ["Category: Visualisation<br />Prop: 0.450079239<br />Count: 284<br />Percent: 45", "Category: Clustering<br />Prop: 0.266244057<br />Count: 168<br />Percent: 26.6", "Category: Dimensionality Reduction<br />Prop: 0.251980983<br />Count: 159<br />Percent: 25.2", "Category: Ordering<br />Prop: 0.144215531<br />Count: 91<br />Percent: 14.4", "Category: Normalisation<br />Prop: 0.141045959<br />Count: 89<br />Percent: 14.1", "Category: Integration<br />Prop: 0.120443740<br />Count: 76<br />Percent: 12", "Category: Differential Expression<br />Prop: 0.117274168<br />Count: 74<br />Percent: 11.7", "Category: Interactive<br />Prop: 0.112519810<br />Count: 71<br />Percent: 11.3", "Category: Quality Control<br />Prop: 0.112519810<br />Count: 71<br />Percent: 11.3", "Category: Gene Networks<br />Prop: 0.109350238<br />Count: 69<br />Percent: 10.9", "Category: Marker Genes<br />Prop: 0.104595880<br />Count: 66<br />Percent: 10.5", "Category: Classification<br />Prop: 0.095087163<br />Count: 60<br />Percent: 9.5", "Category: Imputation<br />Prop: 0.087163233<br />Count: 55<br />Percent: 8.7", "Category: Simulation<br />Prop: 0.079239303<br />Count: 50<br />Percent: 7.9", "Category: Gene Sets<br />Prop: 0.072900158<br />Count: 46<br />Percent: 7.3", "Category: Variable Genes<br />Prop: 0.069730586<br />Count: 44<br />Percent: 7", "Category: Gene Filtering<br />Prop: 0.063391442<br />Count: 40<br />Percent: 6.3", "Category: Quantification<br />Prop: 0.060221870<br />Count: 38<br />Percent: 6", "Category: UMIs<br />Prop: 0.052297940<br />Count: 33<br />Percent: 5.2", "Category: Expression Patterns<br />Prop: 0.049128368<br />Count: 31<br />Percent: 4.9", "Category: Variants<br />Prop: 0.039619651<br />Count: 25<br />Percent: 4", "Category: Alignment<br />Prop: 0.036450079<br />Count: 23<br />Percent: 3.6", "Category: Cell Cycle<br />Prop: 0.025356577<br />Count: 16<br />Percent: 2.5", "Category: Immune<br />Prop: 0.020602219<br />Count: 13<br />Percent: 2.1", "Category: Alternative Splicing<br />Prop: 0.019017433<br />Count: 12<br />Percent: 1.9", "Category: Rare Cells<br />Prop: 0.014263074<br />Count: 9<br />Percent: 1.4", "Category: Allele Specific<br />Prop: 0.009508716<br />Count: 6<br />Percent: 1", "Category: Assembly<br />Prop: 0.009508716<br />Count: 6<br />Percent: 1", "Category: Stem Cells<br />Prop: 0.007923930<br />Count: 5<br />Percent: 0.8", "Category: Modality<br />Prop: 0.006339144<br />Count: 4<br />Percent: 0.6", "Category: Transformation<br />Prop: 0.006339144<br />Count: 4<br />Percent: 0.6", "Category: Haplotypes<br />Prop: 0.003169572<br />Count: 2<br />Percent: 0.3"],
      "type": "bar",
      "marker": {
        "autocolorscale": false,
        "color": "rgba(122,82,199,1)",
        "line": {
          "width": 1.88976377952756,
          "color": "transparent"
        }
      },
      "showlegend": false,
      "xaxis": "x",
      "yaxis": "y",
      "hoverinfo": "text",
      "frame": null
    }
  ],
  "layout": {
    "margin": {
      "t": 0,
      "r": 10,
      "b": 0,
      "l": 55
    },
    "font": {
      "color": "rgba(0,0,0,1)",
      "family": "",
      "size": 18.5969281859693
    },
    "xaxis": {
      "domain": [0, 1],
      "automargin": true,
      "type": "linear",
      "autorange": false,
      "range": [0.4, 32.6],
      "tickmode": "array",
      "ticktext": ["Visualisation", "Clustering", "Dimensionality Reduction", "Ordering", "Normalisation", "Integration", "Differential Expression", "Interactive", "Quality Control", "Gene Networks", "Marker Genes", "Classification", "Imputation", "Simulation", "Gene Sets", "Variable Genes", "Gene Filtering", "Quantification", "UMIs", "Expression Patterns", "Variants", "Alignment", "Cell Cycle", "Immune", "Alternative Splicing", "Rare Cells", "Allele Specific", "Assembly", "Stem Cells", "Modality", "Transformation", "Haplotypes"],
      "tickvals": [1, 2, 3, 4, 5, 6, 7, 8, 9, 10, 11, 12, 13, 14, 15, 16, 17, 18, 19, 20, 21, 22, 23, 24, 25, 26, 27, 28, 29, 30, 31, 32],
      "categoryorder": "array",
      "categoryarray": ["Visualisation", "Clustering", "Dimensionality Reduction", "Ordering", "Normalisation", "Integration", "Differential Expression", "Interactive", "Quality Control", "Gene Networks", "Marker Genes", "Classification", "Imputation", "Simulation", "Gene Sets", "Variable Genes", "Gene Filtering", "Quantification", "UMIs", "Expression Patterns", "Variants", "Alignment", "Cell Cycle", "Immune", "Alternative Splicing", "Rare Cells", "Allele Specific", "Assembly", "Stem Cells", "Modality", "Transformation", "Haplotypes"],
      "nticks": null,
      "ticks": "outside",
      "tickcolor": "rgba(0,0,0,1)",
      "ticklen": 4.64923204649232,
      "tickwidth": 0.66417600664176,
      "showticklabels": true,
      "tickfont": {
        "color": "rgba(0,0,0,1)",
        "family": "",
        "size": 7
      },
      "tickangle": -60,
      "showline": true,
      "linecolor": "rgba(0,0,0,1)",
      "linewidth": 0.66417600664176,
      "showgrid": false,
      "gridcolor": null,
      "gridwidth": 0,
      "zeroline": false,
      "anchor": "y",
      "title": {
        "text": "",
        "font": {
          "color": null,
          "family": null,
          "size": 9
        }
      },
      "hoverformat": ".2f",
      "fixedrange": true
    },
    "yaxis": {
      "domain": [0, 1],
      "automargin": true,
      "type": "linear",
      "autorange": false,
      "range": [-0.0225039619651347, 0.472583201267829],
      "tickmode": "array",
      "ticktext": ["0.0%", "10.0%", "20.0%", "30.0%", "40.0%"],
      "tickvals": [0, 0.1, 0.2, 0.3, 0.4],
      "categoryorder": "array",
      "categoryarray": ["0.0%", "10.0%", "20.0%", "30.0%", "40.0%"],
      "nticks": null,
      "ticks": "outside",
      "tickcolor": "rgba(0,0,0,1)",
      "ticklen": 4.64923204649232,
      "tickwidth": 0.66417600664176,
      "showticklabels": true,
      "tickfont": {
        "color": "rgba(0,0,0,1)",
        "family": "",
        "size": 7
      },
      "tickangle": -0,
      "showline": true,
      "linecolor": "rgba(0,0,0,1)",
      "linewidth": 0.66417600664176,
      "showgrid": false,
      "gridcolor": null,
      "gridwidth": 0,
      "zeroline": false,
      "anchor": "x",
      "title": {
        "text": "Percentage of tools",
        "font": {
          "color": "rgba(0,0,0,1)",
          "family": "",
          "size": 9
        }
      },
      "hoverformat": ".2f",