{
  "data": [
    {
      "orientation": "v",
      "width": [0.95, 0.95, 0.95, 0.95, 0.949999999999999, 0.949999999999999, 0.949999999999999, 0.949999999999999, 0.949999999999999, 0.949999999999999, 0.949999999999999, 0.949999999999999, 0.949999999999999, 0.949999999999999, 0.949999999999999, 0.950000000000001, 0.950000000000003, 0.950000000000003, 0.950000000000003, 0.950000000000003, 0.950000000000003, 0.950000000000003, 0.950000000000003, 0.950000000000003, 0.950000000000003, 0.950000000000003, 0.950000000000003, 0.950000000000003, 0.950000000000003, 0.950000000000003, 0.950000000000003, 0.950000000000003],
      "base": [0, 0, 0, 0, 0, 0, 0, 0, 0, 0, 0, 0, 0, 0, 0, 0, 0, 0, 0, 0, 0, 0, 0, 0, 0, 0, 0, 0, 0, 0, 0, 0],
      "x": [1, 2, 3, 4, 5, 6, 7, 8, 9, 10, 11, 12, 13, 14, 15, 16, 17, 18, 19, 20, 21, 22, 23, 24, 25, 26, 27, 28, 29, 30, 31, 32],
      "y": [0.455813953488372, 0.266666666666667, 0.254263565891473, 0.141085271317829, 0.13953488372093, 0.11937984496124, 0.117829457364341, 0.113178294573643, 0.111627906976744, 0.110077519379845, 0.103875968992248, 0.10077519379845, 0.0883720930232558, 0.0775193798449612, 0.0728682170542636, 0.0682170542635659, 0.0666666666666667, 0.0604651162790698, 0.0511627906976744, 0.0496124031007752, 0.0387596899224806, 0.0372093023255814, 0.0263565891472868, 0.0201550387596899, 0.0186046511627907, 0.013953488372093, 0.00930232558139535, 0.00930232558139535, 0.00775193798449612, 0.0062015503875969, 0.0062015503875969, 0.00310077519379845],
      "text": ["Category: Visualisation<br />Prop: 0.455813953<br />Count: 294<br />Percent: 45.6", "Category: Clustering<br />Prop: 0.266666667<br />Count: 172<br />Percent: 26.7", "Category: Dimensionality Reduction<br />Prop: 0.254263566<br />Count: 164<br />Percent: 25.4", "Category: Ordering<br />Prop: 0.141085271<br />Count: 91<br />Percent: 14.1", "Category: Normalisation<br />Prop: 0.139534884<br />Count: 90<br />Percent: 14", "Category: Integration<br />Prop: 0.119379845<br />Count: 77<br />Percent: 11.9", "Category: Differential Expression<br />Prop: 0.117829457<br />Count: 76<br />Percent: 11.8", "Category: Quality Control<br />Prop: 0.113178295<br />Count: 73<br />Percent: 11.3", "Category: Interactive<br />Prop: 0.111627907<br />Count: 72<br />Percent: 11.2", "Category: Gene Networks<br />Prop: 0.110077519<br />Count: 71<br />Percent: 11", "Category: Marker Genes<br />Prop: 0.103875969<br />Count: 67<br />Percent: 10.4", "Category: Classification<br />Prop: 0.100775194<br />Count: 65<br />Percent: 10.1", "Category: Imputation<br />Prop: 0.088372093<br />Count: 57<br />Percent: 8.8", "Category: Simulation<br />Prop: 0.077519380<br />Count: 50<br />Percent: 7.8", "Category: Gene Sets<br />Prop: 0.072868217<br />Count: 47<br />Percent: 7.3", "Category: Variable Genes<br />Prop: 0.068217054<br />Count: 44<br />Percent: 6.8", "Category: Gene Filtering<br />Prop: 0.066666667<br />Count: 43<br />Percent: 6.7", "Category: Quantification<br />Prop: 0.060465116<br />Count: 39<br />Percent: 6", "Category: UMIs<br />Prop: 0.051162791<br />Count: 33<br />Percent: 5.1", "Category: Expression Patterns<br />Prop: 0.049612403<br />Count: 32<br />Percent: 5", "Category: Variants<br />Prop: 0.038759690<br />Count: 25<br />Percent: 3.9", "Category: Alignment<br />Prop: 0.037209302<br />Count: 24<br />Percent: 3.7", "Category: Cell Cycle<br />Prop: 0.026356589<br />Count: 17<br />Percent: 2.6", "Category: Immune<br />Prop: 0.020155039<br />Count: 13<br />Percent: 2", "Category: Alternative Splicing<br />Prop: 0.018604651<br />Count: 12<br />Percent: 1.9", "Category: Rare Cells<br />Prop: 0.013953488<br />Count: 9<br />Percent: 1.4", "Category: Allele Specific<br />Prop: 0.009302326<br />Count: 6<br />Percent: 0.9", "Category: Assembly<br />Prop: 0.009302326<br />Count: 6<br />Percent: 0.9", "Category: Stem Cells<br />Prop: 0.007751938<br />Count: 5<br />Percent: 0.8", "Category: Modality<br />Prop: 0.006201550<br />Count: 4<br />Percent: 0.6", "Category: Transformation<br />Prop: 0.006201550<br />Count: 4<br />Percent: 0.6", "Category: Haplotypes<br />Prop: 0.003100775<br />Count: 2<br />Percent: 0.3"],
      "type": "bar",
      "marker": {
        "autocolorscale": false,
        "color": "rgba(122,82,199,1)",
        "line": {
          "width": 1.88976377952756,
          "color": "transparent"
        }
      },
      "showlegend": false,
      "xaxis": "x",
      "yaxis": "y",
      "hoverinfo": "text",
      "frame": null
    }
  ],
  "layout": {
    "margin": {
      "t": 0,
      "r": 10,
      "b": 0,
      "l": 55
    },
    "font": {
      "color": "rgba(0,0,0,1)",
      "family": "",
      "size": 18.5969281859693
    },
    "xaxis": {
      "domain": [0, 1],
      "automargin": true,
      "type": "linear",
      "autorange": false,
      "range": [0.4, 32.6],
      "tickmode": "array",
      "ticktext": ["Visualisation", "Clustering", "Dimensionality Reduction", "Ordering", "Normalisation", "Integration", "Differential Expression", "Quality Control", "Interactive", "Gene Networks", "Marker Genes", "Classification", "Imputation", "Simulation", "Gene Sets", "Variable Genes", "Gene Filtering", "Quantification", "UMIs", "Expression Patterns", "Variants", "Alignment", "Cell Cycle", "Immune", "Alternative Splicing", "Rare Cells", "Allele Specific", "Assembly", "Stem Cells", "Modality", "Transformation", "Haplotypes"],
      "tickvals": [1, 2, 3, 4, 5, 6, 7, 8, 9, 10, 11, 12, 13, 14, 15, 16, 17, 18, 19, 20, 21, 22, 23, 24, 25, 26, 27, 28, 29, 30, 31, 32],
      "categoryorder": "array",
      "categoryarray": ["Visualisation", "Clustering", "Dimensionality Reduction", "Ordering", "Normalisation", "Integration", "Differential Expression", "Quality Control", "Interactive", "Gene Networks", "Marker Genes", "Classification", "Imputation", "Simulation", "Gene Sets", "Variable Genes", "Gene Filtering", "Quantification", "UMIs", "Expression Patterns", "Variants", "Alignment", "Cell Cycle", "Immune", "Alternative Splicing", "Rare Cells", "Allele Specific", "Assembly", "Stem Cells", "Modality", "Transformation", "Haplotypes"],
      "nticks": null,
      "ticks": "outside",
      "tickcolor": "rgba(0,0,0,1)",
      "ticklen": 4.64923204649232,
      "tickwidth": 0.66417600664176,
      "showticklabels": true,
      "tickfont": {
        "color": "rgba(0,0,0,1)",
        "family": "",
        "size": 7
      },
      "tickangle": -60,
      "showline": true,
      "linecolor": "rgba(0,0,0,1)",
      "linewidth": 0.66417600664176,
      "showgrid": false,
      "gridcolor": null,
      "gridwidth": 0,
      "zeroline": false,
      "anchor": "y",
      "title": {
        "text": "",
        "font": {
          "color": null,
          "family": null,
          "size": 9
        }
      },
      "hoverformat": ".2f",
      "fixedrange": true
    },
    "yaxis": {
      "domain": [0, 1],
      "automargin": true,
      "type": "linear",
      "autorange": false,
      "range": [-0.0227906976744186, 0.478604651162791],
      "tickmode": "array",
      "ticktext": ["0.0%", "10.0%", "20.0%", "30.0%", "40.0%"],
      "tickvals": [0, 0.1, 0.2, 0.3, 0.4],
      "categoryorder": "array",
      "categoryarray": ["0.0%", "10.0%", "20.0%", "30.0%", "40.0%"],
      "nticks": null,
      "ticks": "outside",
      "tickcolor": "rgba(0,0,0,1)",
      "ticklen": 4.64923204649232,
      "tickwidth": 0.66417600664176,
      "showticklabels": true,
      "tickfont": {
        "color": "rgba(0,0,0,1)",
        "family": "",
        "size": 7
      },
      "tickangle": -0,
      "showline": true,
      "linecolor": "rgba(0,0,0,1)",
      "linewidth": 0.66417600664176,
      "showgrid": false,
      "gridcolor": null,
      "gridwidth": 0,
      "zeroline": false,
      "anchor": "x",
      "title": {
        "text": "Percentage of tools",
        "font": {
          "color": "rgba(0,0,0,1)",
          "family": "",
          "size": 9
        }
      },
      "hoverformat": ".2f",