{
  "data": [
    {
      "orientation": "v",
      "width": [0.95, 0.95, 0.95, 0.95, 0.949999999999999, 0.949999999999999, 0.949999999999999, 0.949999999999999, 0.949999999999999, 0.949999999999999, 0.949999999999999, 0.949999999999999, 0.949999999999999, 0.949999999999999, 0.949999999999999, 0.950000000000001, 0.950000000000003, 0.950000000000003, 0.950000000000003, 0.950000000000003, 0.950000000000003, 0.950000000000003, 0.950000000000003, 0.950000000000003, 0.950000000000003, 0.950000000000003, 0.950000000000003, 0.950000000000003, 0.950000000000003, 0.950000000000003, 0.950000000000003, 0.950000000000003, 0.950000000000003],
      "base": [0, 0, 0, 0, 0, 0, 0, 0, 0, 0, 0, 0, 0, 0, 0, 0, 0, 0, 0, 0, 0, 0, 0, 0, 0, 0, 0, 0, 0, 0, 0, 0, 0],
      "x": [1, 2, 3, 4, 5, 6, 7, 8, 9, 10, 11, 12, 13, 14, 15, 16, 17, 18, 19, 20, 21, 22, 23, 24, 25, 26, 27, 28, 29, 30, 31, 32, 33],
      "y": [0.422519509476031, 0.251950947603122, 0.251950947603122, 0.132664437012263, 0.131549609810479, 0.114827201783724, 0.112597547380156, 0.110367892976589, 0.109253065774805, 0.10479375696767, 0.0925306577480491, 0.0891861761426979, 0.0758082497212932, 0.0702341137123746, 0.0691192865105909, 0.0613154960981048, 0.0557413600891862, 0.0535117056856187, 0.0423634336677815, 0.040133779264214, 0.040133779264214, 0.0356744704570792, 0.0211817168338907, 0.0211817168338907, 0.020066889632107, 0.0133779264214047, 0.0111482720178372, 0.00780379041248606, 0.00668896321070234, 0.00668896321070234, 0.00557413600891862, 0.00445930880713489, 0.00222965440356745],
      "text": ["Category: Visualisation<br />Count: 379<br />Percent: 42.3", "Category: Clustering<br />Count: 226<br />Percent: 25.2", "Category: Dimensionality Reduction<br />Count: 226<br />Percent: 25.2", "Category: Integration<br />Count: 119<br />Percent: 13.3", "Category: Ordering<br />Count: 118<br />Percent: 13.2", "Category: Differential Expression<br />Count: 103<br />Percent: 11.5", "Category: Normalisation<br />Count: 101<br />Percent: 11.3", "Category: Gene Networks<br />Count: 99<br />Percent: 11", "Category: Classification<br />Count: 98<br />Percent: 10.9", "Category: Quality Control<br />Count: 94<br />Percent: 10.5", "Category: Interactive<br />Count: 83<br />Percent: 9.3", "Category: Marker Genes<br />Count: 80<br />Percent: 8.9", "Category: Imputation<br />Count: 68<br />Percent: 7.6", "Category: Simulation<br />Count: 63<br />Percent: 7", "Category: Gene Sets<br />Count: 62<br />Percent: 6.9", "Category: Variable Genes<br />Count: 55<br />Percent: 6.1", "Category: Quantification<br />Count: 50<br />Percent: 5.6", "Category: Gene Filtering<br />Count: 48<br />Percent: 5.4", "Category: UMIs<br />Count: 38<br />Percent: 4.2", "Category: Expression Patterns<br />Count: 36<br />Percent: 4", "Category: Variants<br />Count: 36<br />Percent: 4", "Category: Alignment<br />Count: 32<br />Percent: 3.6", "Category: Alternative Splicing<br />Count: 19<br />Percent: 2.1", "Category: Cell Cycle<br />Count: 19<br />Percent: 2.1", "Category: Immune<br />Count: 18<br />Percent: 2", "Category: Perturbations<br />Count: 12<br />Percent: 1.3", "Category: Rare Cells<br />Count: 10<br />Percent: 1.1", "Category: Assembly<br />Count: 7<br />Percent: 0.8", "Category: Allele Specific<br />Count: 6<br />Percent: 0.7", "Category: Stem Cells<br />Count: 6<br />Percent: 0.7", "Category: Modality<br />Count: 5<br />Percent: 0.6", "Category: Transformation<br />Count: 4<br />Percent: 0.4", "Category: Haplotypes<br />Count: 2<br />Percent: 0.2"],
      "type": "bar",
      "marker": {
        "autocolorscale": false,
        "color": "rgba(122,82,199,1)",
        "line": {
          "width": 1.88976377952756,
          "color": "transparent"
        }
      },
      "showlegend": false,
      "xaxis": "x",
      "yaxis": "y",
      "hoverinfo": "text",
      "frame": null
    }
  ],
  "layout": {
    "margin": {
      "t": 50,
      "r": 30,
      "b": 50,
      "l": 70
    },
    "font": {
      "color": "rgba(0,0,0,1)",
      "family": "",
      "size": 18.5969281859693
    },
    "xaxis": {
      "domain": [0, 1],
      "automargin": true,
      "type": "linear",
      "autorange": false,
      "range": [0.4, 33.6],
      "tickmode": "array",
      "ticktext": ["Visualisation", "Clustering", "Dimensionality Reduction", "Integration", "Ordering", "Differential Expression", "Normalisation", "Gene Networks", "Classification", "Quality Control", "Interactive", "Marker Genes", "Imputation", "Simulation", "Gene Sets", "Variable Genes", "Quantification", "Gene Filtering", "UMIs", "Expression Patterns", "Variants", "Alignment", "Alternative Splicing", "Cell Cycle", "Immune", "Perturbations", "Rare Cells", "Assembly", "Allele Specific", "Stem Cells", "Modality", "Transformation", "Haplotypes"],
      "tickvals": [1, 2, 3, 4, 5, 6, 7, 8, 9, 10, 11, 12, 13, 14, 15, 16, 17, 18, 19, 20, 21, 22, 23, 24, 25, 26, 27, 28, 29, 30, 31, 32, 33],
      "categoryorder": "array",
      "categoryarray": ["Visualisation", "Clustering", "Dimensionality Reduction", "Integration", "Ordering", "Differential Expression", "Normalisation", "Gene Networks", "Classification", "Quality Control", "Interactive", "Marker Genes", "Imputation", "Simulation", "Gene Sets", "Variable Genes", "Quantification", "Gene Filtering", "UMIs", "Expression Patterns", "Variants", "Alignment", "Alternative Splicing", "Cell Cycle", "Immune", "Perturbations", "Rare Cells", "Assembly", "Allele Specific", "Stem Cells", "Modality", "Transformation", "Haplotypes"],
      "nticks": null,
      "ticks": "outside",
      "tickcolor": "rgba(0,0,0,1)",
      "ticklen": 4.64923204649232,
      "tickwidth": 0.66417600664176,
      "showticklabels": true,
      "tickfont": {
        "color": "rgba(0,0,0,1)",
        "family": "",
        "size": 15.9402241594022
      },
      "tickangle": -60,
      "showline": true,
      "linecolor": "rgba(0,0,0,1)",
      "linewidth": 0.66417600664176,
      "showgrid": false,
      "gridcolor": null,
      "gridwidth": 0,
      "zeroline": false,
      "anchor": "y",
      "title": {
        "text": "",
        "font": {
          "color": null,
          "family": null,
          "size": 0
        }
      },
      "hoverformat": ".2f"
    },
    "yaxis": {
      "domain": [0, 1],
      "automargin": true,
      "type": "linear",
      "autorange": false,
      "range": [-0.0211259754738016, 0.443645484949833],
      "tickmode": "array",
      "ticktext": ["0.0%", "10.0%", "20.0%", "30.0%", "40.0%"],
      "tickvals": [0, 0.1, 0.2, 0.3, 0.4],
      "categoryorder": "array",
      "categoryarray": ["0.0%", "10.0%", "20.0%", "30.0%", "40.0%"],
      "nticks": null,
      "ticks": "outside",
      "tickcolor": "rgba(0,0,0,1)",
      "ticklen": 4.64923204649232,
      "tickwidth": 0.66417600664176,
      "showticklabels": true,
      "tickfont": {
        "color": "rgba(0,0,0,1)",
        "family": "",
        "size": 15.9402241594022
      },
      "tickangle": -0,
      "showline": true,
      "linecolor": "rgba(0,0,0,1)",
      "linewidth": 0.66417600664176,
      "showgrid": false,
      "gridcolor": null,
      "gridwidth": 0,
      "zeroline": false,
      "anchor": "x",
      "title": {
        "text": "Percentage of tools",
        "font": {
          "color": "rgba(0,0,0,1)",
          "family": "",
          "size": 18.5969281859693
        }
      },
      "hoverformat": ".2f"
    },
    "shapes": [
      {
        "type": "rect",
        "fillcolor": null,
        "line": {
          "color": null,
          "width": 0,
          "linetype": []
        },
        "yref": "paper",
        "xref": "paper",
        "x0": 0,
        "x1": 1,
        "y0": 0,
        "y1": 1
      }
    ],
    "showlegend": false,
    "legend": {
      "bgcolor": null,
      "bordercolor": null,
      "borderwidth": 0,
      "font": {
        "color": "rgba(0,0,0,1)",
        "family": "",
        "size": 15.9402241594022
      }
    },
    "hovermode": "closest",