{
  "data": [
    {
      "orientation": "v",
      "width": [0.95, 0.95, 0.95, 0.95, 0.949999999999999, 0.949999999999999, 0.949999999999999, 0.949999999999999, 0.949999999999999, 0.949999999999999, 0.949999999999999, 0.949999999999999, 0.949999999999999, 0.949999999999999, 0.949999999999999, 0.950000000000001, 0.950000000000003, 0.950000000000003, 0.950000000000003, 0.950000000000003, 0.950000000000003, 0.950000000000003, 0.950000000000003, 0.950000000000003, 0.950000000000003, 0.950000000000003, 0.950000000000003, 0.950000000000003, 0.950000000000003, 0.950000000000003, 0.950000000000003, 0.950000000000003],
      "base": [0, 0, 0, 0, 0, 0, 0, 0, 0, 0, 0, 0, 0, 0, 0, 0, 0, 0, 0, 0, 0, 0, 0, 0, 0, 0, 0, 0, 0, 0, 0, 0],
      "x": [1, 2, 3, 4, 5, 6, 7, 8, 9, 10, 11, 12, 13, 14, 15, 16, 17, 18, 19, 20, 21, 22, 23, 24, 25, 26, 27, 28, 29, 30, 31, 32],
      "y": [0.456053067993366, 0.263681592039801, 0.250414593698176, 0.145936981757877, 0.145936981757877, 0.117744610281924, 0.116086235489221, 0.116086235489221, 0.114427860696517, 0.109452736318408, 0.102819237147595, 0.0928689883913764, 0.0862354892205638, 0.0796019900497512, 0.0729684908789386, 0.0713101160862355, 0.066334991708126, 0.0630182421227197, 0.0530679933665008, 0.0514096185737977, 0.0381426202321725, 0.0364842454394693, 0.0248756218905473, 0.0182421227197347, 0.0182421227197347, 0.0149253731343284, 0.00995024875621891, 0.00829187396351575, 0.00829187396351575, 0.0066334991708126, 0.0066334991708126, 0.0033167495854063],
      "text": ["Category: Visualisation<br />Prop: 0.456053068<br />Count: 275<br />Percent: 45.6", "Category: Clustering<br />Prop: 0.263681592<br />Count: 159<br />Percent: 26.4", "Category: Dimensionality Reduction<br />Prop: 0.250414594<br />Count: 151<br />Percent: 25", "Category: Normalisation<br />Prop: 0.145936982<br />Count: 88<br />Percent: 14.6", "Category: Ordering<br />Prop: 0.145936982<br />Count: 88<br />Percent: 14.6", "Category: Integration<br />Prop: 0.117744610<br />Count: 71<br />Percent: 11.8", "Category: Differential Expression<br />Prop: 0.116086235<br />Count: 70<br />Percent: 11.6", "Category: Quality Control<br />Prop: 0.116086235<br />Count: 70<br />Percent: 11.6", "Category: Interactive<br />Prop: 0.114427861<br />Count: 69<br />Percent: 11.4", "Category: Gene Networks<br />Prop: 0.109452736<br />Count: 66<br />Percent: 10.9", "Category: Marker Genes<br />Prop: 0.102819237<br />Count: 62<br />Percent: 10.3", "Category: Classification<br />Prop: 0.092868988<br />Count: 56<br />Percent: 9.3", "Category: Imputation<br />Prop: 0.086235489<br />Count: 52<br />Percent: 8.6", "Category: Simulation<br />Prop: 0.079601990<br />Count: 48<br />Percent: 8", "Category: Gene Sets<br />Prop: 0.072968491<br />Count: 44<br />Percent: 7.3", "Category: Variable Genes<br />Prop: 0.071310116<br />Count: 43<br />Percent: 7.1", "Category: Gene Filtering<br />Prop: 0.066334992<br />Count: 40<br />Percent: 6.6", "Category: Quantification<br />Prop: 0.063018242<br />Count: 38<br />Percent: 6.3", "Category: UMIs<br />Prop: 0.053067993<br />Count: 32<br />Percent: 5.3", "Category: Expression Patterns<br />Prop: 0.051409619<br />Count: 31<br />Percent: 5.1", "Category: Variants<br />Prop: 0.038142620<br />Count: 23<br />Percent: 3.8", "Category: Alignment<br />Prop: 0.036484245<br />Count: 22<br />Percent: 3.6", "Category: Cell Cycle<br />Prop: 0.024875622<br />Count: 15<br />Percent: 2.5", "Category: Alternative Splicing<br />Prop: 0.018242123<br />Count: 11<br />Percent: 1.8", "Category: Immune<br />Prop: 0.018242123<br />Count: 11<br />Percent: 1.8", "Category: Rare Cells<br />Prop: 0.014925373<br />Count: 9<br />Percent: 1.5", "Category: Assembly<br />Prop: 0.009950249<br />Count: 6<br />Percent: 1", "Category: Allele Specific<br />Prop: 0.008291874<br />Count: 5<br />Percent: 0.8", "Category: Stem Cells<br />Prop: 0.008291874<br />Count: 5<br />Percent: 0.8", "Category: Modality<br />Prop: 0.006633499<br />Count: 4<br />Percent: 0.7", "Category: Transformation<br />Prop: 0.006633499<br />Count: 4<br />Percent: 0.7", "Category: Haplotypes<br />Prop: 0.003316750<br />Count: 2<br />Percent: 0.3"],
      "type": "bar",
      "marker": {
        "autocolorscale": false,
        "color": "rgba(122,82,199,1)",
        "line": {
          "width": 1.88976377952756,
          "color": "transparent"
        }
      },
      "showlegend": false,
      "xaxis": "x",
      "yaxis": "y",
      "hoverinfo": "text",
      "frame": null
    }
  ],
  "layout": {
    "margin": {
      "t": 0,
      "r": 10,
      "b": 0,
      "l": 55
    },
    "font": {
      "color": "rgba(0,0,0,1)",
      "family": "",
      "size": 18.5969281859693
    },
    "xaxis": {
      "domain": [0, 1],
      "automargin": true,
      "type": "linear",
      "autorange": false,
      "range": [0.4, 32.6],
      "tickmode": "array",
      "ticktext": ["Visualisation", "Clustering", "Dimensionality Reduction", "Normalisation", "Ordering", "Integration", "Differential Expression", "Quality Control", "Interactive", "Gene Networks", "Marker Genes", "Classification", "Imputation", "Simulation", "Gene Sets", "Variable Genes", "Gene Filtering", "Quantification", "UMIs", "Expression Patterns", "Variants", "Alignment", "Cell Cycle", "Alternative Splicing", "Immune", "Rare Cells", "Assembly", "Allele Specific", "Stem Cells", "Modality", "Transformation", "Haplotypes"],
      "tickvals": [1, 2, 3, 4, 5, 6, 7, 8, 9, 10, 11, 12, 13, 14, 15, 16, 17, 18, 19, 20, 21, 22, 23, 24, 25, 26, 27, 28, 29, 30, 31, 32],
      "categoryorder": "array",
      "categoryarray": ["Visualisation", "Clustering", "Dimensionality Reduction", "Normalisation", "Ordering", "Integration", "Differential Expression", "Quality Control", "Interactive", "Gene Networks", "Marker Genes", "Classification", "Imputation", "Simulation", "Gene Sets", "Variable Genes", "Gene Filtering", "Quantification", "UMIs", "Expression Patterns", "Variants", "Alignment", "Cell Cycle", "Alternative Splicing", "Immune", "Rare Cells", "Assembly", "Allele Specific", "Stem Cells", "Modality", "Transformation", "Haplotypes"],
      "nticks": null,
      "ticks": "outside",
      "tickcolor": "rgba(0,0,0,1)",
      "ticklen": 4.64923204649232,
      "tickwidth": 0.66417600664176,
      "showticklabels": true,
      "tickfont": {
        "color": "rgba(0,0,0,1)",
        "family": "",
        "size": 7
      },
      "tickangle": -60,
      "showline": true,
      "linecolor": "rgba(0,0,0,1)",
      "linewidth": 0.66417600664176,
      "showgrid": false,
      "gridcolor": null,
      "gridwidth": 0,
      "zeroline": false,
      "anchor": "y",
      "title": {
        "text": "",
        "font": {
          "color": null,
          "family": null,
          "size": 9
        }
      },
      "hoverformat": ".2f",
      "fixedrange": true
    },
    "yaxis": {
      "domain": [0, 1],
      "automargin": true,
      "type": "linear",
      "autorange": false,
      "range": [-0.0228026533996683, 0.478855721393035],
      "tickmode": "array",
      "ticktext": ["0.0%", "10.0%", "20.0%", "30.0%", "40.0%"],
      "tickvals": [0, 0.1, 0.2, 0.3, 0.4],
      "categoryorder": "array",
      "categoryarray": ["0.0%", "10.0%", "20.0%", "30.0%", "40.0%"],
      "nticks": null,
      "ticks": "outside",
      "tickcolor": "rgba(0,0,0,1)",
      "ticklen": 4.64923204649232,
      "tickwidth": 0.66417600664176,
      "showticklabels": true,
      "tickfont": {
        "color": "rgba(0,0,0,1)",
        "family": "",
        "size": 7
      },
      "tickangle": -0,
      "showline": true,
      "linecolor": "rgba(0,0,0,1)",
      "linewidth": 0.66417600664176,
      "showgrid": false,
      "gridcolor": null,
      "gridwidth": 0,
      "zeroline": false,
      "anchor": "x",
      "title": {
        "text": "Percentage of tools",
        "font": {
          "color": "rgba(0,0,0,1)",
          "family": "",
          "size": 9
        }
      },
      "hoverformat": ".2f",