{
  "data": [
    {
      "orientation": "v",
      "width": [0.95, 0.95, 0.95, 0.95, 0.949999999999999, 0.949999999999999, 0.949999999999999, 0.949999999999999, 0.949999999999999, 0.949999999999999, 0.949999999999999, 0.949999999999999, 0.949999999999999, 0.949999999999999, 0.949999999999999, 0.950000000000001, 0.950000000000003, 0.950000000000003, 0.950000000000003, 0.950000000000003, 0.950000000000003, 0.950000000000003, 0.950000000000003, 0.950000000000003, 0.950000000000003, 0.950000000000003, 0.950000000000003, 0.950000000000003, 0.950000000000003, 0.950000000000003, 0.950000000000003, 0.950000000000003, 0.950000000000003],
      "base": [0, 0, 0, 0, 0, 0, 0, 0, 0, 0, 0, 0, 0, 0, 0, 0, 0, 0, 0, 0, 0, 0, 0, 0, 0, 0, 0, 0, 0, 0, 0, 0, 0],
      "x": [1, 2, 3, 4, 5, 6, 7, 8, 9, 10, 11, 12, 13, 14, 15, 16, 17, 18, 19, 20, 21, 22, 23, 24, 25, 26, 27, 28, 29, 30, 31, 32, 33],
      "y": [0.412462908011869, 0.256181998021761, 0.248269040553907, 0.137487636003956, 0.126607319485658, 0.113748763600396, 0.111770524233432, 0.108803165182987, 0.107814045499505, 0.100890207715134, 0.0850642927794263, 0.0840751730959446, 0.0722057368941642, 0.0682492581602374, 0.0672601384767557, 0.0613254203758655, 0.0593471810089021, 0.0514342235410485, 0.0405539070227498, 0.0385756676557863, 0.0375865479723047, 0.0375865479723047, 0.0257171117705242, 0.0247279920870425, 0.0187932739861523, 0.0148367952522255, 0.0128585558852621, 0.00791295746785361, 0.00593471810089021, 0.00593471810089021, 0.00494559841740851, 0.00494559841740851, 0.0019782393669634],
      "text": ["Category: Visualisation<br />Count: 417<br />Percent: 41.2", "Category: Clustering<br />Count: 259<br />Percent: 25.6", "Category: Dimensionality Reduction<br />Count: 251<br />Percent: 24.8", "Category: Integration<br />Count: 139<br />Percent: 13.7", "Category: Ordering<br />Count: 128<br />Percent: 12.7", "Category: Differential Expression<br />Count: 115<br />Percent: 11.4", "Category: Gene Networks<br />Count: 113<br />Percent: 11.2", "Category: Classification<br />Count: 110<br />Percent: 10.9", "Category: Normalisation<br />Count: 109<br />Percent: 10.8", "Category: Quality Control<br />Count: 102<br />Percent: 10.1", "Category: Interactive<br />Count: 86<br />Percent: 8.5", "Category: Marker Genes<br />Count: 85<br />Percent: 8.4", "Category: Imputation<br />Count: 73<br />Percent: 7.2", "Category: Simulation<br />Count: 69<br />Percent: 6.8", "Category: Gene Sets<br />Count: 68<br />Percent: 6.7", "Category: Variable Genes<br />Count: 62<br />Percent: 6.1", "Category: Quantification<br />Count: 60<br />Percent: 5.9", "Category: Gene Filtering<br />Count: 52<br />Percent: 5.1", "Category: Variants<br />Count: 41<br />Percent: 4.1", "Category: UMIs<br />Count: 39<br />Percent: 3.9", "Category: Alignment<br />Count: 38<br />Percent: 3.8", "Category: Expression Patterns<br />Count: 38<br />Percent: 3.8", "Category: Alternative Splicing<br />Count: 26<br />Percent: 2.6", "Category: Cell Cycle<br />Count: 25<br />Percent: 2.5", "Category: Immune<br />Count: 19<br />Percent: 1.9", "Category: Perturbations<br />Count: 15<br />Percent: 1.5", "Category: Rare Cells<br />Count: 13<br />Percent: 1.3", "Category: Assembly<br />Count: 8<br />Percent: 0.8", "Category: Allele Specific<br />Count: 6<br />Percent: 0.6", "Category: Stem Cells<br />Count: 6<br />Percent: 0.6", "Category: Modality<br />Count: 5<br />Percent: 0.5", "Category: Transformation<br />Count: 5<br />Percent: 0.5", "Category: Haplotypes<br />Count: 2<br />Percent: 0.2"],
      "type": "bar",
      "marker": {
        "autocolorscale": false,
        "color": "rgba(122,82,199,1)",
        "line": {
          "width": 1.88976377952756,
          "color": "transparent"
        }
      },
      "showlegend": false,
      "xaxis": "x",
      "yaxis": "y",
      "hoverinfo": "text",
      "frame": null
    }
  ],
  "layout": {
    "margin": {
      "t": 50,
      "r": 30,
      "b": 50,
      "l": 70
    },
    "font": {
      "color": "rgba(0,0,0,1)",
      "family": "",
      "size": 18.5969281859693
    },
    "xaxis": {
      "domain": [0, 1],
      "automargin": true,
      "type": "linear",
      "autorange": false,
      "range": [0.4, 33.6],
      "tickmode": "array",
      "ticktext": ["Visualisation", "Clustering", "Dimensionality Reduction", "Integration", "Ordering", "Differential Expression", "Gene Networks", "Classification", "Normalisation", "Quality Control", "Interactive", "Marker Genes", "Imputation", "Simulation", "Gene Sets", "Variable Genes", "Quantification", "Gene Filtering", "Variants", "UMIs", "Alignment", "Expression Patterns", "Alternative Splicing", "Cell Cycle", "Immune", "Perturbations", "Rare Cells", "Assembly", "Allele Specific", "Stem Cells", "Modality", "Transformation", "Haplotypes"],
      "tickvals": [1, 2, 3, 4, 5, 6, 7, 8, 9, 10, 11, 12, 13, 14, 15, 16, 17, 18, 19, 20, 21, 22, 23, 24, 25, 26, 27, 28, 29, 30, 31, 32, 33],
      "categoryorder": "array",
      "categoryarray": ["Visualisation", "Clustering", "Dimensionality Reduction", "Integration", "Ordering", "Differential Expression", "Gene Networks", "Classification", "Normalisation", "Quality Control", "Interactive", "Marker Genes", "Imputation", "Simulation", "Gene Sets", "Variable Genes", "Quantification", "Gene Filtering", "Variants", "UMIs", "Alignment", "Expression Patterns", "Alternative Splicing", "Cell Cycle", "Immune", "Perturbations", "Rare Cells", "Assembly", "Allele Specific", "Stem Cells", "Modality", "Transformation", "Haplotypes"],
      "nticks": null,
      "ticks": "outside",
      "tickcolor": "rgba(0,0,0,1)",
      "ticklen": 4.64923204649232,
      "tickwidth": 0.66417600664176,
      "showticklabels": true,
      "tickfont": {
        "color": "rgba(0,0,0,1)",
        "family": "",
        "size": 15.9402241594022
      },
      "tickangle": -60,
      "showline": true,
      "linecolor": "rgba(0,0,0,1)",
      "linewidth": 0.66417600664176,
      "showgrid": false,
      "gridcolor": null,
      "gridwidth": 0,
      "zeroline": false,
      "anchor": "y",
      "title": {
        "text": "",
        "font": {
          "color": null,
          "family": null,
          "size": 0
        }
      },
      "hoverformat": ".2f"
    },
    "yaxis": {
      "domain": [0, 1],
      "automargin": true,
      "type": "linear",
      "autorange": false,
      "range": [-0.0206231454005935, 0.433086053412463],
      "tickmode": "array",
      "ticktext": ["0.0%", "10.0%", "20.0%", "30.0%", "40.0%"],
      "tickvals": [0, 0.1, 0.2, 0.3, 0.4],
      "categoryorder": "array",
      "categoryarray": ["0.0%", "10.0%", "20.0%", "30.0%", "40.0%"],
      "nticks": null,
      "ticks": "outside",
      "tickcolor": "rgba(0,0,0,1)",
      "ticklen": 4.64923204649232,
      "tickwidth": 0.66417600664176,
      "showticklabels": true,
      "tickfont": {
        "color": "rgba(0,0,0,1)",
        "family": "",
        "size": 15.9402241594022
      },
      "tickangle": -0,
      "showline": true,
      "linecolor": "rgba(0,0,0,1)",
      "linewidth": 0.66417600664176,
      "showgrid": false,
      "gridcolor": null,
      "gridwidth": 0,
      "zeroline": false,
      "anchor": "x",
      "title": {
        "text": "Percentage of tools",
        "font": {
          "color": "rgba(0,0,0,1)",
          "family": "",
          "size": 18.5969281859693
        }
      },
      "hoverformat": ".2f"
    },
    "shapes": [
      {
        "type": "rect",
        "fillcolor": null,
        "line": {
          "color": null,
          "width": 0,
          "linetype": []
        },
        "yref": "paper",
        "xref": "paper",
        "x0": 0,
        "x1": 1,
        "y0": 0,
        "y1": 1
      }
    ],
    "showlegend": false,
    "legend": {
      "bgcolor": null,
      "bordercolor": null,
      "borderwidth": 0,
      "font": {
        "color": "rgba(0,0,0,1)",
        "family": "",
        "size": 15.9402241594022
      }
    },