{
  "data": [
    {
      "orientation": "v",
      "width": [0.95, 0.95, 0.95, 0.95, 0.949999999999999, 0.949999999999999, 0.949999999999999, 0.949999999999999, 0.949999999999999, 0.949999999999999, 0.949999999999999, 0.949999999999999, 0.949999999999999, 0.949999999999999, 0.949999999999999, 0.950000000000001, 0.950000000000003, 0.950000000000003, 0.950000000000003, 0.950000000000003, 0.950000000000003, 0.950000000000003, 0.950000000000003, 0.950000000000003, 0.950000000000003, 0.950000000000003, 0.950000000000003, 0.950000000000003, 0.950000000000003, 0.950000000000003, 0.950000000000003, 0.950000000000003],
      "base": [0, 0, 0, 0, 0, 0, 0, 0, 0, 0, 0, 0, 0, 0, 0, 0, 0, 0, 0, 0, 0, 0, 0, 0, 0, 0, 0, 0, 0, 0, 0, 0],
      "x": [1, 2, 3, 4, 5, 6, 7, 8, 9, 10, 11, 12, 13, 14, 15, 16, 17, 18, 19, 20, 21, 22, 23, 24, 25, 26, 27, 28, 29, 30, 31, 32],
      "y": [0.460652591170825, 0.27063339731286, 0.245681381957774, 0.157389635316699, 0.151631477927063, 0.126679462571977, 0.124760076775432, 0.120921305182342, 0.109404990403071, 0.103646833013436, 0.103646833013436, 0.0863723608445297, 0.0863723608445297, 0.0786948176583493, 0.0767754318618042, 0.0748560460652591, 0.0690978886756238, 0.0671785028790787, 0.0595009596928983, 0.053742802303263, 0.0422264875239923, 0.0326295585412668, 0.0287907869481766, 0.0211132437619962, 0.0191938579654511, 0.0134357005758157, 0.0115163147792706, 0.00959692898272553, 0.00959692898272553, 0.00767754318618042, 0.00575815738963532, 0.00383877159309021],
      "text": ["Category: Visualisation<br />Count: 240<br />Percent: 46.1", "Category: Clustering<br />Count: 141<br />Percent: 27.1", "Category: Dimensionality Reduction<br />Count: 128<br />Percent: 24.6", "Category: Normalisation<br />Count: 82<br />Percent: 15.7", "Category: Ordering<br />Count: 79<br />Percent: 15.2", "Category: Quality Control<br />Count: 66<br />Percent: 12.7", "Category: Differential Expression<br />Count: 65<br />Percent: 12.5", "Category: Interactive<br />Count: 63<br />Percent: 12.1", "Category: Gene Networks<br />Count: 57<br />Percent: 10.9", "Category: Integration<br />Count: 54<br />Percent: 10.4", "Category: Marker Genes<br />Count: 54<br />Percent: 10.4", "Category: Classification<br />Count: 45<br />Percent: 8.6", "Category: Simulation<br />Count: 45<br />Percent: 8.6", "Category: Variable Genes<br />Count: 41<br />Percent: 7.9", "Category: Gene Filtering<br />Count: 40<br />Percent: 7.7", "Category: Imputation<br />Count: 39<br />Percent: 7.5", "Category: Quantification<br />Count: 36<br />Percent: 6.9", "Category: Gene Sets<br />Count: 35<br />Percent: 6.7", "Category: UMIs<br />Count: 31<br />Percent: 6", "Category: Expression Patterns<br />Count: 28<br />Percent: 5.4", "Category: Alignment<br />Count: 22<br />Percent: 4.2", "Category: Variants<br />Count: 17<br />Percent: 3.3", "Category: Cell Cycle<br />Count: 15<br />Percent: 2.9", "Category: Immune<br />Count: 11<br />Percent: 2.1", "Category: Alternative Splicing<br />Count: 10<br />Percent: 1.9", "Category: Rare Cells<br />Count: 7<br />Percent: 1.3", "Category: Assembly<br />Count: 6<br />Percent: 1.2", "Category: Allele Specific<br />Count: 5<br />Percent: 1", "Category: Stem Cells<br />Count: 5<br />Percent: 1", "Category: Transformation<br />Count: 4<br />Percent: 0.8", "Category: Modality<br />Count: 3<br />Percent: 0.6", "Category: Haplotypes<br />Count: 2<br />Percent: 0.4"],
      "type": "bar",
      "marker": {
        "autocolorscale": false,
        "color": "rgba(122,82,199,1)",
        "line": {
          "width": 1.88976377952756,
          "color": "transparent"
        }
      },
      "showlegend": false,
      "xaxis": "x",
      "yaxis": "y",
      "hoverinfo": "text",
      "frame": null
    }
  ],
  "layout": {
    "margin": {
      "t": 50,
      "r": 30,
      "b": 50,
      "l": 70
    },
    "font": {
      "color": "rgba(0,0,0,1)",
      "family": "",
      "size": 18.5969281859693
    },
    "xaxis": {
      "domain": [0, 1],
      "automargin": true,
      "type": "linear",
      "autorange": false,
      "range": [0.4, 32.6],
      "tickmode": "array",
      "ticktext": ["Visualisation", "Clustering", "Dimensionality Reduction", "Normalisation", "Ordering", "Quality Control", "Differential Expression", "Interactive", "Gene Networks", "Integration", "Marker Genes", "Classification", "Simulation", "Variable Genes", "Gene Filtering", "Imputation", "Quantification", "Gene Sets", "UMIs", "Expression Patterns", "Alignment", "Variants", "Cell Cycle", "Immune", "Alternative Splicing", "Rare Cells", "Assembly", "Allele Specific", "Stem Cells", "Transformation", "Modality", "Haplotypes"],
      "tickvals": [1, 2, 3, 4, 5, 6, 7, 8, 9, 10, 11, 12, 13, 14, 15, 16, 17, 18, 19, 20, 21, 22, 23, 24, 25, 26, 27, 28, 29, 30, 31, 32],
      "categoryorder": "array",
      "categoryarray": ["Visualisation", "Clustering", "Dimensionality Reduction", "Normalisation", "Ordering", "Quality Control", "Differential Expression", "Interactive", "Gene Networks", "Integration", "Marker Genes", "Classification", "Simulation", "Variable Genes", "Gene Filtering", "Imputation", "Quantification", "Gene Sets", "UMIs", "Expression Patterns", "Alignment", "Variants", "Cell Cycle", "Immune", "Alternative Splicing", "Rare Cells", "Assembly", "Allele Specific", "Stem Cells", "Transformation", "Modality", "Haplotypes"],
      "nticks": null,
      "ticks": "outside",
      "tickcolor": "rgba(0,0,0,1)",
      "ticklen": 4.64923204649232,
      "tickwidth": 0.66417600664176,
      "showticklabels": true,
      "tickfont": {
        "color": "rgba(0,0,0,1)",
        "family": "",
        "size": 15.9402241594022
      },
      "tickangle": -60,
      "showline": true,
      "linecolor": "rgba(0,0,0,1)",
      "linewidth": 0.66417600664176,
      "showgrid": false,
      "gridcolor": null,
      "gridwidth": 0,
      "zeroline": false,
      "anchor": "y",
      "title": {
        "text": "",
        "font": {
          "color": null,
          "family": null,
          "size": 0
        }
      },
      "hoverformat": ".2f"
    },
    "yaxis": {
      "domain": [0, 1],
      "automargin": true,
      "type": "linear",
      "autorange": false,
      "range": [-0.0230326295585413, 0.483685220729367],
      "tickmode": "array",
      "ticktext": ["0.0%", "10.0%", "20.0%", "30.0%", "40.0%"],
      "tickvals": [0, 0.1, 0.2, 0.3, 0.4],
      "categoryorder": "array",
      "categoryarray": ["0.0%", "10.0%", "20.0%", "30.0%", "40.0%"],
      "nticks": null,
      "ticks": "outside",
      "tickcolor": "rgba(0,0,0,1)",
      "ticklen": 4.64923204649232,
      "tickwidth": 0.66417600664176,
      "showticklabels": true,
      "tickfont": {
        "color": "rgba(0,0,0,1)",
        "family": "",
        "size": 15.9402241594022
      },
      "tickangle": -0,
      "showline": true,
      "linecolor": "rgba(0,0,0,1)",
      "linewidth": 0.66417600664176,
      "showgrid": false,
      "gridcolor": null,
      "gridwidth": 0,
      "zeroline": false,
      "anchor": "x",
      "title": {
        "text": "Percentage of tools",
        "font": {
          "color": "rgba(0,0,0,1)",
          "family": "",
          "size": 18.5969281859693
        }
      },
      "hoverformat": ".2f"
    },
    "shapes": [
      {
        "type": "rect",
        "fillcolor": null,
        "line": {
          "color": null,
          "width": 0,
          "linetype": []
        },
        "yref": "paper",
        "xref": "paper",
        "x0": 0,
        "x1": 1,
        "y0": 0,
        "y1": 1
      }
    ],
    "showlegend": false,
    "legend": {
      "bgcolor": null,
      "bordercolor": null,
      "borderwidth": 0,
      "font": {
        "color": "rgba(0,0,0,1)",
        "family": "",
        "size": 15.9402241594022
      }
    },
    "hovermode": "closest",
    "height": 600,
    "barmode": "relative",
    "autosize": true
  },
  "config": {
    "doubleClick": "reset",
    "showSendToCloud": false,