{
  "data": [
    {
      "orientation": "v",
      "width": [0.95, 0.95, 0.95, 0.95, 0.949999999999999, 0.949999999999999, 0.949999999999999, 0.949999999999999, 0.949999999999999, 0.949999999999999, 0.949999999999999, 0.949999999999999, 0.949999999999999, 0.949999999999999, 0.949999999999999, 0.950000000000001, 0.950000000000003, 0.950000000000003, 0.950000000000003, 0.950000000000003, 0.950000000000003, 0.950000000000003, 0.950000000000003, 0.950000000000003, 0.950000000000003, 0.950000000000003, 0.950000000000003, 0.950000000000003, 0.950000000000003, 0.950000000000003, 0.950000000000003, 0.950000000000003],
      "base": [0, 0, 0, 0, 0, 0, 0, 0, 0, 0, 0, 0, 0, 0, 0, 0, 0, 0, 0, 0, 0, 0, 0, 0, 0, 0, 0, 0, 0, 0, 0, 0],
      "x": [1, 2, 3, 4, 5, 6, 7, 8, 9, 10, 11, 12, 13, 14, 15, 16, 17, 18, 19, 20, 21, 22, 23, 24, 25, 26, 27, 28, 29, 30, 31, 32],
      "y": [0.456342668863262, 0.266886326194399, 0.248764415156507, 0.14662273476112, 0.14497528830313, 0.116968698517298, 0.115321252059308, 0.115321252059308, 0.113673805601318, 0.108731466227348, 0.103789126853377, 0.0922570016474465, 0.085667215815486, 0.0807248764415156, 0.0741350906095552, 0.0724876441515651, 0.0658978583196046, 0.0626029654036244, 0.0527182866556837, 0.0510708401976936, 0.0378912685337726, 0.0362438220757825, 0.0247116968698517, 0.0181219110378913, 0.0181219110378913, 0.014827018121911, 0.00988467874794069, 0.00823723228995058, 0.00823723228995058, 0.00658978583196046, 0.00658978583196046, 0.00329489291598023],
      "text": ["Category: Visualisation<br />Count: 277<br />Percent: 45.6", "Category: Clustering<br />Count: 162<br />Percent: 26.7", "Category: Dimensionality Reduction<br />Count: 151<br />Percent: 24.9", "Category: Ordering<br />Count: 89<br />Percent: 14.7", "Category: Normalisation<br />Count: 88<br />Percent: 14.5", "Category: Integration<br />Count: 71<br />Percent: 11.7", "Category: Differential Expression<br />Count: 70<br />Percent: 11.5", "Category: Quality Control<br />Count: 70<br />Percent: 11.5", "Category: Interactive<br />Count: 69<br />Percent: 11.4", "Category: Gene Networks<br />Count: 66<br />Percent: 10.9", "Category: Marker Genes<br />Count: 63<br />Percent: 10.4", "Category: Classification<br />Count: 56<br />Percent: 9.2", "Category: Imputation<br />Count: 52<br />Percent: 8.6", "Category: Simulation<br />Count: 49<br />Percent: 8.1", "Category: Gene Sets<br />Count: 45<br />Percent: 7.4", "Category: Variable Genes<br />Count: 44<br />Percent: 7.2", "Category: Gene Filtering<br />Count: 40<br />Percent: 6.6", "Category: Quantification<br />Count: 38<br />Percent: 6.3", "Category: UMIs<br />Count: 32<br />Percent: 5.3", "Category: Expression Patterns<br />Count: 31<br />Percent: 5.1", "Category: Variants<br />Count: 23<br />Percent: 3.8", "Category: Alignment<br />Count: 22<br />Percent: 3.6", "Category: Cell Cycle<br />Count: 15<br />Percent: 2.5", "Category: Alternative Splicing<br />Count: 11<br />Percent: 1.8", "Category: Immune<br />Count: 11<br />Percent: 1.8", "Category: Rare Cells<br />Count: 9<br />Percent: 1.5", "Category: Assembly<br />Count: 6<br />Percent: 1", "Category: Allele Specific<br />Count: 5<br />Percent: 0.8", "Category: Stem Cells<br />Count: 5<br />Percent: 0.8", "Category: Modality<br />Count: 4<br />Percent: 0.7", "Category: Transformation<br />Count: 4<br />Percent: 0.7", "Category: Haplotypes<br />Count: 2<br />Percent: 0.3"],
      "type": "bar",
      "marker": {
        "autocolorscale": false,
        "color": "rgba(122,82,199,1)",
        "line": {
          "width": 1.88976377952756,
          "color": "transparent"
        }
      },
      "showlegend": false,
      "xaxis": "x",
      "yaxis": "y",
      "hoverinfo": "text",
      "frame": null
    }
  ],
  "layout": {
    "margin": {
      "t": 50,
      "r": 30,
      "b": 50,
      "l": 70
    },
    "font": {
      "color": "rgba(0,0,0,1)",
      "family": "",
      "size": 18.5969281859693
    },
    "xaxis": {
      "domain": [0, 1],
      "automargin": true,
      "type": "linear",
      "autorange": false,
      "range": [0.4, 32.6],
      "tickmode": "array",
      "ticktext": ["Visualisation", "Clustering", "Dimensionality Reduction", "Ordering", "Normalisation", "Integration", "Differential Expression", "Quality Control", "Interactive", "Gene Networks", "Marker Genes", "Classification", "Imputation", "Simulation", "Gene Sets", "Variable Genes", "Gene Filtering", "Quantification", "UMIs", "Expression Patterns", "Variants", "Alignment", "Cell Cycle", "Alternative Splicing", "Immune", "Rare Cells", "Assembly", "Allele Specific", "Stem Cells", "Modality", "Transformation", "Haplotypes"],
      "tickvals": [1, 2, 3, 4, 5, 6, 7, 8, 9, 10, 11, 12, 13, 14, 15, 16, 17, 18, 19, 20, 21, 22, 23, 24, 25, 26, 27, 28, 29, 30, 31, 32],
      "categoryorder": "array",
      "categoryarray": ["Visualisation", "Clustering", "Dimensionality Reduction", "Ordering", "Normalisation", "Integration", "Differential Expression", "Quality Control", "Interactive", "Gene Networks", "Marker Genes", "Classification", "Imputation", "Simulation", "Gene Sets", "Variable Genes", "Gene Filtering", "Quantification", "UMIs", "Expression Patterns", "Variants", "Alignment", "Cell Cycle", "Alternative Splicing", "Immune", "Rare Cells", "Assembly", "Allele Specific", "Stem Cells", "Modality", "Transformation", "Haplotypes"],
      "nticks": null,
      "ticks": "outside",
      "tickcolor": "rgba(0,0,0,1)",
      "ticklen": 4.64923204649232,
      "tickwidth": 0.66417600664176,
      "showticklabels": true,
      "tickfont": {
        "color": "rgba(0,0,0,1)",
        "family": "",
        "size": 15.9402241594022
      },
      "tickangle": -60,
      "showline": true,
      "linecolor": "rgba(0,0,0,1)",
      "linewidth": 0.66417600664176,
      "showgrid": false,
      "gridcolor": null,
      "gridwidth": 0,
      "zeroline": false,
      "anchor": "y",
      "title": {
        "text": "",
        "font": {
          "color": null,
          "family": null,
          "size": 0
        }
      },
      "hoverformat": ".2f"
    },
    "yaxis": {
      "domain": [0, 1],
      "automargin": true,
      "type": "linear",
      "autorange": false,
      "range": [-0.0228171334431631, 0.479159802306425],
      "tickmode": "array",
      "ticktext": ["0.0%", "10.0%", "20.0%", "30.0%", "40.0%"],
      "tickvals": [0, 0.1, 0.2, 0.3, 0.4],
      "categoryorder": "array",
      "categoryarray": ["0.0%", "10.0%", "20.0%", "30.0%", "40.0%"],
      "nticks": null,
      "ticks": "outside",
      "tickcolor": "rgba(0,0,0,1)",
      "ticklen": 4.64923204649232,
      "tickwidth": 0.66417600664176,
      "showticklabels": true,
      "tickfont": {
        "color": "rgba(0,0,0,1)",
        "family": "",
        "size": 15.9402241594022
      },
      "tickangle": -0,
      "showline": true,
      "linecolor": "rgba(0,0,0,1)",
      "linewidth": 0.66417600664176,
      "showgrid": false,
      "gridcolor": null,
      "gridwidth": 0,
      "zeroline": false,
      "anchor": "x",
      "title": {
        "text": "Percentage of tools",
        "font": {
          "color": "rgba(0,0,0,1)",
          "family": "",
          "size": 18.5969281859693
        }
      },
      "hoverformat": ".2f"
    },
    "shapes": [
      {
        "type": "rect",
        "fillcolor": null,
        "line": {
          "color": null,
          "width": 0,
          "linetype": []
        },
        "yref": "paper",
        "xref": "paper",
        "x0": 0,
        "x1": 1,
        "y0": 0,
        "y1": 1
      }
    ],
    "showlegend": false,
    "legend": {
      "bgcolor": null,
      "bordercolor": null,
      "borderwidth": 0,
      "font": {
        "color": "rgba(0,0,0,1)",
        "family": "",
        "size": 15.9402241594022
      }
    },
    "hovermode": "closest",
    "height": 600,
    "barmode": "relative",
    "autosize": true
  },
  "config": {
    "doubleClick": "reset",
    "showSendToCloud": false,