{
  "data": [
    {
      "orientation": "v",
      "width": [0.95, 0.95, 0.95, 0.95, 0.949999999999999, 0.949999999999999, 0.949999999999999, 0.949999999999999, 0.949999999999999, 0.949999999999999, 0.949999999999999, 0.949999999999999, 0.949999999999999, 0.949999999999999, 0.949999999999999, 0.950000000000001, 0.950000000000003, 0.950000000000003, 0.950000000000003, 0.950000000000003, 0.950000000000003, 0.950000000000003, 0.950000000000003, 0.950000000000003, 0.950000000000003, 0.950000000000003, 0.950000000000003, 0.950000000000003, 0.950000000000003, 0.950000000000003, 0.950000000000003, 0.950000000000003],
      "base": [0, 0, 0, 0, 0, 0, 0, 0, 0, 0, 0, 0, 0, 0, 0, 0, 0, 0, 0, 0, 0, 0, 0, 0, 0, 0, 0, 0, 0, 0, 0, 0],
      "x": [1, 2, 3, 4, 5, 6, 7, 8, 9, 10, 11, 12, 13, 14, 15, 16, 17, 18, 19, 20, 21, 22, 23, 24, 25, 26, 27, 28, 29, 30, 31, 32],
      "y": [0.462633451957295, 0.265124555160142, 0.252669039145907, 0.153024911032028, 0.149466192170818, 0.122775800711744, 0.120996441281139, 0.119217081850534, 0.108540925266904, 0.106761565836299, 0.104982206405694, 0.0907473309608541, 0.0818505338078292, 0.0800711743772242, 0.0765124555160142, 0.0729537366548043, 0.0711743772241993, 0.0640569395017794, 0.0551601423487545, 0.0533807829181495, 0.0391459074733096, 0.0391459074733096, 0.0266903914590747, 0.0195729537366548, 0.0195729537366548, 0.0142348754448399, 0.0106761565836299, 0.00889679715302491, 0.00889679715302491, 0.00711743772241993, 0.00711743772241993, 0.00355871886120996],
      "text": ["Category: Visualisation<br />Prop: 0.462633452<br />Count: 260<br />Percent: 46.3", "Category: Clustering<br />Prop: 0.265124555<br />Count: 149<br />Percent: 26.5", "Category: Dimensionality Reduction<br />Prop: 0.252669039<br />Count: 142<br />Percent: 25.3", "Category: Normalisation<br />Prop: 0.153024911<br />Count: 86<br />Percent: 15.3", "Category: Ordering<br />Prop: 0.149466192<br />Count: 84<br />Percent: 14.9", "Category: Interactive<br />Prop: 0.122775801<br />Count: 69<br />Percent: 12.3", "Category: Quality Control<br />Prop: 0.120996441<br />Count: 68<br />Percent: 12.1", "Category: Differential Expression<br />Prop: 0.119217082<br />Count: 67<br />Percent: 11.9", "Category: Gene Networks<br />Prop: 0.108540925<br />Count: 61<br />Percent: 10.9", "Category: Integration<br />Prop: 0.106761566<br />Count: 60<br />Percent: 10.7", "Category: Marker Genes<br />Prop: 0.104982206<br />Count: 59<br />Percent: 10.5", "Category: Classification<br />Prop: 0.090747331<br />Count: 51<br />Percent: 9.1", "Category: Simulation<br />Prop: 0.081850534<br />Count: 46<br />Percent: 8.2", "Category: Imputation<br />Prop: 0.080071174<br />Count: 45<br />Percent: 8", "Category: Variable Genes<br />Prop: 0.076512456<br />Count: 43<br />Percent: 7.7", "Category: Gene Sets<br />Prop: 0.072953737<br />Count: 41<br />Percent: 7.3", "Category: Gene Filtering<br />Prop: 0.071174377<br />Count: 40<br />Percent: 7.1", "Category: Quantification<br />Prop: 0.064056940<br />Count: 36<br />Percent: 6.4", "Category: UMIs<br />Prop: 0.055160142<br />Count: 31<br />Percent: 5.5", "Category: Expression Patterns<br />Prop: 0.053380783<br />Count: 30<br />Percent: 5.3", "Category: Alignment<br />Prop: 0.039145907<br />Count: 22<br />Percent: 3.9", "Category: Variants<br />Prop: 0.039145907<br />Count: 22<br />Percent: 3.9", "Category: Cell Cycle<br />Prop: 0.026690391<br />Count: 15<br />Percent: 2.7", "Category: Alternative Splicing<br />Prop: 0.019572954<br />Count: 11<br />Percent: 2", "Category: Immune<br />Prop: 0.019572954<br />Count: 11<br />Percent: 2", "Category: Rare Cells<br />Prop: 0.014234875<br />Count: 8<br />Percent: 1.4", "Category: Assembly<br />Prop: 0.010676157<br />Count: 6<br />Percent: 1.1", "Category: Allele Specific<br />Prop: 0.008896797<br />Count: 5<br />Percent: 0.9", "Category: Stem Cells<br />Prop: 0.008896797<br />Count: 5<br />Percent: 0.9", "Category: Modality<br />Prop: 0.007117438<br />Count: 4<br />Percent: 0.7", "Category: Transformation<br />Prop: 0.007117438<br />Count: 4<br />Percent: 0.7", "Category: Haplotypes<br />Prop: 0.003558719<br />Count: 2<br />Percent: 0.4"],
      "type": "bar",
      "marker": {
        "autocolorscale": false,
        "color": "rgba(122,82,199,1)",
        "line": {
          "width": 1.88976377952756,
          "color": "transparent"
        }
      },
      "showlegend": false,
      "xaxis": "x",
      "yaxis": "y",
      "hoverinfo": "text",
      "frame": null
    }
  ],
  "layout": {
    "margin": {
      "t": 0,
      "r": 10,
      "b": 0,
      "l": 55
    },
    "font": {
      "color": "rgba(0,0,0,1)",
      "family": "",
      "size": 18.5969281859693
    },
    "xaxis": {
      "domain": [0, 1],
      "automargin": true,
      "type": "linear",
      "autorange": false,
      "range": [0.4, 32.6],
      "tickmode": "array",
      "ticktext": ["Visualisation", "Clustering", "Dimensionality Reduction", "Normalisation", "Ordering", "Interactive", "Quality Control", "Differential Expression", "Gene Networks", "Integration", "Marker Genes", "Classification", "Simulation", "Imputation", "Variable Genes", "Gene Sets", "Gene Filtering", "Quantification", "UMIs", "Expression Patterns", "Alignment", "Variants", "Cell Cycle", "Alternative Splicing", "Immune", "Rare Cells", "Assembly", "Allele Specific", "Stem Cells", "Modality", "Transformation", "Haplotypes"],
      "tickvals": [1, 2, 3, 4, 5, 6, 7, 8, 9, 10, 11, 12, 13, 14, 15, 16, 17, 18, 19, 20, 21, 22, 23, 24, 25, 26, 27, 28, 29, 30, 31, 32],
      "categoryorder": "array",
      "categoryarray": ["Visualisation", "Clustering", "Dimensionality Reduction", "Normalisation", "Ordering", "Interactive", "Quality Control", "Differential Expression", "Gene Networks", "Integration", "Marker Genes", "Classification", "Simulation", "Imputation", "Variable Genes", "Gene Sets", "Gene Filtering", "Quantification", "UMIs", "Expression Patterns", "Alignment", "Variants", "Cell Cycle", "Alternative Splicing", "Immune", "Rare Cells", "Assembly", "Allele Specific", "Stem Cells", "Modality", "Transformation", "Haplotypes"],
      "nticks": null,
      "ticks": "outside",
      "tickcolor": "rgba(0,0,0,1)",
      "ticklen": 4.64923204649232,
      "tickwidth": 0.66417600664176,
      "showticklabels": true,
      "tickfont": {
        "color": "rgba(0,0,0,1)",
        "family": "",
        "size": 7
      },
      "tickangle": -60,
      "showline": true,
      "linecolor": "rgba(0,0,0,1)",
      "linewidth": 0.66417600664176,
      "showgrid": false,
      "gridcolor": null,
      "gridwidth": 0,
      "zeroline": false,
      "anchor": "y",
      "title": {
        "text": "",
        "font": {
          "color": null,
          "family": null,
          "size": 9
        }
      },
      "hoverformat": ".2f",
      "fixedrange": true
    },
    "yaxis": {
      "domain": [0, 1],
      "automargin": true,
      "type": "linear",
      "autorange": false,
      "range": [-0.0231316725978648, 0.48576512455516],
      "tickmode": "array",
      "ticktext": ["0.0%", "10.0%", "20.0%", "30.0%", "40.0%"],
      "tickvals": [0, 0.1, 0.2, 0.3, 0.4],
      "categoryorder": "array",
      "categoryarray": ["0.0%", "10.0%", "20.0%", "30.0%", "40.0%"],
      "nticks": null,
      "ticks": "outside",
      "tickcolor": "rgba(0,0,0,1)",
      "ticklen": 4.64923204649232,
      "tickwidth": 0.66417600664176,
      "showticklabels": true,
      "tickfont": {
        "color": "rgba(0,0,0,1)",
        "family": "",
        "size": 7
      },
      "tickangle": -0,
      "showline": true,
      "linecolor": "rgba(0,0,0,1)",
      "linewidth": 0.66417600664176,
      "showgrid": false,
      "gridcolor": null,
      "gridwidth": 0,
      "zeroline": false,
      "anchor": "x",
      "title": {
        "text": "Percentage of tools",
        "font": {
          "color": "rgba(0,0,0,1)",
          "family": "",
          "size": 9
        }
      },
      "hoverformat": ".2f",