{
  "data": [
    {
      "orientation": "v",
      "width": [0.95000000000000007, 0.95000000000000018, 0.95000000000000018, 0.94999999999999973, 0.94999999999999929, 0.94999999999999929, 0.94999999999999929, 0.94999999999999929, 0.94999999999999929, 0.94999999999999929, 0.94999999999999929, 0.94999999999999929, 0.94999999999999929, 0.94999999999999929, 0.94999999999999929, 0.95000000000000107, 0.95000000000000284, 0.95000000000000284, 0.95000000000000284, 0.95000000000000284, 0.95000000000000284, 0.95000000000000284, 0.95000000000000284, 0.95000000000000284, 0.95000000000000284, 0.95000000000000284, 0.95000000000000284, 0.95000000000000284, 0.95000000000000284, 0.95000000000000284, 0.95000000000000284, 0.95000000000000284, 0.95000000000000284],
      "base": [0, 0, 0, 0, 0, 0, 0, 0, 0, 0, 0, 0, 0, 0, 0, 0, 0, 0, 0, 0, 0, 0, 0, 0, 0, 0, 0, 0, 0, 0, 0, 0, 0],
      "x": [1, 2, 3, 4, 5, 6, 7, 8, 9, 10, 11, 12, 13, 14, 15, 16, 17, 18, 19, 20, 21, 22, 23, 24, 25, 26, 27, 28, 29, 30, 31, 32, 33],
      "y": [0.41035422343324252, 0.25122615803814713, 0.21634877384196186, 0.16076294277929154, 0.13024523160762944, 0.11989100817438691, 0.1111716621253406, 0.098092643051771122, 0.094822888283378745, 0.093188010899182563, 0.084468664850136238, 0.078474114441416901, 0.063760217983651224, 0.061580381471389646, 0.061580381471389646, 0.061580381471389646, 0.060490463215258854, 0.048501362397820165, 0.037602179836512262, 0.032697547683923703, 0.032697547683923703, 0.030517711171662125, 0.029427792915531336, 0.029427792915531336, 0.026158038147138966, 0.02125340599455041, 0.011444141689373298, 0.0065395095367847414, 0.0059945504087193461, 0.0054495912806539508, 0.004359673024523161, 0.004359673024523161, 0.0010899182561307902],
      "text": ["Category: Visualisation<br />Prop: 0.410354223<br />Count: 753<br />Percent: 41", "Category: Dimensionality Reduction<br />Prop: 0.251226158<br />Count: 461<br />Percent: 25.1", "Category: Clustering<br />Prop: 0.216348774<br />Count: 397<br />Percent: 21.6", "Category: Integration<br />Prop: 0.160762943<br />Count: 295<br />Percent: 16.1", "Category: Gene Networks<br />Prop: 0.130245232<br />Count: 239<br />Percent: 13", "Category: Classification<br />Prop: 0.119891008<br />Count: 220<br />Percent: 12", "Category: Ordering<br />Prop: 0.111171662<br />Count: 204<br />Percent: 11.1", "Category: Quality Control<br />Prop: 0.098092643<br />Count: 180<br />Percent: 9.8", "Category: Normalisation<br />Prop: 0.094822888<br />Count: 174<br />Percent: 9.5", "Category: Differential Expression<br />Prop: 0.093188011<br />Count: 171<br />Percent: 9.3", "Category: Marker Genes<br />Prop: 0.084468665<br />Count: 155<br />Percent: 8.4", "Category: Gene Sets<br />Prop: 0.078474114<br />Count: 144<br />Percent: 7.8", "Category: Interactive<br />Prop: 0.063760218<br />Count: 117<br />Percent: 6.4", "Category: Imputation<br />Prop: 0.061580381<br />Count: 113<br />Percent: 6.2", "Category: Quantification<br />Prop: 0.061580381<br />Count: 113<br />Percent: 6.2", "Category: Variable Genes<br />Prop: 0.061580381<br />Count: 113<br />Percent: 6.2", "Category: Simulation<br />Prop: 0.060490463<br />Count: 111<br />Percent: 6", "Category: Variants<br />Prop: 0.048501362<br />Count: 89<br />Percent: 4.9", "Category: Gene Filtering<br />Prop: 0.037602180<br />Count: 69<br />Percent: 3.8", "Category: Alignment<br />Prop: 0.032697548<br />Count: 60<br />Percent: 3.3", "Category: UMIs<br />Prop: 0.032697548<br />Count: 60<br />Percent: 3.3", "Category: Expression Patterns<br />Prop: 0.030517711<br />Count: 56<br />Percent: 3.1", "Category: Immune<br />Prop: 0.029427793<br />Count: 54<br />Percent: 2.9", "Category: Perturbations<br />Prop: 0.029427793<br />Count: 54<br />Percent: 2.9", "Category: Alternative Splicing<br />Prop: 0.026158038<br />Count: 48<br />Percent: 2.6", "Category: Cell Cycle<br />Prop: 0.021253406<br />Count: 39<br />Percent: 2.1", "Category: Rare Cells<br />Prop: 0.011444142<br />Count: 21<br />Percent: 1.1", "Category: Transformation<br />Prop: 0.006539510<br />Count: 12<br />Percent: 0.7", "Category: Assembly<br />Prop: 0.005994550<br />Count: 11<br />Percent: 0.6", "Category: Stem Cells<br />Prop: 0.005449591<br />Count: 10<br />Percent: 0.5", "Category: Allele Specific<br />Prop: 0.004359673<br />Count: 8<br />Percent: 0.4", "Category: Modality<br />Prop: 0.004359673<br />Count: 8<br />Percent: 0.4", "Category: Haplotypes<br />Prop: 0.001089918<br />Count: 2<br />Percent: 0.1"],
      "type": "bar",
      "textposition": "none",
      "marker": {
        "autocolorscale": false,
        "color": "rgba(122,82,199,1)",
        "line": {
          "width": 1.8897637795275593,
          "color": "transparent"
        }
      },
      "showlegend": false,
      "xaxis": "x",
      "yaxis": "y",
      "hoverinfo": "text",
      "frame": null
    }
  ],
  "layout": {
    "margin": {
      "t": 0,
      "r": 10,
      "b": 0,
      "l": 55
    },
    "font": {
      "color": "rgba(0,0,0,1)",
      "family": "",
      "size": 18.596928185969286
    },
    "xaxis": {
      "domain": [0, 1],
      "automargin": true,
      "type": "linear",
      "autorange": false,
      "range": [0.40000000000000002, 33.600000000000001],
      "tickmode": "array",
      "ticktext": ["Visualisation", "Dimensionality Reduction", "Clustering", "Integration", "Gene Networks", "Classification", "Ordering", "Quality Control", "Normalisation", "Differential Expression", "Marker Genes", "Gene Sets", "Interactive", "Imputation", "Quantification", "Variable Genes", "Simulation", "Variants", "Gene Filtering", "Alignment", "UMIs", "Expression Patterns", "Immune", "Perturbations", "Alternative Splicing", "Cell Cycle", "Rare Cells", "Transformation", "Assembly", "Stem Cells", "Allele Specific", "Modality", "Haplotypes"],
      "tickvals": [1, 2, 3, 4, 5, 6, 7, 8, 9, 10, 11, 12, 13, 14, 15, 16, 17, 18, 19, 20, 21, 22, 23, 24, 25, 26, 27, 28, 29, 30, 31, 32, 33],
      "categoryorder": "array",
      "categoryarray": ["Visualisation", "Dimensionality Reduction", "Clustering", "Integration", "Gene Networks", "Classification", "Ordering", "Quality Control", "Normalisation", "Differential Expression", "Marker Genes", "Gene Sets", "Interactive", "Imputation", "Quantification", "Variable Genes", "Simulation", "Variants", "Gene Filtering", "Alignment", "UMIs", "Expression Patterns", "Immune", "Perturbations", "Alternative Splicing", "Cell Cycle", "Rare Cells", "Transformation", "Assembly", "Stem Cells", "Allele Specific", "Modality", "Haplotypes"],
      "nticks": null,
      "ticks": "outside",
      "tickcolor": "rgba(0,0,0,1)",
      "ticklen": 4.6492320464923216,
      "tickwidth": 0.66417600664176002,
      "showticklabels": true,
      "tickfont": {
        "color": "rgba(0,0,0,1)",
        "family": "",
        "size": 7
      },
      "tickangle": -60,
      "showline": true,
      "linecolor": "rgba(0,0,0,1)",
      "linewidth": 0.66417600664176002,
      "showgrid": false,
      "gridcolor": null,
      "gridwidth": 0,
      "zeroline": false,
      "anchor": "y",
      "title": {
        "text": "",
        "font": {
          "color": null,
          "family": null,
          "size": 9
        }
      },
      "hoverformat": ".2f",
      "fixedrange": true
    },
    "yaxis": {
      "domain": [0, 1],
      "automargin": true,
      "type": "linear",
      "autorange": false,
      "range": [-0.020517711171662126, 0.43087193460490464],
      "tickmode": "array",
      "ticktext": ["0%", "10%", "20%", "30%", "40%"],
      "tickvals": [0, 0.099999999999999992, 0.20000000000000001, 0.30000000000000004, 0.40000000000000002],
      "categoryorder": "array",
      "categoryarray": ["0%", "10%", "20%", "30%", "40%"],
      "nticks": null,
      "ticks": "outside",
      "tickcolor": "rgba(0,0,0,1)",
      "ticklen": 4.6492320464923216,
      "tickwidth": 0.66417600664176002,
      "showticklabels": true,
      "tickfont": {
        "color": "rgba(0,0,0,1)",