{
  "data": [
    {
      "orientation": "v",
      "width": [0.95, 0.95, 0.95, 0.95, 0.949999999999999, 0.949999999999999, 0.949999999999999, 0.949999999999999, 0.949999999999999, 0.949999999999999, 0.949999999999999, 0.949999999999999, 0.949999999999999, 0.949999999999999, 0.949999999999999, 0.950000000000001, 0.950000000000003, 0.950000000000003, 0.950000000000003, 0.950000000000003, 0.950000000000003, 0.950000000000003, 0.950000000000003, 0.950000000000003, 0.950000000000003, 0.950000000000003, 0.950000000000003, 0.950000000000003, 0.950000000000003, 0.950000000000003, 0.950000000000003, 0.950000000000003],
      "base": [0, 0, 0, 0, 0, 0, 0, 0, 0, 0, 0, 0, 0, 0, 0, 0, 0, 0, 0, 0, 0, 0, 0, 0, 0, 0, 0, 0, 0, 0, 0, 0],
      "x": [1, 2, 3, 4, 5, 6, 7, 8, 9, 10, 11, 12, 13, 14, 15, 16, 17, 18, 19, 20, 21, 22, 23, 24, 25, 26, 27, 28, 29, 30, 31, 32],
      "y": [0.454909819639279, 0.276553106212425, 0.244488977955912, 0.158316633266533, 0.156312625250501, 0.130260521042084, 0.120240480961924, 0.118236472945892, 0.110220440881764, 0.106212424849699, 0.106212424849699, 0.0901803607214429, 0.0801603206412826, 0.0801603206412826, 0.0741482965931864, 0.0721442885771543, 0.0701402805611222, 0.0601202404809619, 0.0581162324649299, 0.0541082164328657, 0.0420841683366733, 0.0340681362725451, 0.030060120240481, 0.0200400801603206, 0.0200400801603206, 0.0140280561122244, 0.0120240480961924, 0.0100200400801603, 0.0100200400801603, 0.00601202404809619, 0.00601202404809619, 0.00400801603206413],
      "text": ["Category: Visualisation<br />Prop: 0.454909820<br />Count: 227<br />Percent: 45.5", "Category: Clustering<br />Prop: 0.276553106<br />Count: 138<br />Percent: 27.7", "Category: Dimensionality Reduction<br />Prop: 0.244488978<br />Count: 122<br />Percent: 24.4", "Category: Normalisation<br />Prop: 0.158316633<br />Count: 79<br />Percent: 15.8", "Category: Ordering<br />Prop: 0.156312625<br />Count: 78<br />Percent: 15.6", "Category: Differential Expression<br />Prop: 0.130260521<br />Count: 65<br />Percent: 13", "Category: Quality Control<br />Prop: 0.120240481<br />Count: 60<br />Percent: 12", "Category: Interactive<br />Prop: 0.118236473<br />Count: 59<br />Percent: 11.8", "Category: Gene Networks<br />Prop: 0.110220441<br />Count: 55<br />Percent: 11", "Category: Integration<br />Prop: 0.106212425<br />Count: 53<br />Percent: 10.6", "Category: Marker Genes<br />Prop: 0.106212425<br />Count: 53<br />Percent: 10.6", "Category: Simulation<br />Prop: 0.090180361<br />Count: 45<br />Percent: 9", "Category: Classification<br />Prop: 0.080160321<br />Count: 40<br />Percent: 8", "Category: Variable Genes<br />Prop: 0.080160321<br />Count: 40<br />Percent: 8", "Category: Imputation<br />Prop: 0.074148297<br />Count: 37<br />Percent: 7.4", "Category: Gene Filtering<br />Prop: 0.072144289<br />Count: 36<br />Percent: 7.2", "Category: Quantification<br />Prop: 0.070140281<br />Count: 35<br />Percent: 7", "Category: Gene Sets<br />Prop: 0.060120240<br />Count: 30<br />Percent: 6", "Category: UMIs<br />Prop: 0.058116232<br />Count: 29<br />Percent: 5.8", "Category: Expression Patterns<br />Prop: 0.054108216<br />Count: 27<br />Percent: 5.4", "Category: Alignment<br />Prop: 0.042084168<br />Count: 21<br />Percent: 4.2", "Category: Variants<br />Prop: 0.034068136<br />Count: 17<br />Percent: 3.4", "Category: Cell Cycle<br />Prop: 0.030060120<br />Count: 15<br />Percent: 3", "Category: Alternative Splicing<br />Prop: 0.020040080<br />Count: 10<br />Percent: 2", "Category: Immune<br />Prop: 0.020040080<br />Count: 10<br />Percent: 2", "Category: Rare Cells<br />Prop: 0.014028056<br />Count: 7<br />Percent: 1.4", "Category: Assembly<br />Prop: 0.012024048<br />Count: 6<br />Percent: 1.2", "Category: Allele Specific<br />Prop: 0.010020040<br />Count: 5<br />Percent: 1", "Category: Stem Cells<br />Prop: 0.010020040<br />Count: 5<br />Percent: 1", "Category: Modality<br />Prop: 0.006012024<br />Count: 3<br />Percent: 0.6", "Category: Transformation<br />Prop: 0.006012024<br />Count: 3<br />Percent: 0.6", "Category: Haplotypes<br />Prop: 0.004008016<br />Count: 2<br />Percent: 0.4"],
      "type": "bar",
      "marker": {
        "autocolorscale": false,
        "color": "rgba(122,82,199,1)",
        "line": {
          "width": 1.88976377952756,
          "color": "transparent"
        }
      },
      "showlegend": false,
      "xaxis": "x",
      "yaxis": "y",
      "hoverinfo": "text",
      "frame": null
    }
  ],
  "layout": {
    "margin": {
      "t": 0,
      "r": 10,
      "b": 0,
      "l": 55
    },
    "font": {
      "color": "rgba(0,0,0,1)",
      "family": "",
      "size": 18.5969281859693
    },
    "xaxis": {
      "domain": [0, 1],
      "automargin": true,
      "type": "linear",
      "autorange": false,
      "range": [0.4, 32.6],
      "tickmode": "array",
      "ticktext": ["Visualisation", "Clustering", "Dimensionality Reduction", "Normalisation", "Ordering", "Differential Expression", "Quality Control", "Interactive", "Gene Networks", "Integration", "Marker Genes", "Simulation", "Classification", "Variable Genes", "Imputation", "Gene Filtering", "Quantification", "Gene Sets", "UMIs", "Expression Patterns", "Alignment", "Variants", "Cell Cycle", "Alternative Splicing", "Immune", "Rare Cells", "Assembly", "Allele Specific", "Stem Cells", "Modality", "Transformation", "Haplotypes"],
      "tickvals": [1, 2, 3, 4, 5, 6, 7, 8, 9, 10, 11, 12, 13, 14, 15, 16, 17, 18, 19, 20, 21, 22, 23, 24, 25, 26, 27, 28, 29, 30, 31, 32],
      "categoryorder": "array",
      "categoryarray": ["Visualisation", "Clustering", "Dimensionality Reduction", "Normalisation", "Ordering", "Differential Expression", "Quality Control", "Interactive", "Gene Networks", "Integration", "Marker Genes", "Simulation", "Classification", "Variable Genes", "Imputation", "Gene Filtering", "Quantification", "Gene Sets", "UMIs", "Expression Patterns", "Alignment", "Variants", "Cell Cycle", "Alternative Splicing", "Immune", "Rare Cells", "Assembly", "Allele Specific", "Stem Cells", "Modality", "Transformation", "Haplotypes"],
      "nticks": null,
      "ticks": "outside",
      "tickcolor": "rgba(0,0,0,1)",
      "ticklen": 4.64923204649232,
      "tickwidth": 0.66417600664176,
      "showticklabels": true,
      "tickfont": {
        "color": "rgba(0,0,0,1)",
        "family": "",
        "size": 7
      },
      "tickangle": -60,
      "showline": true,
      "linecolor": "rgba(0,0,0,1)",
      "linewidth": 0.66417600664176,
      "showgrid": false,
      "gridcolor": null,
      "gridwidth": 0,
      "zeroline": false,
      "anchor": "y",
      "title": {
        "text": "",
        "font": {
          "color": null,
          "family": null,
          "size": 9
        }
      },
      "hoverformat": ".2f",
      "fixedrange": true
    },
    "yaxis": {
      "domain": [0, 1],
      "automargin": true,
      "type": "linear",
      "autorange": false,
      "range": [-0.0227454909819639, 0.477655310621243],
      "tickmode": "array",
      "ticktext": ["0.0%", "10.0%", "20.0%", "30.0%", "40.0%"],
      "tickvals": [0, 0.1, 0.2, 0.3, 0.4],
      "categoryorder": "array",
      "categoryarray": ["0.0%", "10.0%", "20.0%", "30.0%", "40.0%"],
      "nticks": null,
      "ticks": "outside",
      "tickcolor": "rgba(0,0,0,1)",
      "ticklen": 4.64923204649232,
      "tickwidth": 0.66417600664176,
      "showticklabels": true,
      "tickfont": {
        "color": "rgba(0,0,0,1)",
        "family": "",
        "size": 7
      },
      "tickangle": -0,
      "showline": true,
      "linecolor": "rgba(0,0,0,1)",
      "linewidth": 0.66417600664176,
      "showgrid": false,
      "gridcolor": null,
      "gridwidth": 0,
      "zeroline": false,
      "anchor": "x",
      "title": {
        "text": "Percentage of tools",
        "font": {
          "color": "rgba(0,0,0,1)",
          "family": "",
          "size": 9
        }
      },
      "hoverformat": ".2f",
      "fixedrange": true
    },