{
  "data": [
    {
      "orientation": "v",
      "width": [0.95, 0.95, 0.95, 0.95, 0.949999999999999, 0.949999999999999, 0.949999999999999, 0.949999999999999, 0.949999999999999, 0.949999999999999, 0.949999999999999, 0.949999999999999, 0.949999999999999, 0.949999999999999, 0.949999999999999, 0.950000000000001, 0.950000000000003, 0.950000000000003, 0.950000000000003, 0.950000000000003, 0.950000000000003, 0.950000000000003, 0.950000000000003, 0.950000000000003, 0.950000000000003, 0.950000000000003, 0.950000000000003, 0.950000000000003, 0.950000000000003, 0.950000000000003, 0.950000000000003, 0.950000000000003, 0.950000000000003],
      "base": [0, 0, 0, 0, 0, 0, 0, 0, 0, 0, 0, 0, 0, 0, 0, 0, 0, 0, 0, 0, 0, 0, 0, 0, 0, 0, 0, 0, 0, 0, 0, 0, 0],
      "x": [1, 2, 3, 4, 5, 6, 7, 8, 9, 10, 11, 12, 13, 14, 15, 16, 17, 18, 19, 20, 21, 22, 23, 24, 25, 26, 27, 28, 29, 30, 31, 32, 33],
      "y": [0.411265432098765, 0.242283950617284, 0.241512345679012, 0.142746913580247, 0.123456790123457, 0.117283950617284, 0.113425925925926, 0.104166666666667, 0.100308641975309, 0.0987654320987654, 0.0841049382716049, 0.0725308641975309, 0.0694444444444444, 0.0640432098765432, 0.0632716049382716, 0.0617283950617284, 0.0609567901234568, 0.0455246913580247, 0.0416666666666667, 0.0354938271604938, 0.0339506172839506, 0.0324074074074074, 0.0270061728395062, 0.0223765432098765, 0.0216049382716049, 0.0177469135802469, 0.0123456790123457, 0.00694444444444444, 0.00617283950617284, 0.00540123456790123, 0.00540123456790123, 0.00462962962962963, 0.00154320987654321],
      "text": ["Category: Visualisation<br />Prop: 0.411265432<br />Count: 533<br />Percent: 41.1", "Category: Clustering<br />Prop: 0.242283951<br />Count: 314<br />Percent: 24.2", "Category: Dimensionality Reduction<br />Prop: 0.241512346<br />Count: 313<br />Percent: 24.2", "Category: Integration<br />Prop: 0.142746914<br />Count: 185<br />Percent: 14.3", "Category: Gene Networks<br />Prop: 0.123456790<br />Count: 160<br />Percent: 12.3", "Category: Classification<br />Prop: 0.117283951<br />Count: 152<br />Percent: 11.7", "Category: Ordering<br />Prop: 0.113425926<br />Count: 147<br />Percent: 11.3", "Category: Differential Expression<br />Prop: 0.104166667<br />Count: 135<br />Percent: 10.4", "Category: Quality Control<br />Prop: 0.100308642<br />Count: 130<br />Percent: 10", "Category: Normalisation<br />Prop: 0.098765432<br />Count: 128<br />Percent: 9.9", "Category: Marker Genes<br />Prop: 0.084104938<br />Count: 109<br />Percent: 8.4", "Category: Interactive<br />Prop: 0.072530864<br />Count: 94<br />Percent: 7.3", "Category: Gene Sets<br />Prop: 0.069444444<br />Count: 90<br />Percent: 6.9", "Category: Imputation<br />Prop: 0.064043210<br />Count: 83<br />Percent: 6.4", "Category: Simulation<br />Prop: 0.063271605<br />Count: 82<br />Percent: 6.3", "Category: Quantification<br />Prop: 0.061728395<br />Count: 80<br />Percent: 6.2", "Category: Variable Genes<br />Prop: 0.060956790<br />Count: 79<br />Percent: 6.1", "Category: Gene Filtering<br />Prop: 0.045524691<br />Count: 59<br />Percent: 4.6", "Category: Variants<br />Prop: 0.041666667<br />Count: 54<br />Percent: 4.2", "Category: Alignment<br />Prop: 0.035493827<br />Count: 46<br />Percent: 3.5", "Category: UMIs<br />Prop: 0.033950617<br />Count: 44<br />Percent: 3.4", "Category: Expression Patterns<br />Prop: 0.032407407<br />Count: 42<br />Percent: 3.2", "Category: Alternative Splicing<br />Prop: 0.027006173<br />Count: 35<br />Percent: 2.7", "Category: Immune<br />Prop: 0.022376543<br />Count: 29<br />Percent: 2.2", "Category: Cell Cycle<br />Prop: 0.021604938<br />Count: 28<br />Percent: 2.2", "Category: Perturbations<br />Prop: 0.017746914<br />Count: 23<br />Percent: 1.8", "Category: Rare Cells<br />Prop: 0.012345679<br />Count: 16<br />Percent: 1.2", "Category: Assembly<br />Prop: 0.006944444<br />Count: 9<br />Percent: 0.7", "Category: Transformation<br />Prop: 0.006172840<br />Count: 8<br />Percent: 0.6", "Category: Modality<br />Prop: 0.005401235<br />Count: 7<br />Percent: 0.5", "Category: Stem Cells<br />Prop: 0.005401235<br />Count: 7<br />Percent: 0.5", "Category: Allele Specific<br />Prop: 0.004629630<br />Count: 6<br />Percent: 0.5", "Category: Haplotypes<br />Prop: 0.001543210<br />Count: 2<br />Percent: 0.2"],
      "type": "bar",
      "textposition": "none",
      "marker": {
        "autocolorscale": false,
        "color": "rgba(122,82,199,1)",
        "line": {
          "width": 1.88976377952756,
          "color": "transparent"
        }
      },
      "showlegend": false,
      "xaxis": "x",
      "yaxis": "y",
      "hoverinfo": "text",
      "frame": null
    }
  ],
  "layout": {
    "margin": {
      "t": 0,
      "r": 10,
      "b": 0,
      "l": 55
    },
    "font": {
      "color": "rgba(0,0,0,1)",
      "family": "",
      "size": 18.5969281859693
    },
    "xaxis": {
      "domain": [0, 1],
      "automargin": true,
      "type": "linear",
      "autorange": false,
      "range": [0.4, 33.6],
      "tickmode": "array",
      "ticktext": ["Visualisation", "Clustering", "Dimensionality Reduction", "Integration", "Gene Networks", "Classification", "Ordering", "Differential Expression", "Quality Control", "Normalisation", "Marker Genes", "Interactive", "Gene Sets", "Imputation", "Simulation", "Quantification", "Variable Genes", "Gene Filtering", "Variants", "Alignment", "UMIs", "Expression Patterns", "Alternative Splicing", "Immune", "Cell Cycle", "Perturbations", "Rare Cells", "Assembly", "Transformation", "Modality", "Stem Cells", "Allele Specific", "Haplotypes"],
      "tickvals": [1, 2, 3, 4, 5, 6, 7, 8, 9, 10, 11, 12, 13, 14, 15, 16, 17, 18, 19, 20, 21, 22, 23, 24, 25, 26, 27, 28, 29, 30, 31, 32, 33],
      "categoryorder": "array",
      "categoryarray": ["Visualisation", "Clustering", "Dimensionality Reduction", "Integration", "Gene Networks", "Classification", "Ordering", "Differential Expression", "Quality Control", "Normalisation", "Marker Genes", "Interactive", "Gene Sets", "Imputation", "Simulation", "Quantification", "Variable Genes", "Gene Filtering", "Variants", "Alignment", "UMIs", "Expression Patterns", "Alternative Splicing", "Immune", "Cell Cycle", "Perturbations", "Rare Cells", "Assembly", "Transformation", "Modality", "Stem Cells", "Allele Specific", "Haplotypes"],
      "nticks": null,
      "ticks": "outside",
      "tickcolor": "rgba(0,0,0,1)",
      "ticklen": 4.64923204649232,
      "tickwidth": 0.66417600664176,
      "showticklabels": true,
      "tickfont": {
        "color": "rgba(0,0,0,1)",
        "family": "",
        "size": 7
      },
      "tickangle": -60,
      "showline": true,
      "linecolor": "rgba(0,0,0,1)",
      "linewidth": 0.66417600664176,
      "showgrid": false,
      "gridcolor": null,
      "gridwidth": 0,
      "zeroline": false,
      "anchor": "y",
      "title": {
        "text": "",
        "font": {
          "color": null,
          "family": null,
          "size": 9
        }
      },
      "hoverformat": ".2f",
      "fixedrange": true
    },
    "yaxis": {
      "domain": [0, 1],
      "automargin": true,
      "type": "linear",
      "autorange": false,
      "range": [-0.0205632716049383, 0.431828703703704],
      "tickmode": "array",
      "ticktext": ["0%", "10%", "20%", "30%", "40%"],
      "tickvals": [0, 0.1, 0.2, 0.3, 0.4],
      "categoryorder": "array",
      "categoryarray": ["0%", "10%", "20%", "30%", "40%"],
      "nticks": null,
      "ticks": "outside",
      "tickcolor": "rgba(0,0,0,1)",
      "ticklen": 4.64923204649232,
      "tickwidth": 0.66417600664176,
      "showticklabels": true,
      "tickfont": {
        "color": "rgba(0,0,0,1)",
        "family": "",
        "size": 7
      },
      "tickangle": -0,
      "showline": true,
      "linecolor": "rgba(0,0,0,1)",
      "linewidth": 0.66417600664176,
      "showgrid": false,
      "gridcolor": null,
      "gridwidth": 0,
      "zeroline": false,
      "anchor": "x",