{
  "data": [
    {
      "orientation": "v",
      "width": [0.95, 0.95, 0.95, 0.95, 0.949999999999999, 0.949999999999999, 0.949999999999999, 0.949999999999999, 0.949999999999999, 0.949999999999999, 0.949999999999999, 0.949999999999999, 0.949999999999999, 0.949999999999999, 0.949999999999999, 0.950000000000001, 0.950000000000003, 0.950000000000003, 0.950000000000003, 0.950000000000003, 0.950000000000003, 0.950000000000003, 0.950000000000003, 0.950000000000003, 0.950000000000003, 0.950000000000003, 0.950000000000003, 0.950000000000003, 0.950000000000003, 0.950000000000003, 0.950000000000003, 0.950000000000003],
      "base": [0, 0, 0, 0, 0, 0, 0, 0, 0, 0, 0, 0, 0, 0, 0, 0, 0, 0, 0, 0, 0, 0, 0, 0, 0, 0, 0, 0, 0, 0, 0, 0],
      "x": [1, 2, 3, 4, 5, 6, 7, 8, 9, 10, 11, 12, 13, 14, 15, 16, 17, 18, 19, 20, 21, 22, 23, 24, 25, 26, 27, 28, 29, 30, 31, 32],
      "y": [0.463768115942029, 0.268115942028986, 0.25, 0.155797101449275, 0.152173913043478, 0.123188405797101, 0.123188405797101, 0.121376811594203, 0.110507246376812, 0.105072463768116, 0.103260869565217, 0.0905797101449275, 0.0833333333333333, 0.0797101449275362, 0.0778985507246377, 0.0742753623188406, 0.072463768115942, 0.0652173913043478, 0.0561594202898551, 0.0543478260869565, 0.0398550724637681, 0.036231884057971, 0.0271739130434783, 0.0199275362318841, 0.0199275362318841, 0.0144927536231884, 0.0108695652173913, 0.00905797101449275, 0.00905797101449275, 0.0072463768115942, 0.0072463768115942, 0.0036231884057971],
      "text": ["Category: Visualisation<br />Prop: 0.463768116<br />Count: 256<br />Percent: 46.4", "Category: Clustering<br />Prop: 0.268115942<br />Count: 148<br />Percent: 26.8", "Category: Dimensionality Reduction<br />Prop: 0.250000000<br />Count: 138<br />Percent: 25", "Category: Normalisation<br />Prop: 0.155797101<br />Count: 86<br />Percent: 15.6", "Category: Ordering<br />Prop: 0.152173913<br />Count: 84<br />Percent: 15.2", "Category: Interactive<br />Prop: 0.123188406<br />Count: 68<br />Percent: 12.3", "Category: Quality Control<br />Prop: 0.123188406<br />Count: 68<br />Percent: 12.3", "Category: Differential Expression<br />Prop: 0.121376812<br />Count: 67<br />Percent: 12.1", "Category: Gene Networks<br />Prop: 0.110507246<br />Count: 61<br />Percent: 11.1", "Category: Marker Genes<br />Prop: 0.105072464<br />Count: 58<br />Percent: 10.5", "Category: Integration<br />Prop: 0.103260870<br />Count: 57<br />Percent: 10.3", "Category: Classification<br />Prop: 0.090579710<br />Count: 50<br />Percent: 9.1", "Category: Simulation<br />Prop: 0.083333333<br />Count: 46<br />Percent: 8.3", "Category: Imputation<br />Prop: 0.079710145<br />Count: 44<br />Percent: 8", "Category: Variable Genes<br />Prop: 0.077898551<br />Count: 43<br />Percent: 7.8", "Category: Gene Sets<br />Prop: 0.074275362<br />Count: 41<br />Percent: 7.4", "Category: Gene Filtering<br />Prop: 0.072463768<br />Count: 40<br />Percent: 7.2", "Category: Quantification<br />Prop: 0.065217391<br />Count: 36<br />Percent: 6.5", "Category: UMIs<br />Prop: 0.056159420<br />Count: 31<br />Percent: 5.6", "Category: Expression Patterns<br />Prop: 0.054347826<br />Count: 30<br />Percent: 5.4", "Category: Alignment<br />Prop: 0.039855072<br />Count: 22<br />Percent: 4", "Category: Variants<br />Prop: 0.036231884<br />Count: 20<br />Percent: 3.6", "Category: Cell Cycle<br />Prop: 0.027173913<br />Count: 15<br />Percent: 2.7", "Category: Alternative Splicing<br />Prop: 0.019927536<br />Count: 11<br />Percent: 2", "Category: Immune<br />Prop: 0.019927536<br />Count: 11<br />Percent: 2", "Category: Rare Cells<br />Prop: 0.014492754<br />Count: 8<br />Percent: 1.4", "Category: Assembly<br />Prop: 0.010869565<br />Count: 6<br />Percent: 1.1", "Category: Allele Specific<br />Prop: 0.009057971<br />Count: 5<br />Percent: 0.9", "Category: Stem Cells<br />Prop: 0.009057971<br />Count: 5<br />Percent: 0.9", "Category: Modality<br />Prop: 0.007246377<br />Count: 4<br />Percent: 0.7", "Category: Transformation<br />Prop: 0.007246377<br />Count: 4<br />Percent: 0.7", "Category: Haplotypes<br />Prop: 0.003623188<br />Count: 2<br />Percent: 0.4"],
      "type": "bar",
      "marker": {
        "autocolorscale": false,
        "color": "rgba(122,82,199,1)",
        "line": {
          "width": 1.88976377952756,
          "color": "transparent"
        }
      },
      "showlegend": false,
      "xaxis": "x",
      "yaxis": "y",
      "hoverinfo": "text",
      "frame": null
    }
  ],
  "layout": {
    "margin": {
      "t": 0,
      "r": 10,
      "b": 0,
      "l": 55
    },
    "font": {
      "color": "rgba(0,0,0,1)",
      "family": "",
      "size": 18.5969281859693
    },
    "xaxis": {
      "domain": [0, 1],
      "automargin": true,
      "type": "linear",
      "autorange": false,
      "range": [0.4, 32.6],
      "tickmode": "array",
      "ticktext": ["Visualisation", "Clustering", "Dimensionality Reduction", "Normalisation", "Ordering", "Interactive", "Quality Control", "Differential Expression", "Gene Networks", "Marker Genes", "Integration", "Classification", "Simulation", "Imputation", "Variable Genes", "Gene Sets", "Gene Filtering", "Quantification", "UMIs", "Expression Patterns", "Alignment", "Variants", "Cell Cycle", "Alternative Splicing", "Immune", "Rare Cells", "Assembly", "Allele Specific", "Stem Cells", "Modality", "Transformation", "Haplotypes"],
      "tickvals": [1, 2, 3, 4, 5, 6, 7, 8, 9, 10, 11, 12, 13, 14, 15, 16, 17, 18, 19, 20, 21, 22, 23, 24, 25, 26, 27, 28, 29, 30, 31, 32],
      "categoryorder": "array",
      "categoryarray": ["Visualisation", "Clustering", "Dimensionality Reduction", "Normalisation", "Ordering", "Interactive", "Quality Control", "Differential Expression", "Gene Networks", "Marker Genes", "Integration", "Classification", "Simulation", "Imputation", "Variable Genes", "Gene Sets", "Gene Filtering", "Quantification", "UMIs", "Expression Patterns", "Alignment", "Variants", "Cell Cycle", "Alternative Splicing", "Immune", "Rare Cells", "Assembly", "Allele Specific", "Stem Cells", "Modality", "Transformation", "Haplotypes"],
      "nticks": null,
      "ticks": "outside",
      "tickcolor": "rgba(0,0,0,1)",
      "ticklen": 4.64923204649232,
      "tickwidth": 0.66417600664176,
      "showticklabels": true,
      "tickfont": {
        "color": "rgba(0,0,0,1)",
        "family": "",
        "size": 7
      },
      "tickangle": -60,
      "showline": true,
      "linecolor": "rgba(0,0,0,1)",
      "linewidth": 0.66417600664176,
      "showgrid": false,
      "gridcolor": null,
      "gridwidth": 0,
      "zeroline": false,
      "anchor": "y",
      "title": {
        "text": "",
        "font": {
          "color": null,
          "family": null,
          "size": 9
        }
      },
      "hoverformat": ".2f",
      "fixedrange": true
    },
    "yaxis": {
      "domain": [0, 1],
      "automargin": true,
      "type": "linear",
      "autorange": false,
      "range": [-0.0231884057971014, 0.48695652173913],
      "tickmode": "array",
      "ticktext": ["0.0%", "10.0%", "20.0%", "30.0%", "40.0%"],
      "tickvals": [0, 0.1, 0.2, 0.3, 0.4],
      "categoryorder": "array",
      "categoryarray": ["0.0%", "10.0%", "20.0%", "30.0%", "40.0%"],
      "nticks": null,
      "ticks": "outside",
      "tickcolor": "rgba(0,0,0,1)",
      "ticklen": 4.64923204649232,
      "tickwidth": 0.66417600664176,
      "showticklabels": true,
      "tickfont": {
        "color": "rgba(0,0,0,1)",
        "family": "",
        "size": 7
      },
      "tickangle": -0,
      "showline": true,
      "linecolor": "rgba(0,0,0,1)",
      "linewidth": 0.66417600664176,
      "showgrid": false,
      "gridcolor": null,
      "gridwidth": 0,
      "zeroline": false,
      "anchor": "x",
      "title": {
        "text": "Percentage of tools",
        "font": {
          "color": "rgba(0,0,0,1)",
          "family": "",
          "size": 9
        }
      },
      "hoverformat": ".2f",
      "fixedrange": true
    },