{
  "data": [
    {
      "orientation": "v",
      "width": [0.95, 0.95, 0.95, 0.95, 0.949999999999999, 0.949999999999999, 0.949999999999999, 0.949999999999999, 0.949999999999999, 0.949999999999999, 0.949999999999999, 0.949999999999999, 0.949999999999999, 0.949999999999999, 0.949999999999999, 0.950000000000001, 0.950000000000003, 0.950000000000003, 0.950000000000003, 0.950000000000003, 0.950000000000003, 0.950000000000003, 0.950000000000003, 0.950000000000003, 0.950000000000003, 0.950000000000003, 0.950000000000003, 0.950000000000003, 0.950000000000003, 0.950000000000003, 0.950000000000003, 0.950000000000003],
      "base": [0, 0, 0, 0, 0, 0, 0, 0, 0, 0, 0, 0, 0, 0, 0, 0, 0, 0, 0, 0, 0, 0, 0, 0, 0, 0, 0, 0, 0, 0, 0, 0],
      "x": [1, 2, 3, 4, 5, 6, 7, 8, 9, 10, 11, 12, 13, 14, 15, 16, 17, 18, 19, 20, 21, 22, 23, 24, 25, 26, 27, 28, 29, 30, 31, 32],
      "y": [0.459923664122137, 0.269083969465649, 0.24618320610687, 0.156488549618321, 0.150763358778626, 0.125954198473282, 0.124045801526718, 0.122137404580153, 0.110687022900763, 0.103053435114504, 0.103053435114504, 0.0858778625954199, 0.0858778625954199, 0.0782442748091603, 0.0763358778625954, 0.0744274809160305, 0.0687022900763359, 0.0687022900763359, 0.0591603053435115, 0.0553435114503817, 0.0419847328244275, 0.0324427480916031, 0.0286259541984733, 0.0209923664122137, 0.0190839694656489, 0.0133587786259542, 0.0114503816793893, 0.00954198473282443, 0.00954198473282443, 0.00763358778625954, 0.00572519083969466, 0.00381679389312977],
      "text": ["Category: Visualisation<br />Count: 241<br />Percent: 46", "Category: Clustering<br />Count: 141<br />Percent: 26.9", "Category: Dimensionality Reduction<br />Count: 129<br />Percent: 24.6", "Category: Normalisation<br />Count: 82<br />Percent: 15.6", "Category: Ordering<br />Count: 79<br />Percent: 15.1", "Category: Quality Control<br />Count: 66<br />Percent: 12.6", "Category: Differential Expression<br />Count: 65<br />Percent: 12.4", "Category: Interactive<br />Count: 64<br />Percent: 12.2", "Category: Gene Networks<br />Count: 58<br />Percent: 11.1", "Category: Integration<br />Count: 54<br />Percent: 10.3", "Category: Marker Genes<br />Count: 54<br />Percent: 10.3", "Category: Classification<br />Count: 45<br />Percent: 8.6", "Category: Simulation<br />Count: 45<br />Percent: 8.6", "Category: Variable Genes<br />Count: 41<br />Percent: 7.8", "Category: Gene Filtering<br />Count: 40<br />Percent: 7.6", "Category: Imputation<br />Count: 39<br />Percent: 7.4", "Category: Gene Sets<br />Count: 36<br />Percent: 6.9", "Category: Quantification<br />Count: 36<br />Percent: 6.9", "Category: UMIs<br />Count: 31<br />Percent: 5.9", "Category: Expression Patterns<br />Count: 29<br />Percent: 5.5", "Category: Alignment<br />Count: 22<br />Percent: 4.2", "Category: Variants<br />Count: 17<br />Percent: 3.2", "Category: Cell Cycle<br />Count: 15<br />Percent: 2.9", "Category: Immune<br />Count: 11<br />Percent: 2.1", "Category: Alternative Splicing<br />Count: 10<br />Percent: 1.9", "Category: Rare Cells<br />Count: 7<br />Percent: 1.3", "Category: Assembly<br />Count: 6<br />Percent: 1.1", "Category: Allele Specific<br />Count: 5<br />Percent: 1", "Category: Stem Cells<br />Count: 5<br />Percent: 1", "Category: Transformation<br />Count: 4<br />Percent: 0.8", "Category: Modality<br />Count: 3<br />Percent: 0.6", "Category: Haplotypes<br />Count: 2<br />Percent: 0.4"],
      "type": "bar",
      "marker": {
        "autocolorscale": false,
        "color": "rgba(122,82,199,1)",
        "line": {
          "width": 1.88976377952756,
          "color": "transparent"
        }
      },
      "showlegend": false,
      "xaxis": "x",
      "yaxis": "y",
      "hoverinfo": "text",
      "frame": null
    }
  ],
  "layout": {
    "margin": {
      "t": 50,
      "r": 30,
      "b": 50,
      "l": 70
    },
    "font": {
      "color": "rgba(0,0,0,1)",
      "family": "",
      "size": 18.5969281859693
    },
    "xaxis": {
      "domain": [0, 1],
      "automargin": true,
      "type": "linear",
      "autorange": false,
      "range": [0.4, 32.6],
      "tickmode": "array",
      "ticktext": ["Visualisation", "Clustering", "Dimensionality Reduction", "Normalisation", "Ordering", "Quality Control", "Differential Expression", "Interactive", "Gene Networks", "Integration", "Marker Genes", "Classification", "Simulation", "Variable Genes", "Gene Filtering", "Imputation", "Gene Sets", "Quantification", "UMIs", "Expression Patterns", "Alignment", "Variants", "Cell Cycle", "Immune", "Alternative Splicing", "Rare Cells", "Assembly", "Allele Specific", "Stem Cells", "Transformation", "Modality", "Haplotypes"],
      "tickvals": [1, 2, 3, 4, 5, 6, 7, 8, 9, 10, 11, 12, 13, 14, 15, 16, 17, 18, 19, 20, 21, 22, 23, 24, 25, 26, 27, 28, 29, 30, 31, 32],
      "categoryorder": "array",
      "categoryarray": ["Visualisation", "Clustering", "Dimensionality Reduction", "Normalisation", "Ordering", "Quality Control", "Differential Expression", "Interactive", "Gene Networks", "Integration", "Marker Genes", "Classification", "Simulation", "Variable Genes", "Gene Filtering", "Imputation", "Gene Sets", "Quantification", "UMIs", "Expression Patterns", "Alignment", "Variants", "Cell Cycle", "Immune", "Alternative Splicing", "Rare Cells", "Assembly", "Allele Specific", "Stem Cells", "Transformation", "Modality", "Haplotypes"],
      "nticks": null,
      "ticks": "outside",
      "tickcolor": "rgba(0,0,0,1)",
      "ticklen": 4.64923204649232,
      "tickwidth": 0.66417600664176,
      "showticklabels": true,
      "tickfont": {
        "color": "rgba(0,0,0,1)",
        "family": "",
        "size": 15.9402241594022
      },
      "tickangle": -60,
      "showline": true,
      "linecolor": "rgba(0,0,0,1)",
      "linewidth": 0.66417600664176,
      "showgrid": false,
      "gridcolor": null,
      "gridwidth": 0,
      "zeroline": false,
      "anchor": "y",
      "title": {
        "text": "",
        "font": {
          "color": null,
          "family": null,
          "size": 0
        }
      },
      "hoverformat": ".2f"
    },
    "yaxis": {
      "domain": [0, 1],
      "automargin": true,
      "type": "linear",
      "autorange": false,
      "range": [-0.0229961832061069, 0.482919847328244],
      "tickmode": "array",
      "ticktext": ["0.0%", "10.0%", "20.0%", "30.0%", "40.0%"],
      "tickvals": [0, 0.1, 0.2, 0.3, 0.4],
      "categoryorder": "array",
      "categoryarray": ["0.0%", "10.0%", "20.0%", "30.0%", "40.0%"],
      "nticks": null,
      "ticks": "outside",
      "tickcolor": "rgba(0,0,0,1)",
      "ticklen": 4.64923204649232,
      "tickwidth": 0.66417600664176,
      "showticklabels": true,
      "tickfont": {
        "color": "rgba(0,0,0,1)",
        "family": "",
        "size": 15.9402241594022
      },
      "tickangle": -0,
      "showline": true,
      "linecolor": "rgba(0,0,0,1)",
      "linewidth": 0.66417600664176,
      "showgrid": false,
      "gridcolor": null,
      "gridwidth": 0,
      "zeroline": false,
      "anchor": "x",
      "title": {
        "text": "Percentage of tools",
        "font": {
          "color": "rgba(0,0,0,1)",
          "family": "",
          "size": 18.5969281859693
        }
      },
      "hoverformat": ".2f"
    },
    "shapes": [
      {
        "type": "rect",
        "fillcolor": null,
        "line": {
          "color": null,
          "width": 0,
          "linetype": []
        },
        "yref": "paper",
        "xref": "paper",
        "x0": 0,
        "x1": 1,
        "y0": 0,
        "y1": 1
      }
    ],
    "showlegend": false,
    "legend": {
      "bgcolor": null,
      "bordercolor": null,
      "borderwidth": 0,
      "font": {
        "color": "rgba(0,0,0,1)",
        "family": "",
        "size": 15.9402241594022
      }
    },
    "hovermode": "closest",
    "height": 600,
    "barmode": "relative",
    "autosize": true
  },
  "config": {
    "doubleClick": "reset",
    "showSendToCloud": false,