{
  "data": [
    {
      "orientation": "v",
      "width": [0.95, 0.95, 0.95, 0.95, 0.949999999999999, 0.949999999999999, 0.949999999999999, 0.949999999999999, 0.949999999999999, 0.949999999999999, 0.949999999999999, 0.949999999999999, 0.949999999999999, 0.949999999999999, 0.949999999999999, 0.950000000000001, 0.950000000000003, 0.950000000000003, 0.950000000000003, 0.950000000000003, 0.950000000000003, 0.950000000000003, 0.950000000000003, 0.950000000000003, 0.950000000000003, 0.950000000000003, 0.950000000000003, 0.950000000000003, 0.950000000000003, 0.950000000000003, 0.950000000000003, 0.950000000000003],
      "base": [0, 0, 0, 0, 0, 0, 0, 0, 0, 0, 0, 0, 0, 0, 0, 0, 0, 0, 0, 0, 0, 0, 0, 0, 0, 0, 0, 0, 0, 0, 0, 0],
      "x": [1, 2, 3, 4, 5, 6, 7, 8, 9, 10, 11, 12, 13, 14, 15, 16, 17, 18, 19, 20, 21, 22, 23, 24, 25, 26, 27, 28, 29, 30, 31, 32],
      "y": [0.452418096723869, 0.265210608424337, 0.254290171606864, 0.141965678627145, 0.140405616224649, 0.118564742589704, 0.118564742589704, 0.112324492979719, 0.110764430577223, 0.109204368174727, 0.104524180967239, 0.0982839313572543, 0.0873634945397816, 0.078003120124805, 0.0733229329173167, 0.0686427457098284, 0.0655226209048362, 0.0608424336973479, 0.0514820592823713, 0.0499219968798752, 0.0390015600624025, 0.0374414976599064, 0.0265210608424337, 0.0202808112324493, 0.0187207488299532, 0.0140405616224649, 0.0093603744149766, 0.0093603744149766, 0.0078003120124805, 0.0062402496099844, 0.0062402496099844, 0.0031201248049922],
      "text": ["Category: Visualisation<br />Prop: 0.452418097<br />Count: 290<br />Percent: 45.2", "Category: Clustering<br />Prop: 0.265210608<br />Count: 170<br />Percent: 26.5", "Category: Dimensionality Reduction<br />Prop: 0.254290172<br />Count: 163<br />Percent: 25.4", "Category: Ordering<br />Prop: 0.141965679<br />Count: 91<br />Percent: 14.2", "Category: Normalisation<br />Prop: 0.140405616<br />Count: 90<br />Percent: 14", "Category: Differential Expression<br />Prop: 0.118564743<br />Count: 76<br />Percent: 11.9", "Category: Integration<br />Prop: 0.118564743<br />Count: 76<br />Percent: 11.9", "Category: Quality Control<br />Prop: 0.112324493<br />Count: 72<br />Percent: 11.2", "Category: Interactive<br />Prop: 0.110764431<br />Count: 71<br />Percent: 11.1", "Category: Gene Networks<br />Prop: 0.109204368<br />Count: 70<br />Percent: 10.9", "Category: Marker Genes<br />Prop: 0.104524181<br />Count: 67<br />Percent: 10.5", "Category: Classification<br />Prop: 0.098283931<br />Count: 63<br />Percent: 9.8", "Category: Imputation<br />Prop: 0.087363495<br />Count: 56<br />Percent: 8.7", "Category: Simulation<br />Prop: 0.078003120<br />Count: 50<br />Percent: 7.8", "Category: Gene Sets<br />Prop: 0.073322933<br />Count: 47<br />Percent: 7.3", "Category: Variable Genes<br />Prop: 0.068642746<br />Count: 44<br />Percent: 6.9", "Category: Gene Filtering<br />Prop: 0.065522621<br />Count: 42<br />Percent: 6.6", "Category: Quantification<br />Prop: 0.060842434<br />Count: 39<br />Percent: 6.1", "Category: UMIs<br />Prop: 0.051482059<br />Count: 33<br />Percent: 5.1", "Category: Expression Patterns<br />Prop: 0.049921997<br />Count: 32<br />Percent: 5", "Category: Variants<br />Prop: 0.039001560<br />Count: 25<br />Percent: 3.9", "Category: Alignment<br />Prop: 0.037441498<br />Count: 24<br />Percent: 3.7", "Category: Cell Cycle<br />Prop: 0.026521061<br />Count: 17<br />Percent: 2.7", "Category: Immune<br />Prop: 0.020280811<br />Count: 13<br />Percent: 2", "Category: Alternative Splicing<br />Prop: 0.018720749<br />Count: 12<br />Percent: 1.9", "Category: Rare Cells<br />Prop: 0.014040562<br />Count: 9<br />Percent: 1.4", "Category: Allele Specific<br />Prop: 0.009360374<br />Count: 6<br />Percent: 0.9", "Category: Assembly<br />Prop: 0.009360374<br />Count: 6<br />Percent: 0.9", "Category: Stem Cells<br />Prop: 0.007800312<br />Count: 5<br />Percent: 0.8", "Category: Modality<br />Prop: 0.006240250<br />Count: 4<br />Percent: 0.6", "Category: Transformation<br />Prop: 0.006240250<br />Count: 4<br />Percent: 0.6", "Category: Haplotypes<br />Prop: 0.003120125<br />Count: 2<br />Percent: 0.3"],
      "type": "bar",
      "marker": {
        "autocolorscale": false,
        "color": "rgba(122,82,199,1)",
        "line": {
          "width": 1.88976377952756,
          "color": "transparent"
        }
      },
      "showlegend": false,
      "xaxis": "x",
      "yaxis": "y",
      "hoverinfo": "text",
      "frame": null
    }
  ],
  "layout": {
    "margin": {
      "t": 0,
      "r": 10,
      "b": 0,
      "l": 55
    },
    "font": {
      "color": "rgba(0,0,0,1)",
      "family": "",
      "size": 18.5969281859693
    },
    "xaxis": {
      "domain": [0, 1],
      "automargin": true,
      "type": "linear",
      "autorange": false,
      "range": [0.4, 32.6],
      "tickmode": "array",
      "ticktext": ["Visualisation", "Clustering", "Dimensionality Reduction", "Ordering", "Normalisation", "Differential Expression", "Integration", "Quality Control", "Interactive", "Gene Networks", "Marker Genes", "Classification", "Imputation", "Simulation", "Gene Sets", "Variable Genes", "Gene Filtering", "Quantification", "UMIs", "Expression Patterns", "Variants", "Alignment", "Cell Cycle", "Immune", "Alternative Splicing", "Rare Cells", "Allele Specific", "Assembly", "Stem Cells", "Modality", "Transformation", "Haplotypes"],
      "tickvals": [1, 2, 3, 4, 5, 6, 7, 8, 9, 10, 11, 12, 13, 14, 15, 16, 17, 18, 19, 20, 21, 22, 23, 24, 25, 26, 27, 28, 29, 30, 31, 32],
      "categoryorder": "array",
      "categoryarray": ["Visualisation", "Clustering", "Dimensionality Reduction", "Ordering", "Normalisation", "Differential Expression", "Integration", "Quality Control", "Interactive", "Gene Networks", "Marker Genes", "Classification", "Imputation", "Simulation", "Gene Sets", "Variable Genes", "Gene Filtering", "Quantification", "UMIs", "Expression Patterns", "Variants", "Alignment", "Cell Cycle", "Immune", "Alternative Splicing", "Rare Cells", "Allele Specific", "Assembly", "Stem Cells", "Modality", "Transformation", "Haplotypes"],
      "nticks": null,
      "ticks": "outside",
      "tickcolor": "rgba(0,0,0,1)",
      "ticklen": 4.64923204649232,
      "tickwidth": 0.66417600664176,
      "showticklabels": true,
      "tickfont": {
        "color": "rgba(0,0,0,1)",
        "family": "",
        "size": 7
      },
      "tickangle": -60,
      "showline": true,
      "linecolor": "rgba(0,0,0,1)",
      "linewidth": 0.66417600664176,
      "showgrid": false,
      "gridcolor": null,
      "gridwidth": 0,
      "zeroline": false,
      "anchor": "y",
      "title": {
        "text": "",
        "font": {
          "color": null,
          "family": null,
          "size": 9
        }
      },
      "hoverformat": ".2f",
      "fixedrange": true
    },
    "yaxis": {
      "domain": [0, 1],
      "automargin": true,
      "type": "linear",
      "autorange": false,
      "range": [-0.0226209048361934, 0.475039001560062],
      "tickmode": "array",
      "ticktext": ["0.0%", "10.0%", "20.0%", "30.0%", "40.0%"],
      "tickvals": [0, 0.1, 0.2, 0.3, 0.4],
      "categoryorder": "array",
      "categoryarray": ["0.0%", "10.0%", "20.0%", "30.0%", "40.0%"],
      "nticks": null,
      "ticks": "outside",
      "tickcolor": "rgba(0,0,0,1)",
      "ticklen": 4.64923204649232,
      "tickwidth": 0.66417600664176,
      "showticklabels": true,
      "tickfont": {
        "color": "rgba(0,0,0,1)",
        "family": "",
        "size": 7
      },
      "tickangle": -0,
      "showline": true,
      "linecolor": "rgba(0,0,0,1)",
      "linewidth": 0.66417600664176,
      "showgrid": false,
      "gridcolor": null,
      "gridwidth": 0,
      "zeroline": false,
      "anchor": "x",
      "title": {
        "text": "Percentage of tools",
        "font": {
          "color": "rgba(0,0,0,1)",
          "family": "",
          "size": 9
        }
      },
      "hoverformat": ".2f",