{
  "data": [
    {
      "orientation": "v",
      "width": [0.95, 0.95, 0.95, 0.95, 0.949999999999999, 0.949999999999999, 0.949999999999999, 0.949999999999999, 0.949999999999999, 0.949999999999999, 0.949999999999999, 0.949999999999999, 0.949999999999999, 0.949999999999999, 0.949999999999999, 0.950000000000001, 0.950000000000003, 0.950000000000003, 0.950000000000003, 0.950000000000003, 0.950000000000003, 0.950000000000003, 0.950000000000003, 0.950000000000003, 0.950000000000003, 0.950000000000003, 0.950000000000003, 0.950000000000003, 0.950000000000003, 0.950000000000003, 0.950000000000003, 0.950000000000003, 0.950000000000003],
      "base": [0, 0, 0, 0, 0, 0, 0, 0, 0, 0, 0, 0, 0, 0, 0, 0, 0, 0, 0, 0, 0, 0, 0, 0, 0, 0, 0, 0, 0, 0, 0, 0, 0],
      "x": [1, 2, 3, 4, 5, 6, 7, 8, 9, 10, 11, 12, 13, 14, 15, 16, 17, 18, 19, 20, 21, 22, 23, 24, 25, 26, 27, 28, 29, 30, 31, 32, 33],
      "y": [0.409817981246553, 0.251516822945394, 0.217870932156646, 0.160507446221732, 0.131274131274131, 0.119139547710976, 0.111417539988969, 0.0987313844456702, 0.0943188086045229, 0.0932156646442361, 0.0832873690016547, 0.078323221180364, 0.063430777716492, 0.0623276337562052, 0.0612244897959184, 0.060672917815775, 0.0601213458356315, 0.04853833425262, 0.0380584666298952, 0.0330943188086045, 0.0330943188086045, 0.0303364589078875, 0.0292333149476007, 0.0292333149476007, 0.0264754550468836, 0.0209597352454495, 0.0110314396028682, 0.0066188637617209, 0.0060672917815775, 0.00551571980143409, 0.00441257584114727, 0.00441257584114727, 0.00110314396028682],
      "text": ["Category: Visualisation<br />Count: 743<br />Percent: 41", "Category: Dimensionality Reduction<br />Count: 456<br />Percent: 25.2", "Category: Clustering<br />Count: 395<br />Percent: 21.8", "Category: Integration<br />Count: 291<br />Percent: 16.1", "Category: Gene Networks<br />Count: 238<br />Percent: 13.1", "Category: Classification<br />Count: 216<br />Percent: 11.9", "Category: Ordering<br />Count: 202<br />Percent: 11.1", "Category: Quality Control<br />Count: 179<br />Percent: 9.9", "Category: Normalisation<br />Count: 171<br />Percent: 9.4", "Category: Differential Expression<br />Count: 169<br />Percent: 9.3", "Category: Marker Genes<br />Count: 151<br />Percent: 8.3", "Category: Gene Sets<br />Count: 142<br />Percent: 7.8", "Category: Interactive<br />Count: 115<br />Percent: 6.3", "Category: Quantification<br />Count: 113<br />Percent: 6.2", "Category: Imputation<br />Count: 111<br />Percent: 6.1", "Category: Simulation<br />Count: 110<br />Percent: 6.1", "Category: Variable Genes<br />Count: 109<br />Percent: 6", "Category: Variants<br />Count: 88<br />Percent: 4.9", "Category: Gene Filtering<br />Count: 69<br />Percent: 3.8", "Category: Alignment<br />Count: 60<br />Percent: 3.3", "Category: UMIs<br />Count: 60<br />Percent: 3.3", "Category: Expression Patterns<br />Count: 55<br />Percent: 3", "Category: Immune<br />Count: 53<br />Percent: 2.9", "Category: Perturbations<br />Count: 53<br />Percent: 2.9", "Category: Alternative Splicing<br />Count: 48<br />Percent: 2.6", "Category: Cell Cycle<br />Count: 38<br />Percent: 2.1", "Category: Rare Cells<br />Count: 20<br />Percent: 1.1", "Category: Transformation<br />Count: 12<br />Percent: 0.7", "Category: Assembly<br />Count: 11<br />Percent: 0.6", "Category: Stem Cells<br />Count: 10<br />Percent: 0.6", "Category: Allele Specific<br />Count: 8<br />Percent: 0.4", "Category: Modality<br />Count: 8<br />Percent: 0.4", "Category: Haplotypes<br />Count: 2<br />Percent: 0.1"],
      "type": "bar",
      "textposition": "none",
      "marker": {
        "autocolorscale": false,
        "color": "rgba(122,82,199,1)",
        "line": {
          "width": 1.88976377952756,
          "color": "transparent"
        }
      },
      "showlegend": false,
      "xaxis": "x",
      "yaxis": "y",
      "hoverinfo": "text",
      "frame": null
    }
  ],
  "layout": {
    "margin": {
      "t": 50,
      "r": 30,
      "b": 50,
      "l": 70
    },
    "font": {
      "color": "rgba(0,0,0,1)",
      "family": "",
      "size": 18.5969281859693
    },
    "xaxis": {
      "domain": [0, 1],
      "automargin": true,
      "type": "linear",
      "autorange": false,
      "range": [0.4, 33.6],
      "tickmode": "array",
      "ticktext": ["Visualisation", "Dimensionality Reduction", "Clustering", "Integration", "Gene Networks", "Classification", "Ordering", "Quality Control", "Normalisation", "Differential Expression", "Marker Genes", "Gene Sets", "Interactive", "Quantification", "Imputation", "Simulation", "Variable Genes", "Variants", "Gene Filtering", "Alignment", "UMIs", "Expression Patterns", "Immune", "Perturbations", "Alternative Splicing", "Cell Cycle", "Rare Cells", "Transformation", "Assembly", "Stem Cells", "Allele Specific", "Modality", "Haplotypes"],
      "tickvals": [1, 2, 3, 4, 5, 6, 7, 8, 9, 10, 11, 12, 13, 14, 15, 16, 17, 18, 19, 20, 21, 22, 23, 24, 25, 26, 27, 28, 29, 30, 31, 32, 33],
      "categoryorder": "array",
      "categoryarray": ["Visualisation", "Dimensionality Reduction", "Clustering", "Integration", "Gene Networks", "Classification", "Ordering", "Quality Control", "Normalisation", "Differential Expression", "Marker Genes", "Gene Sets", "Interactive", "Quantification", "Imputation", "Simulation", "Variable Genes", "Variants", "Gene Filtering", "Alignment", "UMIs", "Expression Patterns", "Immune", "Perturbations", "Alternative Splicing", "Cell Cycle", "Rare Cells", "Transformation", "Assembly", "Stem Cells", "Allele Specific", "Modality", "Haplotypes"],
      "nticks": null,
      "ticks": "outside",
      "tickcolor": "rgba(0,0,0,1)",
      "ticklen": 4.64923204649232,
      "tickwidth": 0.66417600664176,
      "showticklabels": true,
      "tickfont": {
        "color": "rgba(0,0,0,1)",
        "family": "",
        "size": 15.9402241594022
      },
      "tickangle": -60,
      "showline": true,
      "linecolor": "rgba(0,0,0,1)",
      "linewidth": 0.66417600664176,
      "showgrid": false,
      "gridcolor": null,
      "gridwidth": 0,
      "zeroline": false,
      "anchor": "y",
      "title": {
        "text": "",
        "font": {
          "color": null,
          "family": null,
          "size": 0
        }
      },
      "hoverformat": ".2f"
    },
    "yaxis": {
      "domain": [0, 1],
      "automargin": true,
      "type": "linear",
      "autorange": false,
      "range": [-0.0204908990623276, 0.43030888030888],
      "tickmode": "array",
      "ticktext": ["0%", "10%", "20%", "30%", "40%"],
      "tickvals": [0, 0.1, 0.2, 0.3, 0.4],
      "categoryorder": "array",
      "categoryarray": ["0%", "10%", "20%", "30%", "40%"],
      "nticks": null,
      "ticks": "outside",
      "tickcolor": "rgba(0,0,0,1)",
      "ticklen": 4.64923204649232,
      "tickwidth": 0.66417600664176,
      "showticklabels": true,
      "tickfont": {
        "color": "rgba(0,0,0,1)",
        "family": "",
        "size": 15.9402241594022
      },
      "tickangle": -0,
      "showline": true,
      "linecolor": "rgba(0,0,0,1)",
      "linewidth": 0.66417600664176,
      "showgrid": false,
      "gridcolor": null,
      "gridwidth": 0,
      "zeroline": false,
      "anchor": "x",
      "title": {
        "text": "Percentage of tools",
        "font": {
          "color": "rgba(0,0,0,1)",
          "family": "",
          "size": 18.5969281859693
        }
      },
      "hoverformat": ".2f"
    },
    "shapes": [
      {
        "type": "rect",
        "fillcolor": null,
        "line": {
          "color": null,
          "width": 0,
          "linetype": []
        },
        "yref": "paper",
        "xref": "paper",
        "x0": 0,
        "x1": 1,
        "y0": 0,
        "y1": 1
      }
    ],
    "showlegend": false,
    "legend": {
      "bgcolor": null,
      "bordercolor": null,
      "borderwidth": 0,
      "font": {
        "color": "rgba(0,0,0,1)",
        "family": "",
        "size": 15.9402241594022
      }
    },