{
  "data": [
    {
      "orientation": "v",
      "width": [0.95, 0.95, 0.95, 0.95, 0.949999999999999, 0.949999999999999, 0.949999999999999, 0.949999999999999, 0.949999999999999, 0.949999999999999, 0.949999999999999, 0.949999999999999, 0.949999999999999, 0.949999999999999, 0.949999999999999, 0.950000000000001, 0.950000000000003, 0.950000000000003, 0.950000000000003, 0.950000000000003, 0.950000000000003, 0.950000000000003, 0.950000000000003, 0.950000000000003, 0.950000000000003, 0.950000000000003, 0.950000000000003, 0.950000000000003, 0.950000000000003, 0.950000000000003, 0.950000000000003, 0.950000000000003, 0.950000000000003],
      "base": [0, 0, 0, 0, 0, 0, 0, 0, 0, 0, 0, 0, 0, 0, 0, 0, 0, 0, 0, 0, 0, 0, 0, 0, 0, 0, 0, 0, 0, 0, 0, 0, 0],
      "x": [1, 2, 3, 4, 5, 6, 7, 8, 9, 10, 11, 12, 13, 14, 15, 16, 17, 18, 19, 20, 21, 22, 23, 24, 25, 26, 27, 28, 29, 30, 31, 32, 33],
      "y": [0.411357340720222, 0.240997229916898, 0.238227146814404, 0.149584487534626, 0.127423822714681, 0.115650969529086, 0.114265927977839, 0.101108033240997, 0.0976454293628809, 0.0969529085872576, 0.0831024930747922, 0.0713296398891967, 0.0685595567867036, 0.064404432132964, 0.0630193905817174, 0.0595567867036011, 0.0581717451523546, 0.0457063711911357, 0.0429362880886427, 0.0367036011080332, 0.0367036011080332, 0.0318559556786704, 0.0263157894736842, 0.0256232686980609, 0.0207756232686981, 0.0200831024930748, 0.0131578947368421, 0.00692520775623269, 0.00623268698060942, 0.00554016620498615, 0.00484764542936288, 0.00484764542936288, 0.00138504155124654],
      "text": ["Category: Visualisation<br />Prop: 0.411357341<br />Count: 594<br />Percent: 41.1", "Category: Dimensionality Reduction<br />Prop: 0.240997230<br />Count: 348<br />Percent: 24.1", "Category: Clustering<br />Prop: 0.238227147<br />Count: 344<br />Percent: 23.8", "Category: Integration<br />Prop: 0.149584488<br />Count: 216<br />Percent: 15", "Category: Gene Networks<br />Prop: 0.127423823<br />Count: 184<br />Percent: 12.7", "Category: Classification<br />Prop: 0.115650970<br />Count: 167<br />Percent: 11.6", "Category: Ordering<br />Prop: 0.114265928<br />Count: 165<br />Percent: 11.4", "Category: Quality Control<br />Prop: 0.101108033<br />Count: 146<br />Percent: 10.1", "Category: Differential Expression<br />Prop: 0.097645429<br />Count: 141<br />Percent: 9.8", "Category: Normalisation<br />Prop: 0.096952909<br />Count: 140<br />Percent: 9.7", "Category: Marker Genes<br />Prop: 0.083102493<br />Count: 120<br />Percent: 8.3", "Category: Gene Sets<br />Prop: 0.071329640<br />Count: 103<br />Percent: 7.1", "Category: Interactive<br />Prop: 0.068559557<br />Count: 99<br />Percent: 6.9", "Category: Imputation<br />Prop: 0.064404432<br />Count: 93<br />Percent: 6.4", "Category: Quantification<br />Prop: 0.063019391<br />Count: 91<br />Percent: 6.3", "Category: Simulation<br />Prop: 0.059556787<br />Count: 86<br />Percent: 6", "Category: Variable Genes<br />Prop: 0.058171745<br />Count: 84<br />Percent: 5.8", "Category: Variants<br />Prop: 0.045706371<br />Count: 66<br />Percent: 4.6", "Category: Gene Filtering<br />Prop: 0.042936288<br />Count: 62<br />Percent: 4.3", "Category: Alignment<br />Prop: 0.036703601<br />Count: 53<br />Percent: 3.7", "Category: UMIs<br />Prop: 0.036703601<br />Count: 53<br />Percent: 3.7", "Category: Expression Patterns<br />Prop: 0.031855956<br />Count: 46<br />Percent: 3.2", "Category: Alternative Splicing<br />Prop: 0.026315789<br />Count: 38<br />Percent: 2.6", "Category: Immune<br />Prop: 0.025623269<br />Count: 37<br />Percent: 2.6", "Category: Perturbations<br />Prop: 0.020775623<br />Count: 30<br />Percent: 2.1", "Category: Cell Cycle<br />Prop: 0.020083102<br />Count: 29<br />Percent: 2", "Category: Rare Cells<br />Prop: 0.013157895<br />Count: 19<br />Percent: 1.3", "Category: Assembly<br />Prop: 0.006925208<br />Count: 10<br />Percent: 0.7", "Category: Transformation<br />Prop: 0.006232687<br />Count: 9<br />Percent: 0.6", "Category: Stem Cells<br />Prop: 0.005540166<br />Count: 8<br />Percent: 0.6", "Category: Allele Specific<br />Prop: 0.004847645<br />Count: 7<br />Percent: 0.5", "Category: Modality<br />Prop: 0.004847645<br />Count: 7<br />Percent: 0.5", "Category: Haplotypes<br />Prop: 0.001385042<br />Count: 2<br />Percent: 0.1"],
      "type": "bar",
      "textposition": "none",
      "marker": {
        "autocolorscale": false,
        "color": "rgba(122,82,199,1)",
        "line": {
          "width": 1.88976377952756,
          "color": "transparent"
        }
      },
      "showlegend": false,
      "xaxis": "x",
      "yaxis": "y",
      "hoverinfo": "text",
      "frame": null
    }
  ],
  "layout": {
    "margin": {
      "t": 0,
      "r": 10,
      "b": 0,
      "l": 55
    },
    "font": {
      "color": "rgba(0,0,0,1)",
      "family": "",
      "size": 18.5969281859693
    },
    "xaxis": {
      "domain": [0, 1],
      "automargin": true,
      "type": "linear",
      "autorange": false,
      "range": [0.4, 33.6],
      "tickmode": "array",
      "ticktext": ["Visualisation", "Dimensionality Reduction", "Clustering", "Integration", "Gene Networks", "Classification", "Ordering", "Quality Control", "Differential Expression", "Normalisation", "Marker Genes", "Gene Sets", "Interactive", "Imputation", "Quantification", "Simulation", "Variable Genes", "Variants", "Gene Filtering", "Alignment", "UMIs", "Expression Patterns", "Alternative Splicing", "Immune", "Perturbations", "Cell Cycle", "Rare Cells", "Assembly", "Transformation", "Stem Cells", "Allele Specific", "Modality", "Haplotypes"],
      "tickvals": [1, 2, 3, 4, 5, 6, 7, 8, 9, 10, 11, 12, 13, 14, 15, 16, 17, 18, 19, 20, 21, 22, 23, 24, 25, 26, 27, 28, 29, 30, 31, 32, 33],
      "categoryorder": "array",
      "categoryarray": ["Visualisation", "Dimensionality Reduction", "Clustering", "Integration", "Gene Networks", "Classification", "Ordering", "Quality Control", "Differential Expression", "Normalisation", "Marker Genes", "Gene Sets", "Interactive", "Imputation", "Quantification", "Simulation", "Variable Genes", "Variants", "Gene Filtering", "Alignment", "UMIs", "Expression Patterns", "Alternative Splicing", "Immune", "Perturbations", "Cell Cycle", "Rare Cells", "Assembly", "Transformation", "Stem Cells", "Allele Specific", "Modality", "Haplotypes"],
      "nticks": null,
      "ticks": "outside",
      "tickcolor": "rgba(0,0,0,1)",
      "ticklen": 4.64923204649232,
      "tickwidth": 0.66417600664176,
      "showticklabels": true,
      "tickfont": {
        "color": "rgba(0,0,0,1)",
        "family": "",
        "size": 7
      },
      "tickangle": -60,
      "showline": true,
      "linecolor": "rgba(0,0,0,1)",
      "linewidth": 0.66417600664176,
      "showgrid": false,
      "gridcolor": null,
      "gridwidth": 0,
      "zeroline": false,
      "anchor": "y",
      "title": {
        "text": "",
        "font": {
          "color": null,
          "family": null,
          "size": 9
        }
      },
      "hoverformat": ".2f",
      "fixedrange": true
    },
    "yaxis": {
      "domain": [0, 1],
      "automargin": true,
      "type": "linear",
      "autorange": false,
      "range": [-0.0205678670360111, 0.431925207756233],
      "tickmode": "array",
      "ticktext": ["0%", "10%", "20%", "30%", "40%"],
      "tickvals": [0, 0.1, 0.2, 0.3, 0.4],
      "categoryorder": "array",
      "categoryarray": ["0%", "10%", "20%", "30%", "40%"],
      "nticks": null,
      "ticks": "outside",
      "tickcolor": "rgba(0,0,0,1)",
      "ticklen": 4.64923204649232,
      "tickwidth": 0.66417600664176,
      "showticklabels": true,
      "tickfont": {
        "color": "rgba(0,0,0,1)",
        "family": "",
        "size": 7
      },
      "tickangle": -0,
      "showline": true,
      "linecolor": "rgba(0,0,0,1)",
      "linewidth": 0.66417600664176,
      "showgrid": false,
      "gridcolor": null,
      "gridwidth": 0,
      "zeroline": false,
      "anchor": "x",