{
  "data": [
    {
      "orientation": "v",
      "width": [0.95, 0.95, 0.95, 0.95, 0.949999999999999, 0.949999999999999, 0.949999999999999, 0.949999999999999, 0.949999999999999, 0.949999999999999, 0.949999999999999, 0.949999999999999, 0.949999999999999, 0.949999999999999, 0.949999999999999, 0.950000000000001, 0.950000000000003, 0.950000000000003, 0.950000000000003, 0.950000000000003, 0.950000000000003, 0.950000000000003, 0.950000000000003, 0.950000000000003, 0.950000000000003, 0.950000000000003, 0.950000000000003, 0.950000000000003, 0.950000000000003, 0.950000000000003, 0.950000000000003, 0.950000000000003, 0.950000000000003],
      "base": [0, 0, 0, 0, 0, 0, 0, 0, 0, 0, 0, 0, 0, 0, 0, 0, 0, 0, 0, 0, 0, 0, 0, 0, 0, 0, 0, 0, 0, 0, 0, 0, 0],
      "x": [1, 2, 3, 4, 5, 6, 7, 8, 9, 10, 11, 12, 13, 14, 15, 16, 17, 18, 19, 20, 21, 22, 23, 24, 25, 26, 27, 28, 29, 30, 31, 32, 33],
      "y": [0.411506849315068, 0.251506849315069, 0.216986301369863, 0.160547945205479, 0.130958904109589, 0.118904109589041, 0.111780821917808, 0.0986301369863014, 0.0953424657534247, 0.0931506849315069, 0.0843835616438356, 0.0783561643835616, 0.0641095890410959, 0.0619178082191781, 0.0613698630136986, 0.0608219178082192, 0.0608219178082192, 0.0487671232876712, 0.0378082191780822, 0.0328767123287671, 0.0328767123287671, 0.0306849315068493, 0.0295890410958904, 0.029041095890411, 0.0263013698630137, 0.0213698630136986, 0.010958904109589, 0.00657534246575343, 0.00602739726027397, 0.00547945205479452, 0.00438356164383562, 0.00438356164383562, 0.0010958904109589],
      "text": ["Category: Visualisation<br />Prop: 0.411506849<br />Count: 751<br />Percent: 41.2", "Category: Dimensionality Reduction<br />Prop: 0.251506849<br />Count: 459<br />Percent: 25.2", "Category: Clustering<br />Prop: 0.216986301<br />Count: 396<br />Percent: 21.7", "Category: Integration<br />Prop: 0.160547945<br />Count: 293<br />Percent: 16.1", "Category: Gene Networks<br />Prop: 0.130958904<br />Count: 239<br />Percent: 13.1", "Category: Classification<br />Prop: 0.118904110<br />Count: 217<br />Percent: 11.9", "Category: Ordering<br />Prop: 0.111780822<br />Count: 204<br />Percent: 11.2", "Category: Quality Control<br />Prop: 0.098630137<br />Count: 180<br />Percent: 9.9", "Category: Normalisation<br />Prop: 0.095342466<br />Count: 174<br />Percent: 9.5", "Category: Differential Expression<br />Prop: 0.093150685<br />Count: 170<br />Percent: 9.3", "Category: Marker Genes<br />Prop: 0.084383562<br />Count: 154<br />Percent: 8.4", "Category: Gene Sets<br />Prop: 0.078356164<br />Count: 143<br />Percent: 7.8", "Category: Interactive<br />Prop: 0.064109589<br />Count: 117<br />Percent: 6.4", "Category: Quantification<br />Prop: 0.061917808<br />Count: 113<br />Percent: 6.2", "Category: Variable Genes<br />Prop: 0.061369863<br />Count: 112<br />Percent: 6.1", "Category: Imputation<br />Prop: 0.060821918<br />Count: 111<br />Percent: 6.1", "Category: Simulation<br />Prop: 0.060821918<br />Count: 111<br />Percent: 6.1", "Category: Variants<br />Prop: 0.048767123<br />Count: 89<br />Percent: 4.9", "Category: Gene Filtering<br />Prop: 0.037808219<br />Count: 69<br />Percent: 3.8", "Category: Alignment<br />Prop: 0.032876712<br />Count: 60<br />Percent: 3.3", "Category: UMIs<br />Prop: 0.032876712<br />Count: 60<br />Percent: 3.3", "Category: Expression Patterns<br />Prop: 0.030684932<br />Count: 56<br />Percent: 3.1", "Category: Immune<br />Prop: 0.029589041<br />Count: 54<br />Percent: 3", "Category: Perturbations<br />Prop: 0.029041096<br />Count: 53<br />Percent: 2.9", "Category: Alternative Splicing<br />Prop: 0.026301370<br />Count: 48<br />Percent: 2.6", "Category: Cell Cycle<br />Prop: 0.021369863<br />Count: 39<br />Percent: 2.1", "Category: Rare Cells<br />Prop: 0.010958904<br />Count: 20<br />Percent: 1.1", "Category: Transformation<br />Prop: 0.006575342<br />Count: 12<br />Percent: 0.7", "Category: Assembly<br />Prop: 0.006027397<br />Count: 11<br />Percent: 0.6", "Category: Stem Cells<br />Prop: 0.005479452<br />Count: 10<br />Percent: 0.5", "Category: Allele Specific<br />Prop: 0.004383562<br />Count: 8<br />Percent: 0.4", "Category: Modality<br />Prop: 0.004383562<br />Count: 8<br />Percent: 0.4", "Category: Haplotypes<br />Prop: 0.001095890<br />Count: 2<br />Percent: 0.1"],
      "type": "bar",
      "textposition": "none",
      "marker": {
        "autocolorscale": false,
        "color": "rgba(122,82,199,1)",
        "line": {
          "width": 1.88976377952756,
          "color": "transparent"
        }
      },
      "showlegend": false,
      "xaxis": "x",
      "yaxis": "y",
      "hoverinfo": "text",
      "frame": null
    }
  ],
  "layout": {
    "margin": {
      "t": 0,
      "r": 10,
      "b": 0,
      "l": 55
    },
    "font": {
      "color": "rgba(0,0,0,1)",
      "family": "",
      "size": 18.5969281859693
    },
    "xaxis": {
      "domain": [0, 1],
      "automargin": true,
      "type": "linear",
      "autorange": false,
      "range": [0.4, 33.6],
      "tickmode": "array",
      "ticktext": ["Visualisation", "Dimensionality Reduction", "Clustering", "Integration", "Gene Networks", "Classification", "Ordering", "Quality Control", "Normalisation", "Differential Expression", "Marker Genes", "Gene Sets", "Interactive", "Quantification", "Variable Genes", "Imputation", "Simulation", "Variants", "Gene Filtering", "Alignment", "UMIs", "Expression Patterns", "Immune", "Perturbations", "Alternative Splicing", "Cell Cycle", "Rare Cells", "Transformation", "Assembly", "Stem Cells", "Allele Specific", "Modality", "Haplotypes"],
      "tickvals": [1, 2, 3, 4, 5, 6, 7, 8, 9, 10, 11, 12, 13, 14, 15, 16, 17, 18, 19, 20, 21, 22, 23, 24, 25, 26, 27, 28, 29, 30, 31, 32, 33],
      "categoryorder": "array",
      "categoryarray": ["Visualisation", "Dimensionality Reduction", "Clustering", "Integration", "Gene Networks", "Classification", "Ordering", "Quality Control", "Normalisation", "Differential Expression", "Marker Genes", "Gene Sets", "Interactive", "Quantification", "Variable Genes", "Imputation", "Simulation", "Variants", "Gene Filtering", "Alignment", "UMIs", "Expression Patterns", "Immune", "Perturbations", "Alternative Splicing", "Cell Cycle", "Rare Cells", "Transformation", "Assembly", "Stem Cells", "Allele Specific", "Modality", "Haplotypes"],
      "nticks": null,
      "ticks": "outside",
      "tickcolor": "rgba(0,0,0,1)",
      "ticklen": 4.64923204649232,
      "tickwidth": 0.66417600664176,
      "showticklabels": true,
      "tickfont": {
        "color": "rgba(0,0,0,1)",
        "family": "",
        "size": 7
      },
      "tickangle": -60,
      "showline": true,
      "linecolor": "rgba(0,0,0,1)",
      "linewidth": 0.66417600664176,
      "showgrid": false,
      "gridcolor": null,
      "gridwidth": 0,
      "zeroline": false,
      "anchor": "y",
      "title": {
        "text": "",
        "font": {
          "color": null,
          "family": null,
          "size": 9
        }
      },
      "hoverformat": ".2f",
      "fixedrange": true
    },
    "yaxis": {
      "domain": [0, 1],
      "automargin": true,
      "type": "linear",
      "autorange": false,
      "range": [-0.0205753424657534, 0.432082191780822],
      "tickmode": "array",
      "ticktext": ["0%", "10%", "20%", "30%", "40%"],
      "tickvals": [0, 0.1, 0.2, 0.3, 0.4],
      "categoryorder": "array",
      "categoryarray": ["0%", "10%", "20%", "30%", "40%"],
      "nticks": null,
      "ticks": "outside",
      "tickcolor": "rgba(0,0,0,1)",
      "ticklen": 4.64923204649232,
      "tickwidth": 0.66417600664176,
      "showticklabels": true,
      "tickfont": {
        "color": "rgba(0,0,0,1)",
        "family": "",
        "size": 7
      },
      "tickangle": -0,
      "showline": true,
      "linecolor": "rgba(0,0,0,1)",
      "linewidth": 0.66417600664176,
      "showgrid": false,
      "gridcolor": null,
      "gridwidth": 0,
      "zeroline": false,
      "anchor": "x",