{
  "data": [
    {
      "orientation": "v",
      "width": [0.95, 0.95, 0.95, 0.95, 0.949999999999999, 0.949999999999999, 0.949999999999999, 0.949999999999999, 0.949999999999999, 0.949999999999999, 0.949999999999999, 0.949999999999999, 0.949999999999999, 0.949999999999999, 0.949999999999999, 0.950000000000001, 0.950000000000003, 0.950000000000003, 0.950000000000003, 0.950000000000003, 0.950000000000003, 0.950000000000003, 0.950000000000003, 0.950000000000003, 0.950000000000003, 0.950000000000003, 0.950000000000003, 0.950000000000003, 0.950000000000003, 0.950000000000003, 0.950000000000003, 0.950000000000003, 0.950000000000003],
      "base": [0, 0, 0, 0, 0, 0, 0, 0, 0, 0, 0, 0, 0, 0, 0, 0, 0, 0, 0, 0, 0, 0, 0, 0, 0, 0, 0, 0, 0, 0, 0, 0, 0],
      "x": [1, 2, 3, 4, 5, 6, 7, 8, 9, 10, 11, 12, 13, 14, 15, 16, 17, 18, 19, 20, 21, 22, 23, 24, 25, 26, 27, 28, 29, 30, 31, 32, 33],
      "y": [0.413373860182371, 0.252279635258359, 0.24822695035461, 0.135764944275583, 0.125633232016211, 0.115501519756839, 0.109422492401216, 0.109422492401216, 0.107396149949341, 0.102330293819656, 0.0871327254305978, 0.0851063829787234, 0.07193515704154, 0.0678824721377913, 0.0668693009118541, 0.060790273556231, 0.0597771023302938, 0.0516717325227964, 0.0415400202634245, 0.0395136778115502, 0.038500506585613, 0.038500506585613, 0.0253292806484296, 0.0253292806484296, 0.0192502532928065, 0.0151975683890578, 0.011144883485309, 0.00810536980749747, 0.0060790273556231, 0.0060790273556231, 0.00506585612968592, 0.00506585612968592, 0.00202634245187437],
      "text": ["Category: Visualisation<br />Count: 408<br />Percent: 41.3", "Category: Clustering<br />Count: 249<br />Percent: 25.2", "Category: Dimensionality Reduction<br />Count: 245<br />Percent: 24.8", "Category: Integration<br />Count: 134<br />Percent: 13.6", "Category: Ordering<br />Count: 124<br />Percent: 12.6", "Category: Differential Expression<br />Count: 114<br />Percent: 11.6", "Category: Classification<br />Count: 108<br />Percent: 10.9", "Category: Gene Networks<br />Count: 108<br />Percent: 10.9", "Category: Normalisation<br />Count: 106<br />Percent: 10.7", "Category: Quality Control<br />Count: 101<br />Percent: 10.2", "Category: Interactive<br />Count: 86<br />Percent: 8.7", "Category: Marker Genes<br />Count: 84<br />Percent: 8.5", "Category: Imputation<br />Count: 71<br />Percent: 7.2", "Category: Simulation<br />Count: 67<br />Percent: 6.8", "Category: Gene Sets<br />Count: 66<br />Percent: 6.7", "Category: Variable Genes<br />Count: 60<br />Percent: 6.1", "Category: Quantification<br />Count: 59<br />Percent: 6", "Category: Gene Filtering<br />Count: 51<br />Percent: 5.2", "Category: Variants<br />Count: 41<br />Percent: 4.2", "Category: UMIs<br />Count: 39<br />Percent: 4", "Category: Alignment<br />Count: 38<br />Percent: 3.9", "Category: Expression Patterns<br />Count: 38<br />Percent: 3.9", "Category: Alternative Splicing<br />Count: 25<br />Percent: 2.5", "Category: Cell Cycle<br />Count: 25<br />Percent: 2.5", "Category: Immune<br />Count: 19<br />Percent: 1.9", "Category: Perturbations<br />Count: 15<br />Percent: 1.5", "Category: Rare Cells<br />Count: 11<br />Percent: 1.1", "Category: Assembly<br />Count: 8<br />Percent: 0.8", "Category: Allele Specific<br />Count: 6<br />Percent: 0.6", "Category: Stem Cells<br />Count: 6<br />Percent: 0.6", "Category: Modality<br />Count: 5<br />Percent: 0.5", "Category: Transformation<br />Count: 5<br />Percent: 0.5", "Category: Haplotypes<br />Count: 2<br />Percent: 0.2"],
      "type": "bar",
      "marker": {
        "autocolorscale": false,
        "color": "rgba(122,82,199,1)",
        "line": {
          "width": 1.88976377952756,
          "color": "transparent"
        }
      },
      "showlegend": false,
      "xaxis": "x",
      "yaxis": "y",
      "hoverinfo": "text",
      "frame": null
    }
  ],
  "layout": {
    "margin": {
      "t": 50,
      "r": 30,
      "b": 50,
      "l": 70
    },
    "font": {
      "color": "rgba(0,0,0,1)",
      "family": "",
      "size": 18.5969281859693
    },
    "xaxis": {
      "domain": [0, 1],
      "automargin": true,
      "type": "linear",
      "autorange": false,
      "range": [0.4, 33.6],
      "tickmode": "array",
      "ticktext": ["Visualisation", "Clustering", "Dimensionality Reduction", "Integration", "Ordering", "Differential Expression", "Classification", "Gene Networks", "Normalisation", "Quality Control", "Interactive", "Marker Genes", "Imputation", "Simulation", "Gene Sets", "Variable Genes", "Quantification", "Gene Filtering", "Variants", "UMIs", "Alignment", "Expression Patterns", "Alternative Splicing", "Cell Cycle", "Immune", "Perturbations", "Rare Cells", "Assembly", "Allele Specific", "Stem Cells", "Modality", "Transformation", "Haplotypes"],
      "tickvals": [1, 2, 3, 4, 5, 6, 7, 8, 9, 10, 11, 12, 13, 14, 15, 16, 17, 18, 19, 20, 21, 22, 23, 24, 25, 26, 27, 28, 29, 30, 31, 32, 33],
      "categoryorder": "array",
      "categoryarray": ["Visualisation", "Clustering", "Dimensionality Reduction", "Integration", "Ordering", "Differential Expression", "Classification", "Gene Networks", "Normalisation", "Quality Control", "Interactive", "Marker Genes", "Imputation", "Simulation", "Gene Sets", "Variable Genes", "Quantification", "Gene Filtering", "Variants", "UMIs", "Alignment", "Expression Patterns", "Alternative Splicing", "Cell Cycle", "Immune", "Perturbations", "Rare Cells", "Assembly", "Allele Specific", "Stem Cells", "Modality", "Transformation", "Haplotypes"],
      "nticks": null,
      "ticks": "outside",
      "tickcolor": "rgba(0,0,0,1)",
      "ticklen": 4.64923204649232,
      "tickwidth": 0.66417600664176,
      "showticklabels": true,
      "tickfont": {
        "color": "rgba(0,0,0,1)",
        "family": "",
        "size": 15.9402241594022
      },
      "tickangle": -60,
      "showline": true,
      "linecolor": "rgba(0,0,0,1)",
      "linewidth": 0.66417600664176,
      "showgrid": false,
      "gridcolor": null,
      "gridwidth": 0,
      "zeroline": false,
      "anchor": "y",
      "title": {
        "text": "",
        "font": {
          "color": null,
          "family": null,
          "size": 0
        }
      },
      "hoverformat": ".2f"
    },
    "yaxis": {
      "domain": [0, 1],
      "automargin": true,
      "type": "linear",
      "autorange": false,
      "range": [-0.0206686930091185, 0.434042553191489],
      "tickmode": "array",
      "ticktext": ["0.0%", "10.0%", "20.0%", "30.0%", "40.0%"],
      "tickvals": [0, 0.1, 0.2, 0.3, 0.4],
      "categoryorder": "array",
      "categoryarray": ["0.0%", "10.0%", "20.0%", "30.0%", "40.0%"],
      "nticks": null,
      "ticks": "outside",
      "tickcolor": "rgba(0,0,0,1)",
      "ticklen": 4.64923204649232,
      "tickwidth": 0.66417600664176,
      "showticklabels": true,
      "tickfont": {
        "color": "rgba(0,0,0,1)",
        "family": "",
        "size": 15.9402241594022
      },
      "tickangle": -0,
      "showline": true,
      "linecolor": "rgba(0,0,0,1)",
      "linewidth": 0.66417600664176,
      "showgrid": false,
      "gridcolor": null,
      "gridwidth": 0,
      "zeroline": false,
      "anchor": "x",
      "title": {
        "text": "Percentage of tools",
        "font": {
          "color": "rgba(0,0,0,1)",
          "family": "",
          "size": 18.5969281859693
        }
      },
      "hoverformat": ".2f"
    },
    "shapes": [
      {
        "type": "rect",
        "fillcolor": null,
        "line": {
          "color": null,
          "width": 0,
          "linetype": []
        },
        "yref": "paper",
        "xref": "paper",
        "x0": 0,
        "x1": 1,
        "y0": 0,
        "y1": 1
      }
    ],
    "showlegend": false,
    "legend": {
      "bgcolor": null,
      "bordercolor": null,
      "borderwidth": 0,
      "font": {
        "color": "rgba(0,0,0,1)",
        "family": "",
        "size": 15.9402241594022
      }
    },
    "hovermode": "closest",