{
  "data": [
    {
      "orientation": "v",
      "width": [0.95, 0.95, 0.95, 0.95, 0.949999999999999, 0.949999999999999, 0.949999999999999, 0.949999999999999, 0.949999999999999, 0.949999999999999, 0.949999999999999, 0.949999999999999, 0.949999999999999, 0.949999999999999, 0.949999999999999, 0.950000000000001, 0.950000000000003, 0.950000000000003, 0.950000000000003, 0.950000000000003, 0.950000000000003, 0.950000000000003, 0.950000000000003, 0.950000000000003, 0.950000000000003, 0.950000000000003, 0.950000000000003, 0.950000000000003, 0.950000000000003, 0.950000000000003, 0.950000000000003, 0.950000000000003, 0.950000000000003],
      "base": [0, 0, 0, 0, 0, 0, 0, 0, 0, 0, 0, 0, 0, 0, 0, 0, 0, 0, 0, 0, 0, 0, 0, 0, 0, 0, 0, 0, 0, 0, 0, 0, 0],
      "x": [1, 2, 3, 4, 5, 6, 7, 8, 9, 10, 11, 12, 13, 14, 15, 16, 17, 18, 19, 20, 21, 22, 23, 24, 25, 26, 27, 28, 29, 30, 31, 32, 33],
      "y": [0.412518853695324, 0.240573152337858, 0.239819004524887, 0.144042232277526, 0.1236802413273, 0.116892911010558, 0.116892911010558, 0.102564102564103, 0.10105580693816, 0.0995475113122172, 0.0852187028657617, 0.0723981900452489, 0.0701357466063348, 0.0656108597285068, 0.0625942684766214, 0.0603318250377074, 0.0603318250377074, 0.0444947209653092, 0.0422322775263952, 0.0346907993966818, 0.0339366515837104, 0.0324283559577677, 0.026395173453997, 0.0226244343891403, 0.0211161387631976, 0.0203619909502262, 0.0128205128205128, 0.00678733031674208, 0.00603318250377074, 0.00603318250377074, 0.0052790346907994, 0.00452488687782805, 0.00150829562594268],
      "text": ["Category: Visualisation<br />Prop: 0.412518854<br />Count: 547<br />Percent: 41.3", "Category: Clustering<br />Prop: 0.240573152<br />Count: 319<br />Percent: 24.1", "Category: Dimensionality Reduction<br />Prop: 0.239819005<br />Count: 318<br />Percent: 24", "Category: Integration<br />Prop: 0.144042232<br />Count: 191<br />Percent: 14.4", "Category: Gene Networks<br />Prop: 0.123680241<br />Count: 164<br />Percent: 12.4", "Category: Classification<br />Prop: 0.116892911<br />Count: 155<br />Percent: 11.7", "Category: Ordering<br />Prop: 0.116892911<br />Count: 155<br />Percent: 11.7", "Category: Differential Expression<br />Prop: 0.102564103<br />Count: 136<br />Percent: 10.3", "Category: Quality Control<br />Prop: 0.101055807<br />Count: 134<br />Percent: 10.1", "Category: Normalisation<br />Prop: 0.099547511<br />Count: 132<br />Percent: 10", "Category: Marker Genes<br />Prop: 0.085218703<br />Count: 113<br />Percent: 8.5", "Category: Interactive<br />Prop: 0.072398190<br />Count: 96<br />Percent: 7.2", "Category: Gene Sets<br />Prop: 0.070135747<br />Count: 93<br />Percent: 7", "Category: Imputation<br />Prop: 0.065610860<br />Count: 87<br />Percent: 6.6", "Category: Simulation<br />Prop: 0.062594268<br />Count: 83<br />Percent: 6.3", "Category: Quantification<br />Prop: 0.060331825<br />Count: 80<br />Percent: 6", "Category: Variable Genes<br />Prop: 0.060331825<br />Count: 80<br />Percent: 6", "Category: Gene Filtering<br />Prop: 0.044494721<br />Count: 59<br />Percent: 4.4", "Category: Variants<br />Prop: 0.042232278<br />Count: 56<br />Percent: 4.2", "Category: Alignment<br />Prop: 0.034690799<br />Count: 46<br />Percent: 3.5", "Category: UMIs<br />Prop: 0.033936652<br />Count: 45<br />Percent: 3.4", "Category: Expression Patterns<br />Prop: 0.032428356<br />Count: 43<br />Percent: 3.2", "Category: Alternative Splicing<br />Prop: 0.026395173<br />Count: 35<br />Percent: 2.6", "Category: Immune<br />Prop: 0.022624434<br />Count: 30<br />Percent: 2.3", "Category: Cell Cycle<br />Prop: 0.021116139<br />Count: 28<br />Percent: 2.1", "Category: Perturbations<br />Prop: 0.020361991<br />Count: 27<br />Percent: 2", "Category: Rare Cells<br />Prop: 0.012820513<br />Count: 17<br />Percent: 1.3", "Category: Assembly<br />Prop: 0.006787330<br />Count: 9<br />Percent: 0.7", "Category: Stem Cells<br />Prop: 0.006033183<br />Count: 8<br />Percent: 0.6", "Category: Transformation<br />Prop: 0.006033183<br />Count: 8<br />Percent: 0.6", "Category: Modality<br />Prop: 0.005279035<br />Count: 7<br />Percent: 0.5", "Category: Allele Specific<br />Prop: 0.004524887<br />Count: 6<br />Percent: 0.5", "Category: Haplotypes<br />Prop: 0.001508296<br />Count: 2<br />Percent: 0.2"],
      "type": "bar",
      "textposition": "none",
      "marker": {
        "autocolorscale": false,
        "color": "rgba(122,82,199,1)",
        "line": {
          "width": 1.88976377952756,
          "color": "transparent"
        }
      },
      "showlegend": false,
      "xaxis": "x",
      "yaxis": "y",
      "hoverinfo": "text",
      "frame": null
    }
  ],
  "layout": {
    "margin": {
      "t": 0,
      "r": 10,
      "b": 0,
      "l": 55
    },
    "font": {
      "color": "rgba(0,0,0,1)",
      "family": "",
      "size": 18.5969281859693
    },
    "xaxis": {
      "domain": [0, 1],
      "automargin": true,
      "type": "linear",
      "autorange": false,
      "range": [0.4, 33.6],
      "tickmode": "array",
      "ticktext": ["Visualisation", "Clustering", "Dimensionality Reduction", "Integration", "Gene Networks", "Classification", "Ordering", "Differential Expression", "Quality Control", "Normalisation", "Marker Genes", "Interactive", "Gene Sets", "Imputation", "Simulation", "Quantification", "Variable Genes", "Gene Filtering", "Variants", "Alignment", "UMIs", "Expression Patterns", "Alternative Splicing", "Immune", "Cell Cycle", "Perturbations", "Rare Cells", "Assembly", "Stem Cells", "Transformation", "Modality", "Allele Specific", "Haplotypes"],
      "tickvals": [1, 2, 3, 4, 5, 6, 7, 8, 9, 10, 11, 12, 13, 14, 15, 16, 17, 18, 19, 20, 21, 22, 23, 24, 25, 26, 27, 28, 29, 30, 31, 32, 33],
      "categoryorder": "array",
      "categoryarray": ["Visualisation", "Clustering", "Dimensionality Reduction", "Integration", "Gene Networks", "Classification", "Ordering", "Differential Expression", "Quality Control", "Normalisation", "Marker Genes", "Interactive", "Gene Sets", "Imputation", "Simulation", "Quantification", "Variable Genes", "Gene Filtering", "Variants", "Alignment", "UMIs", "Expression Patterns", "Alternative Splicing", "Immune", "Cell Cycle", "Perturbations", "Rare Cells", "Assembly", "Stem Cells", "Transformation", "Modality", "Allele Specific", "Haplotypes"],
      "nticks": null,
      "ticks": "outside",
      "tickcolor": "rgba(0,0,0,1)",
      "ticklen": 4.64923204649232,
      "tickwidth": 0.66417600664176,
      "showticklabels": true,
      "tickfont": {
        "color": "rgba(0,0,0,1)",
        "family": "",
        "size": 7
      },
      "tickangle": -60,
      "showline": true,
      "linecolor": "rgba(0,0,0,1)",
      "linewidth": 0.66417600664176,
      "showgrid": false,
      "gridcolor": null,
      "gridwidth": 0,
      "zeroline": false,
      "anchor": "y",
      "title": {
        "text": "",
        "font": {
          "color": null,
          "family": null,
          "size": 9
        }
      },
      "hoverformat": ".2f",
      "fixedrange": true
    },
    "yaxis": {
      "domain": [0, 1],
      "automargin": true,
      "type": "linear",
      "autorange": false,
      "range": [-0.0206259426847662, 0.43314479638009],
      "tickmode": "array",
      "ticktext": ["0%", "10%", "20%", "30%", "40%"],
      "tickvals": [0, 0.1, 0.2, 0.3, 0.4],
      "categoryorder": "array",
      "categoryarray": ["0%", "10%", "20%", "30%", "40%"],
      "nticks": null,
      "ticks": "outside",
      "tickcolor": "rgba(0,0,0,1)",
      "ticklen": 4.64923204649232,
      "tickwidth": 0.66417600664176,
      "showticklabels": true,
      "tickfont": {
        "color": "rgba(0,0,0,1)",
        "family": "",
        "size": 7
      },
      "tickangle": -0,
      "showline": true,
      "linecolor": "rgba(0,0,0,1)",
      "linewidth": 0.66417600664176,
      "showgrid": false,
      "gridcolor": null,
      "gridwidth": 0,
      "zeroline": false,
      "anchor": "x",