{
  "data": [
    {
      "orientation": "v",
      "width": [0.95, 0.95, 0.95, 0.95, 0.949999999999999, 0.949999999999999, 0.949999999999999, 0.949999999999999, 0.949999999999999, 0.949999999999999, 0.949999999999999, 0.949999999999999, 0.949999999999999, 0.949999999999999, 0.949999999999999, 0.950000000000001, 0.950000000000003, 0.950000000000003, 0.950000000000003, 0.950000000000003, 0.950000000000003, 0.950000000000003, 0.950000000000003, 0.950000000000003, 0.950000000000003, 0.950000000000003, 0.950000000000003, 0.950000000000003, 0.950000000000003, 0.950000000000003, 0.950000000000003, 0.950000000000003, 0.950000000000003],
      "base": [0, 0, 0, 0, 0, 0, 0, 0, 0, 0, 0, 0, 0, 0, 0, 0, 0, 0, 0, 0, 0, 0, 0, 0, 0, 0, 0, 0, 0, 0, 0, 0, 0],
      "x": [1, 2, 3, 4, 5, 6, 7, 8, 9, 10, 11, 12, 13, 14, 15, 16, 17, 18, 19, 20, 21, 22, 23, 24, 25, 26, 27, 28, 29, 30, 31, 32, 33],
      "y": [0.409366869037294, 0.248048568950564, 0.247181266261925, 0.143104943625325, 0.117085862966175, 0.117085862966175, 0.115351257588899, 0.110147441457069, 0.1040763226366, 0.100607111882047, 0.0841283607979185, 0.0797918473547268, 0.0667823070251518, 0.0667823070251518, 0.0659150043365134, 0.0598438855160451, 0.0581092801387684, 0.0477016478751084, 0.0398959236773634, 0.0372940156114484, 0.0355594102341717, 0.0355594102341717, 0.0268863833477884, 0.0216825672159584, 0.0190806591500434, 0.0164787510841284, 0.013009540329575, 0.00693842150910668, 0.00607111882046834, 0.00607111882046834, 0.00607111882046834, 0.00520381613183001, 0.00173460537727667],
      "text": ["Category: Visualisation<br />Prop: 0.409366869<br />Count: 472<br />Percent: 40.9", "Category: Clustering<br />Prop: 0.248048569<br />Count: 286<br />Percent: 24.8", "Category: Dimensionality Reduction<br />Prop: 0.247181266<br />Count: 285<br />Percent: 24.7", "Category: Integration<br />Prop: 0.143104944<br />Count: 165<br />Percent: 14.3", "Category: Classification<br />Prop: 0.117085863<br />Count: 135<br />Percent: 11.7", "Category: Ordering<br />Prop: 0.117085863<br />Count: 135<br />Percent: 11.7", "Category: Gene Networks<br />Prop: 0.115351258<br />Count: 133<br />Percent: 11.5", "Category: Differential Expression<br />Prop: 0.110147441<br />Count: 127<br />Percent: 11", "Category: Normalisation<br />Prop: 0.104076323<br />Count: 120<br />Percent: 10.4", "Category: Quality Control<br />Prop: 0.100607112<br />Count: 116<br />Percent: 10.1", "Category: Marker Genes<br />Prop: 0.084128361<br />Count: 97<br />Percent: 8.4", "Category: Interactive<br />Prop: 0.079791847<br />Count: 92<br />Percent: 8", "Category: Imputation<br />Prop: 0.066782307<br />Count: 77<br />Percent: 6.7", "Category: Simulation<br />Prop: 0.066782307<br />Count: 77<br />Percent: 6.7", "Category: Gene Sets<br />Prop: 0.065915004<br />Count: 76<br />Percent: 6.6", "Category: Quantification<br />Prop: 0.059843886<br />Count: 69<br />Percent: 6", "Category: Variable Genes<br />Prop: 0.058109280<br />Count: 67<br />Percent: 5.8", "Category: Gene Filtering<br />Prop: 0.047701648<br />Count: 55<br />Percent: 4.8", "Category: Variants<br />Prop: 0.039895924<br />Count: 46<br />Percent: 4", "Category: Alignment<br />Prop: 0.037294016<br />Count: 43<br />Percent: 3.7", "Category: Expression Patterns<br />Prop: 0.035559410<br />Count: 41<br />Percent: 3.6", "Category: UMIs<br />Prop: 0.035559410<br />Count: 41<br />Percent: 3.6", "Category: Alternative Splicing<br />Prop: 0.026886383<br />Count: 31<br />Percent: 2.7", "Category: Cell Cycle<br />Prop: 0.021682567<br />Count: 25<br />Percent: 2.2", "Category: Immune<br />Prop: 0.019080659<br />Count: 22<br />Percent: 1.9", "Category: Perturbations<br />Prop: 0.016478751<br />Count: 19<br />Percent: 1.6", "Category: Rare Cells<br />Prop: 0.013009540<br />Count: 15<br />Percent: 1.3", "Category: Assembly<br />Prop: 0.006938422<br />Count: 8<br />Percent: 0.7", "Category: Modality<br />Prop: 0.006071119<br />Count: 7<br />Percent: 0.6", "Category: Stem Cells<br />Prop: 0.006071119<br />Count: 7<br />Percent: 0.6", "Category: Transformation<br />Prop: 0.006071119<br />Count: 7<br />Percent: 0.6", "Category: Allele Specific<br />Prop: 0.005203816<br />Count: 6<br />Percent: 0.5", "Category: Haplotypes<br />Prop: 0.001734605<br />Count: 2<br />Percent: 0.2"],
      "type": "bar",
      "marker": {
        "autocolorscale": false,
        "color": "rgba(122,82,199,1)",
        "line": {
          "width": 1.88976377952756,
          "color": "transparent"
        }
      },
      "showlegend": false,
      "xaxis": "x",
      "yaxis": "y",
      "hoverinfo": "text",
      "frame": null
    }
  ],
  "layout": {
    "margin": {
      "t": 0,
      "r": 10,
      "b": 0,
      "l": 55
    },
    "font": {
      "color": "rgba(0,0,0,1)",
      "family": "",
      "size": 18.5969281859693
    },
    "xaxis": {
      "domain": [0, 1],
      "automargin": true,
      "type": "linear",
      "autorange": false,
      "range": [0.4, 33.6],
      "tickmode": "array",
      "ticktext": ["Visualisation", "Clustering", "Dimensionality Reduction", "Integration", "Classification", "Ordering", "Gene Networks", "Differential Expression", "Normalisation", "Quality Control", "Marker Genes", "Interactive", "Imputation", "Simulation", "Gene Sets", "Quantification", "Variable Genes", "Gene Filtering", "Variants", "Alignment", "Expression Patterns", "UMIs", "Alternative Splicing", "Cell Cycle", "Immune", "Perturbations", "Rare Cells", "Assembly", "Modality", "Stem Cells", "Transformation", "Allele Specific", "Haplotypes"],
      "tickvals": [1, 2, 3, 4, 5, 6, 7, 8, 9, 10, 11, 12, 13, 14, 15, 16, 17, 18, 19, 20, 21, 22, 23, 24, 25, 26, 27, 28, 29, 30, 31, 32, 33],
      "categoryorder": "array",
      "categoryarray": ["Visualisation", "Clustering", "Dimensionality Reduction", "Integration", "Classification", "Ordering", "Gene Networks", "Differential Expression", "Normalisation", "Quality Control", "Marker Genes", "Interactive", "Imputation", "Simulation", "Gene Sets", "Quantification", "Variable Genes", "Gene Filtering", "Variants", "Alignment", "Expression Patterns", "UMIs", "Alternative Splicing", "Cell Cycle", "Immune", "Perturbations", "Rare Cells", "Assembly", "Modality", "Stem Cells", "Transformation", "Allele Specific", "Haplotypes"],
      "nticks": null,
      "ticks": "outside",
      "tickcolor": "rgba(0,0,0,1)",
      "ticklen": 4.64923204649232,
      "tickwidth": 0.66417600664176,
      "showticklabels": true,
      "tickfont": {
        "color": "rgba(0,0,0,1)",
        "family": "",
        "size": 7
      },
      "tickangle": -60,
      "showline": true,
      "linecolor": "rgba(0,0,0,1)",
      "linewidth": 0.66417600664176,
      "showgrid": false,
      "gridcolor": null,
      "gridwidth": 0,
      "zeroline": false,
      "anchor": "y",
      "title": {
        "text": "",
        "font": {
          "color": null,
          "family": null,
          "size": 9
        }
      },
      "hoverformat": ".2f",
      "fixedrange": true
    },
    "yaxis": {
      "domain": [0, 1],
      "automargin": true,
      "type": "linear",
      "autorange": false,
      "range": [-0.0204683434518647, 0.429835212489159],
      "tickmode": "array",
      "ticktext": ["0.0%", "10.0%", "20.0%", "30.0%", "40.0%"],
      "tickvals": [0, 0.1, 0.2, 0.3, 0.4],
      "categoryorder": "array",
      "categoryarray": ["0.0%", "10.0%", "20.0%", "30.0%", "40.0%"],
      "nticks": null,
      "ticks": "outside",
      "tickcolor": "rgba(0,0,0,1)",
      "ticklen": 4.64923204649232,
      "tickwidth": 0.66417600664176,
      "showticklabels": true,
      "tickfont": {
        "color": "rgba(0,0,0,1)",
        "family": "",
        "size": 7
      },
      "tickangle": -0,
      "showline": true,
      "linecolor": "rgba(0,0,0,1)",
      "linewidth": 0.66417600664176,
      "showgrid": false,
      "gridcolor": null,
      "gridwidth": 0,
      "zeroline": false,
      "anchor": "x",