{
  "data": [
    {
      "orientation": "v",
      "width": [0.95, 0.95, 0.95, 0.95, 0.949999999999999, 0.949999999999999, 0.949999999999999, 0.949999999999999, 0.949999999999999, 0.949999999999999, 0.949999999999999, 0.949999999999999, 0.949999999999999, 0.949999999999999, 0.949999999999999, 0.950000000000001, 0.950000000000003, 0.950000000000003, 0.950000000000003, 0.950000000000003, 0.950000000000003, 0.950000000000003, 0.950000000000003, 0.950000000000003, 0.950000000000003, 0.950000000000003, 0.950000000000003, 0.950000000000003, 0.950000000000003, 0.950000000000003, 0.950000000000003, 0.950000000000003, 0.950000000000003],
      "base": [0, 0, 0, 0, 0, 0, 0, 0, 0, 0, 0, 0, 0, 0, 0, 0, 0, 0, 0, 0, 0, 0, 0, 0, 0, 0, 0, 0, 0, 0, 0, 0, 0],
      "x": [1, 2, 3, 4, 5, 6, 7, 8, 9, 10, 11, 12, 13, 14, 15, 16, 17, 18, 19, 20, 21, 22, 23, 24, 25, 26, 27, 28, 29, 30, 31, 32, 33],
      "y": [0.420704845814978, 0.255506607929515, 0.248898678414097, 0.135462555066079, 0.129955947136564, 0.115638766519824, 0.112334801762115, 0.110132158590308, 0.109030837004405, 0.104625550660793, 0.0914096916299559, 0.0881057268722467, 0.0748898678414097, 0.0704845814977974, 0.0682819383259912, 0.0605726872246696, 0.0572687224669604, 0.052863436123348, 0.0418502202643172, 0.0407488986784141, 0.039647577092511, 0.0363436123348018, 0.0220264317180617, 0.0209251101321586, 0.0198237885462555, 0.013215859030837, 0.0110132158590308, 0.00770925110132159, 0.0066079295154185, 0.0066079295154185, 0.00550660792951542, 0.00440528634361234, 0.00220264317180617],
      "text": ["Category: Visualisation<br />Prop: 0.420704846<br />Count: 382<br />Percent: 42.1", "Category: Clustering<br />Prop: 0.255506608<br />Count: 232<br />Percent: 25.6", "Category: Dimensionality Reduction<br />Prop: 0.248898678<br />Count: 226<br />Percent: 24.9", "Category: Integration<br />Prop: 0.135462555<br />Count: 123<br />Percent: 13.5", "Category: Ordering<br />Prop: 0.129955947<br />Count: 118<br />Percent: 13", "Category: Differential Expression<br />Prop: 0.115638767<br />Count: 105<br />Percent: 11.6", "Category: Normalisation<br />Prop: 0.112334802<br />Count: 102<br />Percent: 11.2", "Category: Gene Networks<br />Prop: 0.110132159<br />Count: 100<br />Percent: 11", "Category: Classification<br />Prop: 0.109030837<br />Count: 99<br />Percent: 10.9", "Category: Quality Control<br />Prop: 0.104625551<br />Count: 95<br />Percent: 10.5", "Category: Interactive<br />Prop: 0.091409692<br />Count: 83<br />Percent: 9.1", "Category: Marker Genes<br />Prop: 0.088105727<br />Count: 80<br />Percent: 8.8", "Category: Imputation<br />Prop: 0.074889868<br />Count: 68<br />Percent: 7.5", "Category: Simulation<br />Prop: 0.070484581<br />Count: 64<br />Percent: 7", "Category: Gene Sets<br />Prop: 0.068281938<br />Count: 62<br />Percent: 6.8", "Category: Variable Genes<br />Prop: 0.060572687<br />Count: 55<br />Percent: 6.1", "Category: Quantification<br />Prop: 0.057268722<br />Count: 52<br />Percent: 5.7", "Category: Gene Filtering<br />Prop: 0.052863436<br />Count: 48<br />Percent: 5.3", "Category: UMIs<br />Prop: 0.041850220<br />Count: 38<br />Percent: 4.2", "Category: Variants<br />Prop: 0.040748899<br />Count: 37<br />Percent: 4.1", "Category: Expression Patterns<br />Prop: 0.039647577<br />Count: 36<br />Percent: 4", "Category: Alignment<br />Prop: 0.036343612<br />Count: 33<br />Percent: 3.6", "Category: Alternative Splicing<br />Prop: 0.022026432<br />Count: 20<br />Percent: 2.2", "Category: Cell Cycle<br />Prop: 0.020925110<br />Count: 19<br />Percent: 2.1", "Category: Immune<br />Prop: 0.019823789<br />Count: 18<br />Percent: 2", "Category: Perturbations<br />Prop: 0.013215859<br />Count: 12<br />Percent: 1.3", "Category: Rare Cells<br />Prop: 0.011013216<br />Count: 10<br />Percent: 1.1", "Category: Assembly<br />Prop: 0.007709251<br />Count: 7<br />Percent: 0.8", "Category: Allele Specific<br />Prop: 0.006607930<br />Count: 6<br />Percent: 0.7", "Category: Stem Cells<br />Prop: 0.006607930<br />Count: 6<br />Percent: 0.7", "Category: Modality<br />Prop: 0.005506608<br />Count: 5<br />Percent: 0.6", "Category: Transformation<br />Prop: 0.004405286<br />Count: 4<br />Percent: 0.4", "Category: Haplotypes<br />Prop: 0.002202643<br />Count: 2<br />Percent: 0.2"],
      "type": "bar",
      "marker": {
        "autocolorscale": false,
        "color": "rgba(122,82,199,1)",
        "line": {
          "width": 1.88976377952756,
          "color": "transparent"
        }
      },
      "showlegend": false,
      "xaxis": "x",
      "yaxis": "y",
      "hoverinfo": "text",
      "frame": null
    }
  ],
  "layout": {
    "margin": {
      "t": 0,
      "r": 10,
      "b": 0,
      "l": 55
    },
    "font": {
      "color": "rgba(0,0,0,1)",
      "family": "",
      "size": 18.5969281859693
    },
    "xaxis": {
      "domain": [0, 1],
      "automargin": true,
      "type": "linear",
      "autorange": false,
      "range": [0.4, 33.6],
      "tickmode": "array",
      "ticktext": ["Visualisation", "Clustering", "Dimensionality Reduction", "Integration", "Ordering", "Differential Expression", "Normalisation", "Gene Networks", "Classification", "Quality Control", "Interactive", "Marker Genes", "Imputation", "Simulation", "Gene Sets", "Variable Genes", "Quantification", "Gene Filtering", "UMIs", "Variants", "Expression Patterns", "Alignment", "Alternative Splicing", "Cell Cycle", "Immune", "Perturbations", "Rare Cells", "Assembly", "Allele Specific", "Stem Cells", "Modality", "Transformation", "Haplotypes"],
      "tickvals": [1, 2, 3, 4, 5, 6, 7, 8, 9, 10, 11, 12, 13, 14, 15, 16, 17, 18, 19, 20, 21, 22, 23, 24, 25, 26, 27, 28, 29, 30, 31, 32, 33],
      "categoryorder": "array",
      "categoryarray": ["Visualisation", "Clustering", "Dimensionality Reduction", "Integration", "Ordering", "Differential Expression", "Normalisation", "Gene Networks", "Classification", "Quality Control", "Interactive", "Marker Genes", "Imputation", "Simulation", "Gene Sets", "Variable Genes", "Quantification", "Gene Filtering", "UMIs", "Variants", "Expression Patterns", "Alignment", "Alternative Splicing", "Cell Cycle", "Immune", "Perturbations", "Rare Cells", "Assembly", "Allele Specific", "Stem Cells", "Modality", "Transformation", "Haplotypes"],
      "nticks": null,
      "ticks": "outside",
      "tickcolor": "rgba(0,0,0,1)",
      "ticklen": 4.64923204649232,
      "tickwidth": 0.66417600664176,
      "showticklabels": true,
      "tickfont": {
        "color": "rgba(0,0,0,1)",
        "family": "",
        "size": 7
      },
      "tickangle": -60,
      "showline": true,
      "linecolor": "rgba(0,0,0,1)",
      "linewidth": 0.66417600664176,
      "showgrid": false,
      "gridcolor": null,
      "gridwidth": 0,
      "zeroline": false,
      "anchor": "y",
      "title": {
        "text": "",
        "font": {
          "color": null,
          "family": null,
          "size": 9
        }
      },
      "hoverformat": ".2f",
      "fixedrange": true
    },
    "yaxis": {
      "domain": [0, 1],
      "automargin": true,
      "type": "linear",
      "autorange": false,
      "range": [-0.0210352422907489, 0.441740088105727],
      "tickmode": "array",
      "ticktext": ["0.0%", "10.0%", "20.0%", "30.0%", "40.0%"],
      "tickvals": [0, 0.1, 0.2, 0.3, 0.4],
      "categoryorder": "array",
      "categoryarray": ["0.0%", "10.0%", "20.0%", "30.0%", "40.0%"],
      "nticks": null,
      "ticks": "outside",
      "tickcolor": "rgba(0,0,0,1)",
      "ticklen": 4.64923204649232,
      "tickwidth": 0.66417600664176,
      "showticklabels": true,
      "tickfont": {
        "color": "rgba(0,0,0,1)",
        "family": "",
        "size": 7
      },
      "tickangle": -0,
      "showline": true,
      "linecolor": "rgba(0,0,0,1)",
      "linewidth": 0.66417600664176,
      "showgrid": false,
      "gridcolor": null,
      "gridwidth": 0,
      "zeroline": false,
      "anchor": "x",