{
  "data": [
    {
      "orientation": "v",
      "width": [0.95, 0.95, 0.95, 0.95, 0.949999999999999, 0.949999999999999, 0.949999999999999, 0.949999999999999, 0.949999999999999, 0.949999999999999, 0.949999999999999, 0.949999999999999, 0.949999999999999, 0.949999999999999, 0.949999999999999, 0.950000000000001, 0.950000000000003, 0.950000000000003, 0.950000000000003, 0.950000000000003, 0.950000000000003, 0.950000000000003, 0.950000000000003, 0.950000000000003, 0.950000000000003, 0.950000000000003, 0.950000000000003, 0.950000000000003, 0.950000000000003, 0.950000000000003, 0.950000000000003, 0.950000000000003],
      "base": [0, 0, 0, 0, 0, 0, 0, 0, 0, 0, 0, 0, 0, 0, 0, 0, 0, 0, 0, 0, 0, 0, 0, 0, 0, 0, 0, 0, 0, 0, 0, 0],
      "x": [1, 2, 3, 4, 5, 6, 7, 8, 9, 10, 11, 12, 13, 14, 15, 16, 17, 18, 19, 20, 21, 22, 23, 24, 25, 26, 27, 28, 29, 30, 31, 32],
      "y": [0.466542750929368, 0.267657992565056, 0.25092936802974, 0.156133828996283, 0.152416356877323, 0.12639405204461, 0.12639405204461, 0.122676579925651, 0.109665427509294, 0.102230483271375, 0.102230483271375, 0.087360594795539, 0.0836431226765799, 0.0780669144981413, 0.0743494423791822, 0.0743494423791822, 0.0724907063197026, 0.0669144981412639, 0.0576208178438662, 0.0539033457249071, 0.0408921933085502, 0.0315985130111524, 0.0278810408921933, 0.0204460966542751, 0.0204460966542751, 0.0148698884758364, 0.0111524163568773, 0.00929368029739777, 0.00929368029739777, 0.00743494423791822, 0.00557620817843866, 0.00371747211895911],
      "text": ["Category: Visualisation<br />Prop: 0.466542751<br />Count: 251<br />Percent: 46.7", "Category: Clustering<br />Prop: 0.267657993<br />Count: 144<br />Percent: 26.8", "Category: Dimensionality Reduction<br />Prop: 0.250929368<br />Count: 135<br />Percent: 25.1", "Category: Normalisation<br />Prop: 0.156133829<br />Count: 84<br />Percent: 15.6", "Category: Ordering<br />Prop: 0.152416357<br />Count: 82<br />Percent: 15.2", "Category: Interactive<br />Prop: 0.126394052<br />Count: 68<br />Percent: 12.6", "Category: Quality Control<br />Prop: 0.126394052<br />Count: 68<br />Percent: 12.6", "Category: Differential Expression<br />Prop: 0.122676580<br />Count: 66<br />Percent: 12.3", "Category: Gene Networks<br />Prop: 0.109665428<br />Count: 59<br />Percent: 11", "Category: Integration<br />Prop: 0.102230483<br />Count: 55<br />Percent: 10.2", "Category: Marker Genes<br />Prop: 0.102230483<br />Count: 55<br />Percent: 10.2", "Category: Classification<br />Prop: 0.087360595<br />Count: 47<br />Percent: 8.7", "Category: Simulation<br />Prop: 0.083643123<br />Count: 45<br />Percent: 8.4", "Category: Variable Genes<br />Prop: 0.078066914<br />Count: 42<br />Percent: 7.8", "Category: Gene Filtering<br />Prop: 0.074349442<br />Count: 40<br />Percent: 7.4", "Category: Imputation<br />Prop: 0.074349442<br />Count: 40<br />Percent: 7.4", "Category: Gene Sets<br />Prop: 0.072490706<br />Count: 39<br />Percent: 7.2", "Category: Quantification<br />Prop: 0.066914498<br />Count: 36<br />Percent: 6.7", "Category: UMIs<br />Prop: 0.057620818<br />Count: 31<br />Percent: 5.8", "Category: Expression Patterns<br />Prop: 0.053903346<br />Count: 29<br />Percent: 5.4", "Category: Alignment<br />Prop: 0.040892193<br />Count: 22<br />Percent: 4.1", "Category: Variants<br />Prop: 0.031598513<br />Count: 17<br />Percent: 3.2", "Category: Cell Cycle<br />Prop: 0.027881041<br />Count: 15<br />Percent: 2.8", "Category: Alternative Splicing<br />Prop: 0.020446097<br />Count: 11<br />Percent: 2", "Category: Immune<br />Prop: 0.020446097<br />Count: 11<br />Percent: 2", "Category: Rare Cells<br />Prop: 0.014869888<br />Count: 8<br />Percent: 1.5", "Category: Assembly<br />Prop: 0.011152416<br />Count: 6<br />Percent: 1.1", "Category: Allele Specific<br />Prop: 0.009293680<br />Count: 5<br />Percent: 0.9", "Category: Stem Cells<br />Prop: 0.009293680<br />Count: 5<br />Percent: 0.9", "Category: Transformation<br />Prop: 0.007434944<br />Count: 4<br />Percent: 0.7", "Category: Modality<br />Prop: 0.005576208<br />Count: 3<br />Percent: 0.6", "Category: Haplotypes<br />Prop: 0.003717472<br />Count: 2<br />Percent: 0.4"],
      "type": "bar",
      "marker": {
        "autocolorscale": false,
        "color": "rgba(122,82,199,1)",
        "line": {
          "width": 1.88976377952756,
          "color": "transparent"
        }
      },
      "showlegend": false,
      "xaxis": "x",
      "yaxis": "y",
      "hoverinfo": "text",
      "frame": null
    }
  ],
  "layout": {
    "margin": {
      "t": 0,
      "r": 10,
      "b": 0,
      "l": 55
    },
    "font": {
      "color": "rgba(0,0,0,1)",
      "family": "",
      "size": 18.5969281859693
    },
    "xaxis": {
      "domain": [0, 1],
      "automargin": true,
      "type": "linear",
      "autorange": false,
      "range": [0.4, 32.6],
      "tickmode": "array",
      "ticktext": ["Visualisation", "Clustering", "Dimensionality Reduction", "Normalisation", "Ordering", "Interactive", "Quality Control", "Differential Expression", "Gene Networks", "Integration", "Marker Genes", "Classification", "Simulation", "Variable Genes", "Gene Filtering", "Imputation", "Gene Sets", "Quantification", "UMIs", "Expression Patterns", "Alignment", "Variants", "Cell Cycle", "Alternative Splicing", "Immune", "Rare Cells", "Assembly", "Allele Specific", "Stem Cells", "Transformation", "Modality", "Haplotypes"],
      "tickvals": [1, 2, 3, 4, 5, 6, 7, 8, 9, 10, 11, 12, 13, 14, 15, 16, 17, 18, 19, 20, 21, 22, 23, 24, 25, 26, 27, 28, 29, 30, 31, 32],
      "categoryorder": "array",
      "categoryarray": ["Visualisation", "Clustering", "Dimensionality Reduction", "Normalisation", "Ordering", "Interactive", "Quality Control", "Differential Expression", "Gene Networks", "Integration", "Marker Genes", "Classification", "Simulation", "Variable Genes", "Gene Filtering", "Imputation", "Gene Sets", "Quantification", "UMIs", "Expression Patterns", "Alignment", "Variants", "Cell Cycle", "Alternative Splicing", "Immune", "Rare Cells", "Assembly", "Allele Specific", "Stem Cells", "Transformation", "Modality", "Haplotypes"],
      "nticks": null,
      "ticks": "outside",
      "tickcolor": "rgba(0,0,0,1)",
      "ticklen": 4.64923204649232,
      "tickwidth": 0.66417600664176,
      "showticklabels": true,
      "tickfont": {
        "color": "rgba(0,0,0,1)",
        "family": "",
        "size": 7
      },
      "tickangle": -60,
      "showline": true,
      "linecolor": "rgba(0,0,0,1)",
      "linewidth": 0.66417600664176,
      "showgrid": false,
      "gridcolor": null,
      "gridwidth": 0,
      "zeroline": false,
      "anchor": "y",
      "title": {
        "text": "",
        "font": {
          "color": null,
          "family": null,
          "size": 9
        }
      },
      "hoverformat": ".2f",
      "fixedrange": true
    },
    "yaxis": {
      "domain": [0, 1],
      "automargin": true,
      "type": "linear",
      "autorange": false,
      "range": [-0.0233271375464684, 0.489869888475836],
      "tickmode": "array",
      "ticktext": ["0.0%", "10.0%", "20.0%", "30.0%", "40.0%"],
      "tickvals": [0, 0.1, 0.2, 0.3, 0.4],
      "categoryorder": "array",
      "categoryarray": ["0.0%", "10.0%", "20.0%", "30.0%", "40.0%"],
      "nticks": null,
      "ticks": "outside",
      "tickcolor": "rgba(0,0,0,1)",
      "ticklen": 4.64923204649232,
      "tickwidth": 0.66417600664176,
      "showticklabels": true,
      "tickfont": {
        "color": "rgba(0,0,0,1)",
        "family": "",
        "size": 7
      },
      "tickangle": -0,
      "showline": true,
      "linecolor": "rgba(0,0,0,1)",
      "linewidth": 0.66417600664176,
      "showgrid": false,
      "gridcolor": null,
      "gridwidth": 0,
      "zeroline": false,
      "anchor": "x",
      "title": {
        "text": "Percentage of tools",
        "font": {
          "color": "rgba(0,0,0,1)",
          "family": "",
          "size": 9
        }
      },
      "hoverformat": ".2f",