{
  "data": [
    {
      "orientation": "v",
      "width": [0.95, 0.95, 0.95, 0.95, 0.949999999999999, 0.949999999999999, 0.949999999999999, 0.949999999999999, 0.949999999999999, 0.949999999999999, 0.949999999999999, 0.949999999999999, 0.949999999999999, 0.949999999999999, 0.949999999999999, 0.950000000000001, 0.950000000000003, 0.950000000000003, 0.950000000000003, 0.950000000000003, 0.950000000000003, 0.950000000000003, 0.950000000000003, 0.950000000000003, 0.950000000000003, 0.950000000000003, 0.950000000000003, 0.950000000000003, 0.950000000000003, 0.950000000000003, 0.950000000000003, 0.950000000000003],
      "base": [0, 0, 0, 0, 0, 0, 0, 0, 0, 0, 0, 0, 0, 0, 0, 0, 0, 0, 0, 0, 0, 0, 0, 0, 0, 0, 0, 0, 0, 0, 0, 0],
      "x": [1, 2, 3, 4, 5, 6, 7, 8, 9, 10, 11, 12, 13, 14, 15, 16, 17, 18, 19, 20, 21, 22, 23, 24, 25, 26, 27, 28, 29, 30, 31, 32],
      "y": [0.434278350515464, 0.255154639175258, 0.246134020618557, 0.134020618556701, 0.131443298969072, 0.122422680412371, 0.110824742268041, 0.108247422680412, 0.106958762886598, 0.105670103092784, 0.10180412371134, 0.0914948453608247, 0.0824742268041237, 0.0721649484536082, 0.0708762886597938, 0.0644329896907216, 0.0605670103092784, 0.0567010309278351, 0.0463917525773196, 0.0438144329896907, 0.0347938144329897, 0.0347938144329897, 0.0231958762886598, 0.0193298969072165, 0.0180412371134021, 0.0115979381443299, 0.00902061855670103, 0.0077319587628866, 0.00644329896907216, 0.00515463917525773, 0.00515463917525773, 0.00257731958762887],
      "text": ["Category: Visualisation<br />Prop: 0.434278351<br />Count: 337<br />Percent: 43.4", "Category: Clustering<br />Prop: 0.255154639<br />Count: 198<br />Percent: 25.5", "Category: Dimensionality Reduction<br />Prop: 0.246134021<br />Count: 191<br />Percent: 24.6", "Category: Integration<br />Prop: 0.134020619<br />Count: 104<br />Percent: 13.4", "Category: Ordering<br />Prop: 0.131443299<br />Count: 102<br />Percent: 13.1", "Category: Normalisation<br />Prop: 0.122422680<br />Count: 95<br />Percent: 12.2", "Category: Differential Expression<br />Prop: 0.110824742<br />Count: 86<br />Percent: 11.1", "Category: Quality Control<br />Prop: 0.108247423<br />Count: 84<br />Percent: 10.8", "Category: Classification<br />Prop: 0.106958763<br />Count: 83<br />Percent: 10.7", "Category: Gene Networks<br />Prop: 0.105670103<br />Count: 82<br />Percent: 10.6", "Category: Interactive<br />Prop: 0.101804124<br />Count: 79<br />Percent: 10.2", "Category: Marker Genes<br />Prop: 0.091494845<br />Count: 71<br />Percent: 9.1", "Category: Imputation<br />Prop: 0.082474227<br />Count: 64<br />Percent: 8.2", "Category: Gene Sets<br />Prop: 0.072164948<br />Count: 56<br />Percent: 7.2", "Category: Simulation<br />Prop: 0.070876289<br />Count: 55<br />Percent: 7.1", "Category: Variable Genes<br />Prop: 0.064432990<br />Count: 50<br />Percent: 6.4", "Category: Gene Filtering<br />Prop: 0.060567010<br />Count: 47<br />Percent: 6.1", "Category: Quantification<br />Prop: 0.056701031<br />Count: 44<br />Percent: 5.7", "Category: UMIs<br />Prop: 0.046391753<br />Count: 36<br />Percent: 4.6", "Category: Expression Patterns<br />Prop: 0.043814433<br />Count: 34<br />Percent: 4.4", "Category: Alignment<br />Prop: 0.034793814<br />Count: 27<br />Percent: 3.5", "Category: Variants<br />Prop: 0.034793814<br />Count: 27<br />Percent: 3.5", "Category: Cell Cycle<br />Prop: 0.023195876<br />Count: 18<br />Percent: 2.3", "Category: Immune<br />Prop: 0.019329897<br />Count: 15<br />Percent: 1.9", "Category: Alternative Splicing<br />Prop: 0.018041237<br />Count: 14<br />Percent: 1.8", "Category: Rare Cells<br />Prop: 0.011597938<br />Count: 9<br />Percent: 1.2", "Category: Assembly<br />Prop: 0.009020619<br />Count: 7<br />Percent: 0.9", "Category: Allele Specific<br />Prop: 0.007731959<br />Count: 6<br />Percent: 0.8", "Category: Stem Cells<br />Prop: 0.006443299<br />Count: 5<br />Percent: 0.6", "Category: Modality<br />Prop: 0.005154639<br />Count: 4<br />Percent: 0.5", "Category: Transformation<br />Prop: 0.005154639<br />Count: 4<br />Percent: 0.5", "Category: Haplotypes<br />Prop: 0.002577320<br />Count: 2<br />Percent: 0.3"],
      "type": "bar",
      "marker": {
        "autocolorscale": false,
        "color": "rgba(122,82,199,1)",
        "line": {
          "width": 1.88976377952756,
          "color": "transparent"
        }
      },
      "showlegend": false,
      "xaxis": "x",
      "yaxis": "y",
      "hoverinfo": "text",
      "frame": null
    }
  ],
  "layout": {
    "margin": {
      "t": 0,
      "r": 10,
      "b": 0,
      "l": 55
    },
    "font": {
      "color": "rgba(0,0,0,1)",
      "family": "",
      "size": 18.5969281859693
    },
    "xaxis": {
      "domain": [0, 1],
      "automargin": true,
      "type": "linear",
      "autorange": false,
      "range": [0.4, 32.6],
      "tickmode": "array",
      "ticktext": ["Visualisation", "Clustering", "Dimensionality Reduction", "Integration", "Ordering", "Normalisation", "Differential Expression", "Quality Control", "Classification", "Gene Networks", "Interactive", "Marker Genes", "Imputation", "Gene Sets", "Simulation", "Variable Genes", "Gene Filtering", "Quantification", "UMIs", "Expression Patterns", "Alignment", "Variants", "Cell Cycle", "Immune", "Alternative Splicing", "Rare Cells", "Assembly", "Allele Specific", "Stem Cells", "Modality", "Transformation", "Haplotypes"],
      "tickvals": [1, 2, 3, 4, 5, 6, 7, 8, 9, 10, 11, 12, 13, 14, 15, 16, 17, 18, 19, 20, 21, 22, 23, 24, 25, 26, 27, 28, 29, 30, 31, 32],
      "categoryorder": "array",
      "categoryarray": ["Visualisation", "Clustering", "Dimensionality Reduction", "Integration", "Ordering", "Normalisation", "Differential Expression", "Quality Control", "Classification", "Gene Networks", "Interactive", "Marker Genes", "Imputation", "Gene Sets", "Simulation", "Variable Genes", "Gene Filtering", "Quantification", "UMIs", "Expression Patterns", "Alignment", "Variants", "Cell Cycle", "Immune", "Alternative Splicing", "Rare Cells", "Assembly", "Allele Specific", "Stem Cells", "Modality", "Transformation", "Haplotypes"],
      "nticks": null,
      "ticks": "outside",
      "tickcolor": "rgba(0,0,0,1)",
      "ticklen": 4.64923204649232,
      "tickwidth": 0.66417600664176,
      "showticklabels": true,
      "tickfont": {
        "color": "rgba(0,0,0,1)",
        "family": "",
        "size": 7
      },
      "tickangle": -60,
      "showline": true,
      "linecolor": "rgba(0,0,0,1)",
      "linewidth": 0.66417600664176,
      "showgrid": false,
      "gridcolor": null,
      "gridwidth": 0,
      "zeroline": false,
      "anchor": "y",
      "title": {
        "text": "",
        "font": {
          "color": null,
          "family": null,
          "size": 9
        }
      },
      "hoverformat": ".2f",
      "fixedrange": true
    },
    "yaxis": {
      "domain": [0, 1],
      "automargin": true,
      "type": "linear",
      "autorange": false,
      "range": [-0.0217139175257732, 0.455992268041237],
      "tickmode": "array",
      "ticktext": ["0.0%", "10.0%", "20.0%", "30.0%", "40.0%"],
      "tickvals": [0, 0.1, 0.2, 0.3, 0.4],
      "categoryorder": "array",
      "categoryarray": ["0.0%", "10.0%", "20.0%", "30.0%", "40.0%"],
      "nticks": null,
      "ticks": "outside",
      "tickcolor": "rgba(0,0,0,1)",
      "ticklen": 4.64923204649232,
      "tickwidth": 0.66417600664176,
      "showticklabels": true,
      "tickfont": {
        "color": "rgba(0,0,0,1)",
        "family": "",
        "size": 7
      },
      "tickangle": -0,
      "showline": true,
      "linecolor": "rgba(0,0,0,1)",
      "linewidth": 0.66417600664176,
      "showgrid": false,
      "gridcolor": null,
      "gridwidth": 0,
      "zeroline": false,
      "anchor": "x",
      "title": {
        "text": "Percentage of tools",
        "font": {
          "color": "rgba(0,0,0,1)",
          "family": "",
          "size": 9
        }
      },
      "hoverformat": ".2f",