{
  "data": [
    {
      "orientation": "v",
      "width": [0.95, 0.95, 0.95, 0.95, 0.949999999999999, 0.949999999999999, 0.949999999999999, 0.949999999999999, 0.949999999999999, 0.949999999999999, 0.949999999999999, 0.949999999999999, 0.949999999999999, 0.949999999999999, 0.949999999999999, 0.950000000000001, 0.950000000000003, 0.950000000000003, 0.950000000000003, 0.950000000000003, 0.950000000000003, 0.950000000000003, 0.950000000000003, 0.950000000000003, 0.950000000000003, 0.950000000000003, 0.950000000000003, 0.950000000000003, 0.950000000000003, 0.950000000000003, 0.950000000000003, 0.950000000000003, 0.950000000000003],
      "base": [0, 0, 0, 0, 0, 0, 0, 0, 0, 0, 0, 0, 0, 0, 0, 0, 0, 0, 0, 0, 0, 0, 0, 0, 0, 0, 0, 0, 0, 0, 0, 0, 0],
      "x": [1, 2, 3, 4, 5, 6, 7, 8, 9, 10, 11, 12, 13, 14, 15, 16, 17, 18, 19, 20, 21, 22, 23, 24, 25, 26, 27, 28, 29, 30, 31, 32, 33],
      "y": [0.414264036418816, 0.241274658573596, 0.238998482549317, 0.144916540212443, 0.12443095599393, 0.116843702579666, 0.115326251896813, 0.103186646433991, 0.101669195751138, 0.0986342943854325, 0.0857359635811836, 0.0728376327769348, 0.0698027314112291, 0.0652503793626707, 0.0629742033383915, 0.0606980273141123, 0.0606980273141123, 0.0447647951441578, 0.0417298937784522, 0.0349013657056146, 0.0333839150227618, 0.0326251896813354, 0.0265553869499241, 0.0227617602427921, 0.0212443095599393, 0.0197268588770865, 0.0128983308042489, 0.00682852807283763, 0.00606980273141123, 0.00606980273141123, 0.00531107738998483, 0.00455235204855842, 0.00151745068285281],
      "text": ["Category: Visualisation<br />Count: 546<br />Percent: 41.4", "Category: Clustering<br />Count: 318<br />Percent: 24.1", "Category: Dimensionality Reduction<br />Count: 315<br />Percent: 23.9", "Category: Integration<br />Count: 191<br />Percent: 14.5", "Category: Gene Networks<br />Count: 164<br />Percent: 12.4", "Category: Classification<br />Count: 154<br />Percent: 11.7", "Category: Ordering<br />Count: 152<br />Percent: 11.5", "Category: Differential Expression<br />Count: 136<br />Percent: 10.3", "Category: Quality Control<br />Count: 134<br />Percent: 10.2", "Category: Normalisation<br />Count: 130<br />Percent: 9.9", "Category: Marker Genes<br />Count: 113<br />Percent: 8.6", "Category: Interactive<br />Count: 96<br />Percent: 7.3", "Category: Gene Sets<br />Count: 92<br />Percent: 7", "Category: Imputation<br />Count: 86<br />Percent: 6.5", "Category: Simulation<br />Count: 83<br />Percent: 6.3", "Category: Quantification<br />Count: 80<br />Percent: 6.1", "Category: Variable Genes<br />Count: 80<br />Percent: 6.1", "Category: Gene Filtering<br />Count: 59<br />Percent: 4.5", "Category: Variants<br />Count: 55<br />Percent: 4.2", "Category: Alignment<br />Count: 46<br />Percent: 3.5", "Category: UMIs<br />Count: 44<br />Percent: 3.3", "Category: Expression Patterns<br />Count: 43<br />Percent: 3.3", "Category: Alternative Splicing<br />Count: 35<br />Percent: 2.7", "Category: Immune<br />Count: 30<br />Percent: 2.3", "Category: Cell Cycle<br />Count: 28<br />Percent: 2.1", "Category: Perturbations<br />Count: 26<br />Percent: 2", "Category: Rare Cells<br />Count: 17<br />Percent: 1.3", "Category: Assembly<br />Count: 9<br />Percent: 0.7", "Category: Stem Cells<br />Count: 8<br />Percent: 0.6", "Category: Transformation<br />Count: 8<br />Percent: 0.6", "Category: Modality<br />Count: 7<br />Percent: 0.5", "Category: Allele Specific<br />Count: 6<br />Percent: 0.5", "Category: Haplotypes<br />Count: 2<br />Percent: 0.2"],
      "type": "bar",
      "textposition": "none",
      "marker": {
        "autocolorscale": false,
        "color": "rgba(122,82,199,1)",
        "line": {
          "width": 1.88976377952756,
          "color": "transparent"
        }
      },
      "showlegend": false,
      "xaxis": "x",
      "yaxis": "y",
      "hoverinfo": "text",
      "frame": null
    }
  ],
  "layout": {
    "margin": {
      "t": 50,
      "r": 30,
      "b": 50,
      "l": 70
    },
    "font": {
      "color": "rgba(0,0,0,1)",
      "family": "",
      "size": 18.5969281859693
    },
    "xaxis": {
      "domain": [0, 1],
      "automargin": true,
      "type": "linear",
      "autorange": false,
      "range": [0.4, 33.6],
      "tickmode": "array",
      "ticktext": ["Visualisation", "Clustering", "Dimensionality Reduction", "Integration", "Gene Networks", "Classification", "Ordering", "Differential Expression", "Quality Control", "Normalisation", "Marker Genes", "Interactive", "Gene Sets", "Imputation", "Simulation", "Quantification", "Variable Genes", "Gene Filtering", "Variants", "Alignment", "UMIs", "Expression Patterns", "Alternative Splicing", "Immune", "Cell Cycle", "Perturbations", "Rare Cells", "Assembly", "Stem Cells", "Transformation", "Modality", "Allele Specific", "Haplotypes"],
      "tickvals": [1, 2, 3, 4, 5, 6, 7, 8, 9, 10, 11, 12, 13, 14, 15, 16, 17, 18, 19, 20, 21, 22, 23, 24, 25, 26, 27, 28, 29, 30, 31, 32, 33],
      "categoryorder": "array",
      "categoryarray": ["Visualisation", "Clustering", "Dimensionality Reduction", "Integration", "Gene Networks", "Classification", "Ordering", "Differential Expression", "Quality Control", "Normalisation", "Marker Genes", "Interactive", "Gene Sets", "Imputation", "Simulation", "Quantification", "Variable Genes", "Gene Filtering", "Variants", "Alignment", "UMIs", "Expression Patterns", "Alternative Splicing", "Immune", "Cell Cycle", "Perturbations", "Rare Cells", "Assembly", "Stem Cells", "Transformation", "Modality", "Allele Specific", "Haplotypes"],
      "nticks": null,
      "ticks": "outside",
      "tickcolor": "rgba(0,0,0,1)",
      "ticklen": 4.64923204649232,
      "tickwidth": 0.66417600664176,
      "showticklabels": true,
      "tickfont": {
        "color": "rgba(0,0,0,1)",
        "family": "",
        "size": 15.9402241594022
      },
      "tickangle": -60,
      "showline": true,
      "linecolor": "rgba(0,0,0,1)",
      "linewidth": 0.66417600664176,
      "showgrid": false,
      "gridcolor": null,
      "gridwidth": 0,
      "zeroline": false,
      "anchor": "y",
      "title": {
        "text": "",
        "font": {
          "color": null,
          "family": null,
          "size": 0
        }
      },
      "hoverformat": ".2f"
    },
    "yaxis": {
      "domain": [0, 1],
      "automargin": true,
      "type": "linear",
      "autorange": false,
      "range": [-0.0207132018209408, 0.434977238239757],
      "tickmode": "array",
      "ticktext": ["0%", "10%", "20%", "30%", "40%"],
      "tickvals": [0, 0.1, 0.2, 0.3, 0.4],
      "categoryorder": "array",
      "categoryarray": ["0%", "10%", "20%", "30%", "40%"],
      "nticks": null,
      "ticks": "outside",
      "tickcolor": "rgba(0,0,0,1)",
      "ticklen": 4.64923204649232,
      "tickwidth": 0.66417600664176,
      "showticklabels": true,
      "tickfont": {
        "color": "rgba(0,0,0,1)",
        "family": "",
        "size": 15.9402241594022
      },
      "tickangle": -0,
      "showline": true,
      "linecolor": "rgba(0,0,0,1)",
      "linewidth": 0.66417600664176,
      "showgrid": false,
      "gridcolor": null,
      "gridwidth": 0,
      "zeroline": false,
      "anchor": "x",
      "title": {
        "text": "Percentage of tools",
        "font": {
          "color": "rgba(0,0,0,1)",
          "family": "",
          "size": 18.5969281859693
        }
      },
      "hoverformat": ".2f"
    },
    "shapes": [
      {
        "type": "rect",
        "fillcolor": null,
        "line": {
          "color": null,
          "width": 0,
          "linetype": []
        },
        "yref": "paper",
        "xref": "paper",
        "x0": 0,
        "x1": 1,
        "y0": 0,
        "y1": 1
      }
    ],
    "showlegend": false,
    "legend": {
      "bgcolor": null,
      "bordercolor": null,
      "borderwidth": 0,
      "font": {
        "color": "rgba(0,0,0,1)",
        "family": "",
        "size": 15.9402241594022
      }
    },