{
  "data": [
    {
      "orientation": "v",
      "width": [0.95, 0.95, 0.95, 0.95, 0.949999999999999, 0.949999999999999, 0.949999999999999, 0.949999999999999, 0.949999999999999, 0.949999999999999, 0.949999999999999, 0.949999999999999, 0.949999999999999, 0.949999999999999, 0.949999999999999, 0.950000000000001, 0.950000000000003, 0.950000000000003, 0.950000000000003, 0.950000000000003, 0.950000000000003, 0.950000000000003, 0.950000000000003, 0.950000000000003, 0.950000000000003, 0.950000000000003, 0.950000000000003, 0.950000000000003, 0.950000000000003, 0.950000000000003, 0.950000000000003, 0.950000000000003, 0.950000000000003],
      "base": [0, 0, 0, 0, 0, 0, 0, 0, 0, 0, 0, 0, 0, 0, 0, 0, 0, 0, 0, 0, 0, 0, 0, 0, 0, 0, 0, 0, 0, 0, 0, 0, 0],
      "x": [1, 2, 3, 4, 5, 6, 7, 8, 9, 10, 11, 12, 13, 14, 15, 16, 17, 18, 19, 20, 21, 22, 23, 24, 25, 26, 27, 28, 29, 30, 31, 32, 33],
      "y": [0.408562691131498, 0.248929663608563, 0.226299694189602, 0.154128440366972, 0.126605504587156, 0.119877675840979, 0.11131498470948, 0.0990825688073395, 0.0960244648318043, 0.0948012232415902, 0.0825688073394495, 0.0764525993883792, 0.0666666666666667, 0.0629969418960245, 0.0623853211009174, 0.0617737003058104, 0.0611620795107034, 0.0470948012232416, 0.0391437308868502, 0.0342507645259939, 0.0330275229357798, 0.0299694189602446, 0.0256880733944954, 0.0250764525993884, 0.0244648318042813, 0.0207951070336391, 0.0116207951070336, 0.0073394495412844, 0.00611620795107034, 0.0055045871559633, 0.00489296636085627, 0.00428134556574924, 0.00122324159021407],
      "text": ["Category: Visualisation<br />Prop: 0.408562691<br />Count: 668<br />Percent: 40.9", "Category: Dimensionality Reduction<br />Prop: 0.248929664<br />Count: 407<br />Percent: 24.9", "Category: Clustering<br />Prop: 0.226299694<br />Count: 370<br />Percent: 22.6", "Category: Integration<br />Prop: 0.154128440<br />Count: 252<br />Percent: 15.4", "Category: Gene Networks<br />Prop: 0.126605505<br />Count: 207<br />Percent: 12.7", "Category: Classification<br />Prop: 0.119877676<br />Count: 196<br />Percent: 12", "Category: Ordering<br />Prop: 0.111314985<br />Count: 182<br />Percent: 11.1", "Category: Quality Control<br />Prop: 0.099082569<br />Count: 162<br />Percent: 9.9", "Category: Normalisation<br />Prop: 0.096024465<br />Count: 157<br />Percent: 9.6", "Category: Differential Expression<br />Prop: 0.094801223<br />Count: 155<br />Percent: 9.5", "Category: Marker Genes<br />Prop: 0.082568807<br />Count: 135<br />Percent: 8.3", "Category: Gene Sets<br />Prop: 0.076452599<br />Count: 125<br />Percent: 7.6", "Category: Interactive<br />Prop: 0.066666667<br />Count: 109<br />Percent: 6.7", "Category: Imputation<br />Prop: 0.062996942<br />Count: 103<br />Percent: 6.3", "Category: Quantification<br />Prop: 0.062385321<br />Count: 102<br />Percent: 6.2", "Category: Variable Genes<br />Prop: 0.061773700<br />Count: 101<br />Percent: 6.2", "Category: Simulation<br />Prop: 0.061162080<br />Count: 100<br />Percent: 6.1", "Category: Variants<br />Prop: 0.047094801<br />Count: 77<br />Percent: 4.7", "Category: Gene Filtering<br />Prop: 0.039143731<br />Count: 64<br />Percent: 3.9", "Category: UMIs<br />Prop: 0.034250765<br />Count: 56<br />Percent: 3.4", "Category: Alignment<br />Prop: 0.033027523<br />Count: 54<br />Percent: 3.3", "Category: Expression Patterns<br />Prop: 0.029969419<br />Count: 49<br />Percent: 3", "Category: Alternative Splicing<br />Prop: 0.025688073<br />Count: 42<br />Percent: 2.6", "Category: Immune<br />Prop: 0.025076453<br />Count: 41<br />Percent: 2.5", "Category: Perturbations<br />Prop: 0.024464832<br />Count: 40<br />Percent: 2.4", "Category: Cell Cycle<br />Prop: 0.020795107<br />Count: 34<br />Percent: 2.1", "Category: Rare Cells<br />Prop: 0.011620795<br />Count: 19<br />Percent: 1.2", "Category: Transformation<br />Prop: 0.007339450<br />Count: 12<br />Percent: 0.7", "Category: Assembly<br />Prop: 0.006116208<br />Count: 10<br />Percent: 0.6", "Category: Stem Cells<br />Prop: 0.005504587<br />Count: 9<br />Percent: 0.6", "Category: Modality<br />Prop: 0.004892966<br />Count: 8<br />Percent: 0.5", "Category: Allele Specific<br />Prop: 0.004281346<br />Count: 7<br />Percent: 0.4", "Category: Haplotypes<br />Prop: 0.001223242<br />Count: 2<br />Percent: 0.1"],
      "type": "bar",
      "textposition": "none",
      "marker": {
        "autocolorscale": false,
        "color": "rgba(122,82,199,1)",
        "line": {
          "width": 1.88976377952756,
          "color": "transparent"
        }
      },
      "showlegend": false,
      "xaxis": "x",
      "yaxis": "y",
      "hoverinfo": "text",
      "frame": null
    }
  ],
  "layout": {
    "margin": {
      "t": 0,
      "r": 10,
      "b": 0,
      "l": 55
    },
    "font": {
      "color": "rgba(0,0,0,1)",
      "family": "",
      "size": 18.5969281859693
    },
    "xaxis": {
      "domain": [0, 1],
      "automargin": true,
      "type": "linear",
      "autorange": false,
      "range": [0.4, 33.6],
      "tickmode": "array",
      "ticktext": ["Visualisation", "Dimensionality Reduction", "Clustering", "Integration", "Gene Networks", "Classification", "Ordering", "Quality Control", "Normalisation", "Differential Expression", "Marker Genes", "Gene Sets", "Interactive", "Imputation", "Quantification", "Variable Genes", "Simulation", "Variants", "Gene Filtering", "UMIs", "Alignment", "Expression Patterns", "Alternative Splicing", "Immune", "Perturbations", "Cell Cycle", "Rare Cells", "Transformation", "Assembly", "Stem Cells", "Modality", "Allele Specific", "Haplotypes"],
      "tickvals": [1, 2, 3, 4, 5, 6, 7, 8, 9, 10, 11, 12, 13, 14, 15, 16, 17, 18, 19, 20, 21, 22, 23, 24, 25, 26, 27, 28, 29, 30, 31, 32, 33],
      "categoryorder": "array",
      "categoryarray": ["Visualisation", "Dimensionality Reduction", "Clustering", "Integration", "Gene Networks", "Classification", "Ordering", "Quality Control", "Normalisation", "Differential Expression", "Marker Genes", "Gene Sets", "Interactive", "Imputation", "Quantification", "Variable Genes", "Simulation", "Variants", "Gene Filtering", "UMIs", "Alignment", "Expression Patterns", "Alternative Splicing", "Immune", "Perturbations", "Cell Cycle", "Rare Cells", "Transformation", "Assembly", "Stem Cells", "Modality", "Allele Specific", "Haplotypes"],
      "nticks": null,
      "ticks": "outside",
      "tickcolor": "rgba(0,0,0,1)",
      "ticklen": 4.64923204649232,
      "tickwidth": 0.66417600664176,
      "showticklabels": true,
      "tickfont": {
        "color": "rgba(0,0,0,1)",
        "family": "",
        "size": 7
      },
      "tickangle": -60,
      "showline": true,
      "linecolor": "rgba(0,0,0,1)",
      "linewidth": 0.66417600664176,
      "showgrid": false,
      "gridcolor": null,
      "gridwidth": 0,
      "zeroline": false,
      "anchor": "y",
      "title": {
        "text": "",
        "font": {
          "color": null,
          "family": null,
          "size": 9
        }
      },
      "hoverformat": ".2f",
      "fixedrange": true
    },
    "yaxis": {
      "domain": [0, 1],
      "automargin": true,
      "type": "linear",
      "autorange": false,
      "range": [-0.0204281345565749, 0.428990825688073],
      "tickmode": "array",
      "ticktext": ["0%", "10%", "20%", "30%", "40%"],
      "tickvals": [0, 0.1, 0.2, 0.3, 0.4],
      "categoryorder": "array",
      "categoryarray": ["0%", "10%", "20%", "30%", "40%"],
      "nticks": null,
      "ticks": "outside",
      "tickcolor": "rgba(0,0,0,1)",
      "ticklen": 4.64923204649232,
      "tickwidth": 0.66417600664176,
      "showticklabels": true,
      "tickfont": {
        "color": "rgba(0,0,0,1)",
        "family": "",
        "size": 7
      },
      "tickangle": -0,
      "showline": true,
      "linecolor": "rgba(0,0,0,1)",
      "linewidth": 0.66417600664176,
      "showgrid": false,
      "gridcolor": null,
      "gridwidth": 0,
      "zeroline": false,
      "anchor": "x",