{
  "data": [
    {
      "orientation": "v",
      "width": [0.95, 0.95, 0.95, 0.95, 0.949999999999999, 0.949999999999999, 0.949999999999999, 0.949999999999999, 0.949999999999999, 0.949999999999999, 0.949999999999999, 0.949999999999999, 0.949999999999999, 0.949999999999999, 0.949999999999999, 0.950000000000001, 0.950000000000003, 0.950000000000003, 0.950000000000003, 0.950000000000003, 0.950000000000003, 0.950000000000003, 0.950000000000003, 0.950000000000003, 0.950000000000003, 0.950000000000003, 0.950000000000003, 0.950000000000003, 0.950000000000003, 0.950000000000003, 0.950000000000003, 0.950000000000003, 0.950000000000003],
      "base": [0, 0, 0, 0, 0, 0, 0, 0, 0, 0, 0, 0, 0, 0, 0, 0, 0, 0, 0, 0, 0, 0, 0, 0, 0, 0, 0, 0, 0, 0, 0, 0, 0],
      "x": [1, 2, 3, 4, 5, 6, 7, 8, 9, 10, 11, 12, 13, 14, 15, 16, 17, 18, 19, 20, 21, 22, 23, 24, 25, 26, 27, 28, 29, 30, 31, 32, 33],
      "y": [0.409885473176612, 0.249547920433996, 0.225437010247137, 0.156720916214587, 0.127787823990356, 0.119349005424955, 0.111512959614225, 0.101868595539482, 0.0964436407474382, 0.0958408679927667, 0.0831826401446655, 0.0765521398432791, 0.0681133212778782, 0.0626883664858348, 0.0626883664858348, 0.0626883664858348, 0.0602772754671489, 0.0464135021097046, 0.0391802290536468, 0.0349608197709464, 0.0337552742616034, 0.0301386377335744, 0.0253164556962025, 0.0253164556962025, 0.024713682941531, 0.0210970464135021, 0.0114526823387583, 0.00723327305605787, 0.00602772754671489, 0.0054249547920434, 0.00482218203737191, 0.00421940928270042, 0.00120554550934298],
      "text": ["Category: Visualisation<br />Count: 680<br />Percent: 41", "Category: Dimensionality Reduction<br />Count: 414<br />Percent: 25", "Category: Clustering<br />Count: 374<br />Percent: 22.5", "Category: Integration<br />Count: 260<br />Percent: 15.7", "Category: Gene Networks<br />Count: 212<br />Percent: 12.8", "Category: Classification<br />Count: 198<br />Percent: 11.9", "Category: Ordering<br />Count: 185<br />Percent: 11.2", "Category: Quality Control<br />Count: 169<br />Percent: 10.2", "Category: Normalisation<br />Count: 160<br />Percent: 9.6", "Category: Differential Expression<br />Count: 159<br />Percent: 9.6", "Category: Marker Genes<br />Count: 138<br />Percent: 8.3", "Category: Gene Sets<br />Count: 127<br />Percent: 7.7", "Category: Interactive<br />Count: 113<br />Percent: 6.8", "Category: Imputation<br />Count: 104<br />Percent: 6.3", "Category: Quantification<br />Count: 104<br />Percent: 6.3", "Category: Variable Genes<br />Count: 104<br />Percent: 6.3", "Category: Simulation<br />Count: 100<br />Percent: 6", "Category: Variants<br />Count: 77<br />Percent: 4.6", "Category: Gene Filtering<br />Count: 65<br />Percent: 3.9", "Category: UMIs<br />Count: 58<br />Percent: 3.5", "Category: Alignment<br />Count: 56<br />Percent: 3.4", "Category: Expression Patterns<br />Count: 50<br />Percent: 3", "Category: Alternative Splicing<br />Count: 42<br />Percent: 2.5", "Category: Perturbations<br />Count: 42<br />Percent: 2.5", "Category: Immune<br />Count: 41<br />Percent: 2.5", "Category: Cell Cycle<br />Count: 35<br />Percent: 2.1", "Category: Rare Cells<br />Count: 19<br />Percent: 1.1", "Category: Transformation<br />Count: 12<br />Percent: 0.7", "Category: Assembly<br />Count: 10<br />Percent: 0.6", "Category: Stem Cells<br />Count: 9<br />Percent: 0.5", "Category: Modality<br />Count: 8<br />Percent: 0.5", "Category: Allele Specific<br />Count: 7<br />Percent: 0.4", "Category: Haplotypes<br />Count: 2<br />Percent: 0.1"],
      "type": "bar",
      "textposition": "none",
      "marker": {
        "autocolorscale": false,
        "color": "rgba(122,82,199,1)",
        "line": {
          "width": 1.88976377952756,
          "color": "transparent"
        }
      },
      "showlegend": false,
      "xaxis": "x",
      "yaxis": "y",
      "hoverinfo": "text",
      "frame": null
    }
  ],
  "layout": {
    "margin": {
      "t": 50,
      "r": 30,
      "b": 50,
      "l": 70
    },
    "font": {
      "color": "rgba(0,0,0,1)",
      "family": "",
      "size": 18.5969281859693
    },
    "xaxis": {
      "domain": [0, 1],
      "automargin": true,
      "type": "linear",
      "autorange": false,
      "range": [0.4, 33.6],
      "tickmode": "array",
      "ticktext": ["Visualisation", "Dimensionality Reduction", "Clustering", "Integration", "Gene Networks", "Classification", "Ordering", "Quality Control", "Normalisation", "Differential Expression", "Marker Genes", "Gene Sets", "Interactive", "Imputation", "Quantification", "Variable Genes", "Simulation", "Variants", "Gene Filtering", "UMIs", "Alignment", "Expression Patterns", "Alternative Splicing", "Perturbations", "Immune", "Cell Cycle", "Rare Cells", "Transformation", "Assembly", "Stem Cells", "Modality", "Allele Specific", "Haplotypes"],
      "tickvals": [1, 2, 3, 4, 5, 6, 7, 8, 9, 10, 11, 12, 13, 14, 15, 16, 17, 18, 19, 20, 21, 22, 23, 24, 25, 26, 27, 28, 29, 30, 31, 32, 33],
      "categoryorder": "array",
      "categoryarray": ["Visualisation", "Dimensionality Reduction", "Clustering", "Integration", "Gene Networks", "Classification", "Ordering", "Quality Control", "Normalisation", "Differential Expression", "Marker Genes", "Gene Sets", "Interactive", "Imputation", "Quantification", "Variable Genes", "Simulation", "Variants", "Gene Filtering", "UMIs", "Alignment", "Expression Patterns", "Alternative Splicing", "Perturbations", "Immune", "Cell Cycle", "Rare Cells", "Transformation", "Assembly", "Stem Cells", "Modality", "Allele Specific", "Haplotypes"],
      "nticks": null,
      "ticks": "outside",
      "tickcolor": "rgba(0,0,0,1)",
      "ticklen": 4.64923204649232,
      "tickwidth": 0.66417600664176,
      "showticklabels": true,
      "tickfont": {
        "color": "rgba(0,0,0,1)",
        "family": "",
        "size": 15.9402241594022
      },
      "tickangle": -60,
      "showline": true,
      "linecolor": "rgba(0,0,0,1)",
      "linewidth": 0.66417600664176,
      "showgrid": false,
      "gridcolor": null,
      "gridwidth": 0,
      "zeroline": false,
      "anchor": "y",
      "title": {
        "text": "",
        "font": {
          "color": null,
          "family": null,
          "size": 0
        }
      },
      "hoverformat": ".2f"
    },
    "yaxis": {
      "domain": [0, 1],
      "automargin": true,
      "type": "linear",
      "autorange": false,
      "range": [-0.0204942736588306, 0.430379746835443],
      "tickmode": "array",
      "ticktext": ["0%", "10%", "20%", "30%", "40%"],
      "tickvals": [0, 0.1, 0.2, 0.3, 0.4],
      "categoryorder": "array",
      "categoryarray": ["0%", "10%", "20%", "30%", "40%"],
      "nticks": null,
      "ticks": "outside",
      "tickcolor": "rgba(0,0,0,1)",
      "ticklen": 4.64923204649232,
      "tickwidth": 0.66417600664176,
      "showticklabels": true,
      "tickfont": {
        "color": "rgba(0,0,0,1)",
        "family": "",
        "size": 15.9402241594022
      },
      "tickangle": -0,
      "showline": true,
      "linecolor": "rgba(0,0,0,1)",
      "linewidth": 0.66417600664176,
      "showgrid": false,
      "gridcolor": null,
      "gridwidth": 0,
      "zeroline": false,
      "anchor": "x",
      "title": {
        "text": "Percentage of tools",
        "font": {
          "color": "rgba(0,0,0,1)",
          "family": "",
          "size": 18.5969281859693
        }
      },
      "hoverformat": ".2f"
    },
    "shapes": [
      {
        "type": "rect",
        "fillcolor": null,
        "line": {
          "color": null,
          "width": 0,
          "linetype": []
        },
        "yref": "paper",
        "xref": "paper",
        "x0": 0,
        "x1": 1,
        "y0": 0,
        "y1": 1
      }
    ],
    "showlegend": false,
    "legend": {
      "bgcolor": null,
      "bordercolor": null,
      "borderwidth": 0,
      "font": {
        "color": "rgba(0,0,0,1)",
        "family": "",
        "size": 15.9402241594022
      }
    },