{
  "data": [
    {
      "orientation": "v",
      "width": [0.95, 0.95, 0.95, 0.95, 0.949999999999999, 0.949999999999999, 0.949999999999999, 0.949999999999999, 0.949999999999999, 0.949999999999999, 0.949999999999999, 0.949999999999999, 0.949999999999999, 0.949999999999999, 0.949999999999999, 0.950000000000001, 0.950000000000003, 0.950000000000003, 0.950000000000003, 0.950000000000003, 0.950000000000003, 0.950000000000003, 0.950000000000003, 0.950000000000003, 0.950000000000003, 0.950000000000003, 0.950000000000003, 0.950000000000003, 0.950000000000003, 0.950000000000003, 0.950000000000003, 0.950000000000003, 0.950000000000003],
      "base": [0, 0, 0, 0, 0, 0, 0, 0, 0, 0, 0, 0, 0, 0, 0, 0, 0, 0, 0, 0, 0, 0, 0, 0, 0, 0, 0, 0, 0, 0, 0, 0, 0],
      "x": [1, 2, 3, 4, 5, 6, 7, 8, 9, 10, 11, 12, 13, 14, 15, 16, 17, 18, 19, 20, 21, 22, 23, 24, 25, 26, 27, 28, 29, 30, 31, 32, 33],
      "y": [0.411583011583012, 0.241698841698842, 0.241698841698842, 0.142857142857143, 0.123552123552124, 0.117374517374517, 0.113513513513514, 0.104247104247104, 0.1003861003861, 0.0988416988416988, 0.0841698841698842, 0.0725868725868726, 0.0694980694980695, 0.0640926640926641, 0.0633204633204633, 0.0617760617760618, 0.061003861003861, 0.0455598455598456, 0.0416988416988417, 0.0355212355212355, 0.033976833976834, 0.0324324324324324, 0.027027027027027, 0.0223938223938224, 0.0216216216216216, 0.0177606177606178, 0.0123552123552124, 0.00694980694980695, 0.00617760617760618, 0.00540540540540541, 0.00540540540540541, 0.00463320463320463, 0.00154440154440154],
      "text": ["Category: Visualisation<br />Count: 533<br />Percent: 41.2", "Category: Clustering<br />Count: 313<br />Percent: 24.2", "Category: Dimensionality Reduction<br />Count: 313<br />Percent: 24.2", "Category: Integration<br />Count: 185<br />Percent: 14.3", "Category: Gene Networks<br />Count: 160<br />Percent: 12.4", "Category: Classification<br />Count: 152<br />Percent: 11.7", "Category: Ordering<br />Count: 147<br />Percent: 11.4", "Category: Differential Expression<br />Count: 135<br />Percent: 10.4", "Category: Quality Control<br />Count: 130<br />Percent: 10", "Category: Normalisation<br />Count: 128<br />Percent: 9.9", "Category: Marker Genes<br />Count: 109<br />Percent: 8.4", "Category: Interactive<br />Count: 94<br />Percent: 7.3", "Category: Gene Sets<br />Count: 90<br />Percent: 6.9", "Category: Imputation<br />Count: 83<br />Percent: 6.4", "Category: Simulation<br />Count: 82<br />Percent: 6.3", "Category: Quantification<br />Count: 80<br />Percent: 6.2", "Category: Variable Genes<br />Count: 79<br />Percent: 6.1", "Category: Gene Filtering<br />Count: 59<br />Percent: 4.6", "Category: Variants<br />Count: 54<br />Percent: 4.2", "Category: Alignment<br />Count: 46<br />Percent: 3.6", "Category: UMIs<br />Count: 44<br />Percent: 3.4", "Category: Expression Patterns<br />Count: 42<br />Percent: 3.2", "Category: Alternative Splicing<br />Count: 35<br />Percent: 2.7", "Category: Immune<br />Count: 29<br />Percent: 2.2", "Category: Cell Cycle<br />Count: 28<br />Percent: 2.2", "Category: Perturbations<br />Count: 23<br />Percent: 1.8", "Category: Rare Cells<br />Count: 16<br />Percent: 1.2", "Category: Assembly<br />Count: 9<br />Percent: 0.7", "Category: Transformation<br />Count: 8<br />Percent: 0.6", "Category: Modality<br />Count: 7<br />Percent: 0.5", "Category: Stem Cells<br />Count: 7<br />Percent: 0.5", "Category: Allele Specific<br />Count: 6<br />Percent: 0.5", "Category: Haplotypes<br />Count: 2<br />Percent: 0.2"],
      "type": "bar",
      "textposition": "none",
      "marker": {
        "autocolorscale": false,
        "color": "rgba(122,82,199,1)",
        "line": {
          "width": 1.88976377952756,
          "color": "transparent"
        }
      },
      "showlegend": false,
      "xaxis": "x",
      "yaxis": "y",
      "hoverinfo": "text",
      "frame": null
    }
  ],
  "layout": {
    "margin": {
      "t": 50,
      "r": 30,
      "b": 50,
      "l": 70
    },
    "font": {
      "color": "rgba(0,0,0,1)",
      "family": "",
      "size": 18.5969281859693
    },
    "xaxis": {
      "domain": [0, 1],
      "automargin": true,
      "type": "linear",
      "autorange": false,
      "range": [0.4, 33.6],
      "tickmode": "array",
      "ticktext": ["Visualisation", "Clustering", "Dimensionality Reduction", "Integration", "Gene Networks", "Classification", "Ordering", "Differential Expression", "Quality Control", "Normalisation", "Marker Genes", "Interactive", "Gene Sets", "Imputation", "Simulation", "Quantification", "Variable Genes", "Gene Filtering", "Variants", "Alignment", "UMIs", "Expression Patterns", "Alternative Splicing", "Immune", "Cell Cycle", "Perturbations", "Rare Cells", "Assembly", "Transformation", "Modality", "Stem Cells", "Allele Specific", "Haplotypes"],
      "tickvals": [1, 2, 3, 4, 5, 6, 7, 8, 9, 10, 11, 12, 13, 14, 15, 16, 17, 18, 19, 20, 21, 22, 23, 24, 25, 26, 27, 28, 29, 30, 31, 32, 33],
      "categoryorder": "array",
      "categoryarray": ["Visualisation", "Clustering", "Dimensionality Reduction", "Integration", "Gene Networks", "Classification", "Ordering", "Differential Expression", "Quality Control", "Normalisation", "Marker Genes", "Interactive", "Gene Sets", "Imputation", "Simulation", "Quantification", "Variable Genes", "Gene Filtering", "Variants", "Alignment", "UMIs", "Expression Patterns", "Alternative Splicing", "Immune", "Cell Cycle", "Perturbations", "Rare Cells", "Assembly", "Transformation", "Modality", "Stem Cells", "Allele Specific", "Haplotypes"],
      "nticks": null,
      "ticks": "outside",
      "tickcolor": "rgba(0,0,0,1)",
      "ticklen": 4.64923204649232,
      "tickwidth": 0.66417600664176,
      "showticklabels": true,
      "tickfont": {
        "color": "rgba(0,0,0,1)",
        "family": "",
        "size": 15.9402241594022
      },
      "tickangle": -60,
      "showline": true,
      "linecolor": "rgba(0,0,0,1)",
      "linewidth": 0.66417600664176,
      "showgrid": false,
      "gridcolor": null,
      "gridwidth": 0,
      "zeroline": false,
      "anchor": "y",
      "title": {
        "text": "",
        "font": {
          "color": null,
          "family": null,
          "size": 0
        }
      },
      "hoverformat": ".2f"
    },
    "yaxis": {
      "domain": [0, 1],
      "automargin": true,
      "type": "linear",
      "autorange": false,
      "range": [-0.0205791505791506, 0.432162162162162],
      "tickmode": "array",
      "ticktext": ["0%", "10%", "20%", "30%", "40%"],
      "tickvals": [0, 0.1, 0.2, 0.3, 0.4],
      "categoryorder": "array",
      "categoryarray": ["0%", "10%", "20%", "30%", "40%"],
      "nticks": null,
      "ticks": "outside",
      "tickcolor": "rgba(0,0,0,1)",
      "ticklen": 4.64923204649232,
      "tickwidth": 0.66417600664176,
      "showticklabels": true,
      "tickfont": {
        "color": "rgba(0,0,0,1)",
        "family": "",
        "size": 15.9402241594022
      },
      "tickangle": -0,
      "showline": true,
      "linecolor": "rgba(0,0,0,1)",
      "linewidth": 0.66417600664176,
      "showgrid": false,
      "gridcolor": null,
      "gridwidth": 0,
      "zeroline": false,
      "anchor": "x",
      "title": {
        "text": "Percentage of tools",
        "font": {
          "color": "rgba(0,0,0,1)",
          "family": "",
          "size": 18.5969281859693
        }
      },
      "hoverformat": ".2f"
    },
    "shapes": [
      {
        "type": "rect",
        "fillcolor": null,
        "line": {
          "color": null,
          "width": 0,
          "linetype": []
        },
        "yref": "paper",
        "xref": "paper",
        "x0": 0,
        "x1": 1,
        "y0": 0,
        "y1": 1
      }
    ],
    "showlegend": false,
    "legend": {
      "bgcolor": null,
      "bordercolor": null,
      "borderwidth": 0,
      "font": {
        "color": "rgba(0,0,0,1)",
        "family": "",
        "size": 15.9402241594022
      }
    },