{
  "data": [
    {
      "orientation": "v",
      "width": [0.95, 0.95, 0.95, 0.95, 0.949999999999999, 0.949999999999999, 0.949999999999999, 0.949999999999999, 0.949999999999999, 0.949999999999999, 0.949999999999999, 0.949999999999999, 0.949999999999999, 0.949999999999999, 0.949999999999999, 0.950000000000001, 0.950000000000003, 0.950000000000003, 0.950000000000003, 0.950000000000003, 0.950000000000003, 0.950000000000003, 0.950000000000003, 0.950000000000003, 0.950000000000003, 0.950000000000003, 0.950000000000003, 0.950000000000003, 0.950000000000003, 0.950000000000003, 0.950000000000003, 0.950000000000003],
      "base": [0, 0, 0, 0, 0, 0, 0, 0, 0, 0, 0, 0, 0, 0, 0, 0, 0, 0, 0, 0, 0, 0, 0, 0, 0, 0, 0, 0, 0, 0, 0, 0],
      "x": [1, 2, 3, 4, 5, 6, 7, 8, 9, 10, 11, 12, 13, 14, 15, 16, 17, 18, 19, 20, 21, 22, 23, 24, 25, 26, 27, 28, 29, 30, 31, 32],
      "y": [0.465160075329567, 0.267419962335217, 0.246704331450094, 0.154425612052731, 0.154425612052731, 0.128060263653484, 0.126177024482109, 0.124293785310734, 0.109227871939736, 0.101694915254237, 0.101694915254237, 0.0866290018832392, 0.0847457627118644, 0.0790960451977401, 0.0753295668549906, 0.0734463276836158, 0.0696798493408663, 0.0677966101694915, 0.0583804143126177, 0.0546139359698682, 0.0414312617702448, 0.032015065913371, 0.0282485875706215, 0.0207156308851224, 0.0188323917137476, 0.0131826741996234, 0.0112994350282486, 0.00941619585687382, 0.00941619585687382, 0.00753295668549906, 0.00564971751412429, 0.00376647834274953],
      "text": ["Category: Visualisation<br />Prop: 0.465160075<br />Count: 247<br />Percent: 46.5", "Category: Clustering<br />Prop: 0.267419962<br />Count: 142<br />Percent: 26.7", "Category: Dimensionality Reduction<br />Prop: 0.246704331<br />Count: 131<br />Percent: 24.7", "Category: Normalisation<br />Prop: 0.154425612<br />Count: 82<br />Percent: 15.4", "Category: Ordering<br />Prop: 0.154425612<br />Count: 82<br />Percent: 15.4", "Category: Quality Control<br />Prop: 0.128060264<br />Count: 68<br />Percent: 12.8", "Category: Interactive<br />Prop: 0.126177024<br />Count: 67<br />Percent: 12.6", "Category: Differential Expression<br />Prop: 0.124293785<br />Count: 66<br />Percent: 12.4", "Category: Gene Networks<br />Prop: 0.109227872<br />Count: 58<br />Percent: 10.9", "Category: Integration<br />Prop: 0.101694915<br />Count: 54<br />Percent: 10.2", "Category: Marker Genes<br />Prop: 0.101694915<br />Count: 54<br />Percent: 10.2", "Category: Classification<br />Prop: 0.086629002<br />Count: 46<br />Percent: 8.7", "Category: Simulation<br />Prop: 0.084745763<br />Count: 45<br />Percent: 8.5", "Category: Variable Genes<br />Prop: 0.079096045<br />Count: 42<br />Percent: 7.9", "Category: Gene Filtering<br />Prop: 0.075329567<br />Count: 40<br />Percent: 7.5", "Category: Imputation<br />Prop: 0.073446328<br />Count: 39<br />Percent: 7.3", "Category: Gene Sets<br />Prop: 0.069679849<br />Count: 37<br />Percent: 7", "Category: Quantification<br />Prop: 0.067796610<br />Count: 36<br />Percent: 6.8", "Category: UMIs<br />Prop: 0.058380414<br />Count: 31<br />Percent: 5.8", "Category: Expression Patterns<br />Prop: 0.054613936<br />Count: 29<br />Percent: 5.5", "Category: Alignment<br />Prop: 0.041431262<br />Count: 22<br />Percent: 4.1", "Category: Variants<br />Prop: 0.032015066<br />Count: 17<br />Percent: 3.2", "Category: Cell Cycle<br />Prop: 0.028248588<br />Count: 15<br />Percent: 2.8", "Category: Immune<br />Prop: 0.020715631<br />Count: 11<br />Percent: 2.1", "Category: Alternative Splicing<br />Prop: 0.018832392<br />Count: 10<br />Percent: 1.9", "Category: Rare Cells<br />Prop: 0.013182674<br />Count: 7<br />Percent: 1.3", "Category: Assembly<br />Prop: 0.011299435<br />Count: 6<br />Percent: 1.1", "Category: Allele Specific<br />Prop: 0.009416196<br />Count: 5<br />Percent: 0.9", "Category: Stem Cells<br />Prop: 0.009416196<br />Count: 5<br />Percent: 0.9", "Category: Transformation<br />Prop: 0.007532957<br />Count: 4<br />Percent: 0.8", "Category: Modality<br />Prop: 0.005649718<br />Count: 3<br />Percent: 0.6", "Category: Haplotypes<br />Prop: 0.003766478<br />Count: 2<br />Percent: 0.4"],
      "type": "bar",
      "marker": {
        "autocolorscale": false,
        "color": "rgba(122,82,199,1)",
        "line": {
          "width": 1.88976377952756,
          "color": "transparent"
        }
      },
      "showlegend": false,
      "xaxis": "x",
      "yaxis": "y",
      "hoverinfo": "text",
      "frame": null
    }
  ],
  "layout": {
    "margin": {
      "t": 0,
      "r": 10,
      "b": 0,
      "l": 55
    },
    "font": {
      "color": "rgba(0,0,0,1)",
      "family": "",
      "size": 18.5969281859693
    },
    "xaxis": {
      "domain": [0, 1],
      "automargin": true,
      "type": "linear",
      "autorange": false,
      "range": [0.4, 32.6],
      "tickmode": "array",
      "ticktext": ["Visualisation", "Clustering", "Dimensionality Reduction", "Normalisation", "Ordering", "Quality Control", "Interactive", "Differential Expression", "Gene Networks", "Integration", "Marker Genes", "Classification", "Simulation", "Variable Genes", "Gene Filtering", "Imputation", "Gene Sets", "Quantification", "UMIs", "Expression Patterns", "Alignment", "Variants", "Cell Cycle", "Immune", "Alternative Splicing", "Rare Cells", "Assembly", "Allele Specific", "Stem Cells", "Transformation", "Modality", "Haplotypes"],
      "tickvals": [1, 2, 3, 4, 5, 6, 7, 8, 9, 10, 11, 12, 13, 14, 15, 16, 17, 18, 19, 20, 21, 22, 23, 24, 25, 26, 27, 28, 29, 30, 31, 32],
      "categoryorder": "array",
      "categoryarray": ["Visualisation", "Clustering", "Dimensionality Reduction", "Normalisation", "Ordering", "Quality Control", "Interactive", "Differential Expression", "Gene Networks", "Integration", "Marker Genes", "Classification", "Simulation", "Variable Genes", "Gene Filtering", "Imputation", "Gene Sets", "Quantification", "UMIs", "Expression Patterns", "Alignment", "Variants", "Cell Cycle", "Immune", "Alternative Splicing", "Rare Cells", "Assembly", "Allele Specific", "Stem Cells", "Transformation", "Modality", "Haplotypes"],
      "nticks": null,
      "ticks": "outside",
      "tickcolor": "rgba(0,0,0,1)",
      "ticklen": 4.64923204649232,
      "tickwidth": 0.66417600664176,
      "showticklabels": true,
      "tickfont": {
        "color": "rgba(0,0,0,1)",
        "family": "",
        "size": 7
      },
      "tickangle": -60,
      "showline": true,
      "linecolor": "rgba(0,0,0,1)",
      "linewidth": 0.66417600664176,
      "showgrid": false,
      "gridcolor": null,
      "gridwidth": 0,
      "zeroline": false,
      "anchor": "y",
      "title": {
        "text": "",
        "font": {
          "color": null,
          "family": null,
          "size": 9
        }
      },
      "hoverformat": ".2f",
      "fixedrange": true
    },
    "yaxis": {
      "domain": [0, 1],
      "automargin": true,
      "type": "linear",
      "autorange": false,
      "range": [-0.0232580037664783, 0.488418079096045],
      "tickmode": "array",
      "ticktext": ["0.0%", "10.0%", "20.0%", "30.0%", "40.0%"],
      "tickvals": [0, 0.1, 0.2, 0.3, 0.4],
      "categoryorder": "array",
      "categoryarray": ["0.0%", "10.0%", "20.0%", "30.0%", "40.0%"],
      "nticks": null,
      "ticks": "outside",
      "tickcolor": "rgba(0,0,0,1)",
      "ticklen": 4.64923204649232,
      "tickwidth": 0.66417600664176,
      "showticklabels": true,
      "tickfont": {
        "color": "rgba(0,0,0,1)",
        "family": "",
        "size": 7
      },
      "tickangle": -0,
      "showline": true,
      "linecolor": "rgba(0,0,0,1)",
      "linewidth": 0.66417600664176,
      "showgrid": false,
      "gridcolor": null,
      "gridwidth": 0,
      "zeroline": false,
      "anchor": "x",
      "title": {
        "text": "Percentage of tools",
        "font": {
          "color": "rgba(0,0,0,1)",
          "family": "",
          "size": 9
        }
      },
      "hoverformat": ".2f",