{
  "data": [
    {
      "orientation": "v",
      "width": [0.95, 0.95, 0.95, 0.95, 0.949999999999999, 0.949999999999999, 0.949999999999999, 0.949999999999999, 0.949999999999999, 0.949999999999999, 0.949999999999999, 0.949999999999999, 0.949999999999999, 0.949999999999999, 0.949999999999999, 0.950000000000001, 0.950000000000003, 0.950000000000003, 0.950000000000003, 0.950000000000003, 0.950000000000003, 0.950000000000003, 0.950000000000003, 0.950000000000003, 0.950000000000003, 0.950000000000003, 0.950000000000003, 0.950000000000003, 0.950000000000003, 0.950000000000003, 0.950000000000003, 0.950000000000003, 0.950000000000003],
      "base": [0, 0, 0, 0, 0, 0, 0, 0, 0, 0, 0, 0, 0, 0, 0, 0, 0, 0, 0, 0, 0, 0, 0, 0, 0, 0, 0, 0, 0, 0, 0, 0, 0],
      "x": [1, 2, 3, 4, 5, 6, 7, 8, 9, 10, 11, 12, 13, 14, 15, 16, 17, 18, 19, 20, 21, 22, 23, 24, 25, 26, 27, 28, 29, 30, 31, 32, 33],
      "y": [0.407384615384615, 0.249230769230769, 0.227692307692308, 0.153846153846154, 0.126769230769231, 0.119384615384615, 0.111384615384615, 0.0990769230769231, 0.096, 0.0953846153846154, 0.0830769230769231, 0.0769230769230769, 0.0664615384615385, 0.0633846153846154, 0.0621538461538462, 0.0615384615384615, 0.0596923076923077, 0.0467692307692308, 0.0393846153846154, 0.0344615384615385, 0.0332307692307692, 0.0301538461538462, 0.0258461538461538, 0.0252307692307692, 0.0246153846153846, 0.0209230769230769, 0.0116923076923077, 0.00676923076923077, 0.00615384615384615, 0.00553846153846154, 0.00492307692307692, 0.00430769230769231, 0.00123076923076923],
      "text": ["Category: Visualisation<br />Prop: 0.407384615<br />Count: 662<br />Percent: 40.7", "Category: Dimensionality Reduction<br />Prop: 0.249230769<br />Count: 405<br />Percent: 24.9", "Category: Clustering<br />Prop: 0.227692308<br />Count: 370<br />Percent: 22.8", "Category: Integration<br />Prop: 0.153846154<br />Count: 250<br />Percent: 15.4", "Category: Gene Networks<br />Prop: 0.126769231<br />Count: 206<br />Percent: 12.7", "Category: Classification<br />Prop: 0.119384615<br />Count: 194<br />Percent: 11.9", "Category: Ordering<br />Prop: 0.111384615<br />Count: 181<br />Percent: 11.1", "Category: Quality Control<br />Prop: 0.099076923<br />Count: 161<br />Percent: 9.9", "Category: Normalisation<br />Prop: 0.096000000<br />Count: 156<br />Percent: 9.6", "Category: Differential Expression<br />Prop: 0.095384615<br />Count: 155<br />Percent: 9.5", "Category: Marker Genes<br />Prop: 0.083076923<br />Count: 135<br />Percent: 8.3", "Category: Gene Sets<br />Prop: 0.076923077<br />Count: 125<br />Percent: 7.7", "Category: Interactive<br />Prop: 0.066461538<br />Count: 108<br />Percent: 6.6", "Category: Imputation<br />Prop: 0.063384615<br />Count: 103<br />Percent: 6.3", "Category: Quantification<br />Prop: 0.062153846<br />Count: 101<br />Percent: 6.2", "Category: Variable Genes<br />Prop: 0.061538462<br />Count: 100<br />Percent: 6.2", "Category: Simulation<br />Prop: 0.059692308<br />Count: 97<br />Percent: 6", "Category: Variants<br />Prop: 0.046769231<br />Count: 76<br />Percent: 4.7", "Category: Gene Filtering<br />Prop: 0.039384615<br />Count: 64<br />Percent: 3.9", "Category: UMIs<br />Prop: 0.034461538<br />Count: 56<br />Percent: 3.4", "Category: Alignment<br />Prop: 0.033230769<br />Count: 54<br />Percent: 3.3", "Category: Expression Patterns<br />Prop: 0.030153846<br />Count: 49<br />Percent: 3", "Category: Alternative Splicing<br />Prop: 0.025846154<br />Count: 42<br />Percent: 2.6", "Category: Immune<br />Prop: 0.025230769<br />Count: 41<br />Percent: 2.5", "Category: Perturbations<br />Prop: 0.024615385<br />Count: 40<br />Percent: 2.5", "Category: Cell Cycle<br />Prop: 0.020923077<br />Count: 34<br />Percent: 2.1", "Category: Rare Cells<br />Prop: 0.011692308<br />Count: 19<br />Percent: 1.2", "Category: Transformation<br />Prop: 0.006769231<br />Count: 11<br />Percent: 0.7", "Category: Assembly<br />Prop: 0.006153846<br />Count: 10<br />Percent: 0.6", "Category: Stem Cells<br />Prop: 0.005538462<br />Count: 9<br />Percent: 0.6", "Category: Modality<br />Prop: 0.004923077<br />Count: 8<br />Percent: 0.5", "Category: Allele Specific<br />Prop: 0.004307692<br />Count: 7<br />Percent: 0.4", "Category: Haplotypes<br />Prop: 0.001230769<br />Count: 2<br />Percent: 0.1"],
      "type": "bar",
      "textposition": "none",
      "marker": {
        "autocolorscale": false,
        "color": "rgba(122,82,199,1)",
        "line": {
          "width": 1.88976377952756,
          "color": "transparent"
        }
      },
      "showlegend": false,
      "xaxis": "x",
      "yaxis": "y",
      "hoverinfo": "text",
      "frame": null
    }
  ],
  "layout": {
    "margin": {
      "t": 0,
      "r": 10,
      "b": 0,
      "l": 55
    },
    "font": {
      "color": "rgba(0,0,0,1)",
      "family": "",
      "size": 18.5969281859693
    },
    "xaxis": {
      "domain": [0, 1],
      "automargin": true,
      "type": "linear",
      "autorange": false,
      "range": [0.4, 33.6],
      "tickmode": "array",
      "ticktext": ["Visualisation", "Dimensionality Reduction", "Clustering", "Integration", "Gene Networks", "Classification", "Ordering", "Quality Control", "Normalisation", "Differential Expression", "Marker Genes", "Gene Sets", "Interactive", "Imputation", "Quantification", "Variable Genes", "Simulation", "Variants", "Gene Filtering", "UMIs", "Alignment", "Expression Patterns", "Alternative Splicing", "Immune", "Perturbations", "Cell Cycle", "Rare Cells", "Transformation", "Assembly", "Stem Cells", "Modality", "Allele Specific", "Haplotypes"],
      "tickvals": [1, 2, 3, 4, 5, 6, 7, 8, 9, 10, 11, 12, 13, 14, 15, 16, 17, 18, 19, 20, 21, 22, 23, 24, 25, 26, 27, 28, 29, 30, 31, 32, 33],
      "categoryorder": "array",
      "categoryarray": ["Visualisation", "Dimensionality Reduction", "Clustering", "Integration", "Gene Networks", "Classification", "Ordering", "Quality Control", "Normalisation", "Differential Expression", "Marker Genes", "Gene Sets", "Interactive", "Imputation", "Quantification", "Variable Genes", "Simulation", "Variants", "Gene Filtering", "UMIs", "Alignment", "Expression Patterns", "Alternative Splicing", "Immune", "Perturbations", "Cell Cycle", "Rare Cells", "Transformation", "Assembly", "Stem Cells", "Modality", "Allele Specific", "Haplotypes"],
      "nticks": null,
      "ticks": "outside",
      "tickcolor": "rgba(0,0,0,1)",
      "ticklen": 4.64923204649232,
      "tickwidth": 0.66417600664176,
      "showticklabels": true,
      "tickfont": {
        "color": "rgba(0,0,0,1)",
        "family": "",
        "size": 7
      },
      "tickangle": -60,
      "showline": true,
      "linecolor": "rgba(0,0,0,1)",
      "linewidth": 0.66417600664176,
      "showgrid": false,
      "gridcolor": null,
      "gridwidth": 0,
      "zeroline": false,
      "anchor": "y",
      "title": {
        "text": "",
        "font": {
          "color": null,
          "family": null,
          "size": 9
        }
      },
      "hoverformat": ".2f",
      "fixedrange": true
    },
    "yaxis": {
      "domain": [0, 1],
      "automargin": true,
      "type": "linear",
      "autorange": false,
      "range": [-0.0203692307692308, 0.427753846153846],
      "tickmode": "array",
      "ticktext": ["0%", "10%", "20%", "30%", "40%"],
      "tickvals": [0, 0.1, 0.2, 0.3, 0.4],
      "categoryorder": "array",
      "categoryarray": ["0%", "10%", "20%", "30%", "40%"],
      "nticks": null,
      "ticks": "outside",
      "tickcolor": "rgba(0,0,0,1)",
      "ticklen": 4.64923204649232,
      "tickwidth": 0.66417600664176,
      "showticklabels": true,
      "tickfont": {
        "color": "rgba(0,0,0,1)",
        "family": "",
        "size": 7
      },
      "tickangle": -0,
      "showline": true,
      "linecolor": "rgba(0,0,0,1)",
      "linewidth": 0.66417600664176,
      "showgrid": false,
      "gridcolor": null,
      "gridwidth": 0,
      "zeroline": false,
      "anchor": "x",