{
  "data": [
    {
      "orientation": "v",
      "width": [0.95, 0.95, 0.95, 0.95, 0.949999999999999, 0.949999999999999, 0.949999999999999, 0.949999999999999, 0.949999999999999, 0.949999999999999, 0.949999999999999, 0.949999999999999, 0.949999999999999, 0.949999999999999, 0.949999999999999, 0.950000000000001, 0.950000000000003, 0.950000000000003, 0.950000000000003, 0.950000000000003, 0.950000000000003, 0.950000000000003, 0.950000000000003, 0.950000000000003, 0.950000000000003, 0.950000000000003, 0.950000000000003, 0.950000000000003, 0.950000000000003, 0.950000000000003, 0.950000000000003, 0.950000000000003, 0.950000000000003],
      "base": [0, 0, 0, 0, 0, 0, 0, 0, 0, 0, 0, 0, 0, 0, 0, 0, 0, 0, 0, 0, 0, 0, 0, 0, 0, 0, 0, 0, 0, 0, 0, 0, 0],
      "x": [1, 2, 3, 4, 5, 6, 7, 8, 9, 10, 11, 12, 13, 14, 15, 16, 17, 18, 19, 20, 21, 22, 23, 24, 25, 26, 27, 28, 29, 30, 31, 32, 33],
      "y": [0.410762331838565, 0.252017937219731, 0.250224215246637, 0.139013452914798, 0.118385650224215, 0.116591928251121, 0.11390134529148, 0.112107623318386, 0.105829596412556, 0.101345291479821, 0.0852017937219731, 0.0807174887892377, 0.0681614349775785, 0.0672645739910314, 0.0672645739910314, 0.0591928251121076, 0.0582959641255605, 0.0493273542600897, 0.0403587443946188, 0.0367713004484305, 0.0367713004484305, 0.0358744394618834, 0.0251121076233184, 0.0224215246636771, 0.0188340807174888, 0.0161434977578475, 0.0134529147982063, 0.00717488789237668, 0.0062780269058296, 0.0062780269058296, 0.0062780269058296, 0.00538116591928251, 0.00179372197309417],
      "text": ["Category: Visualisation<br />Count: 458<br />Percent: 41.1", "Category: Clustering<br />Count: 281<br />Percent: 25.2", "Category: Dimensionality Reduction<br />Count: 279<br />Percent: 25", "Category: Integration<br />Count: 155<br />Percent: 13.9", "Category: Ordering<br />Count: 132<br />Percent: 11.8", "Category: Gene Networks<br />Count: 130<br />Percent: 11.7", "Category: Classification<br />Count: 127<br />Percent: 11.4", "Category: Differential Expression<br />Count: 125<br />Percent: 11.2", "Category: Normalisation<br />Count: 118<br />Percent: 10.6", "Category: Quality Control<br />Count: 113<br />Percent: 10.1", "Category: Marker Genes<br />Count: 95<br />Percent: 8.5", "Category: Interactive<br />Count: 90<br />Percent: 8.1", "Category: Gene Sets<br />Count: 76<br />Percent: 6.8", "Category: Imputation<br />Count: 75<br />Percent: 6.7", "Category: Simulation<br />Count: 75<br />Percent: 6.7", "Category: Variable Genes<br />Count: 66<br />Percent: 5.9", "Category: Quantification<br />Count: 65<br />Percent: 5.8", "Category: Gene Filtering<br />Count: 55<br />Percent: 4.9", "Category: Variants<br />Count: 45<br />Percent: 4", "Category: Alignment<br />Count: 41<br />Percent: 3.7", "Category: UMIs<br />Count: 41<br />Percent: 3.7", "Category: Expression Patterns<br />Count: 40<br />Percent: 3.6", "Category: Alternative Splicing<br />Count: 28<br />Percent: 2.5", "Category: Cell Cycle<br />Count: 25<br />Percent: 2.2", "Category: Immune<br />Count: 21<br />Percent: 1.9", "Category: Perturbations<br />Count: 18<br />Percent: 1.6", "Category: Rare Cells<br />Count: 15<br />Percent: 1.3", "Category: Assembly<br />Count: 8<br />Percent: 0.7", "Category: Modality<br />Count: 7<br />Percent: 0.6", "Category: Stem Cells<br />Count: 7<br />Percent: 0.6", "Category: Transformation<br />Count: 7<br />Percent: 0.6", "Category: Allele Specific<br />Count: 6<br />Percent: 0.5", "Category: Haplotypes<br />Count: 2<br />Percent: 0.2"],
      "type": "bar",
      "marker": {
        "autocolorscale": false,
        "color": "rgba(122,82,199,1)",
        "line": {
          "width": 1.88976377952756,
          "color": "transparent"
        }
      },
      "showlegend": false,
      "xaxis": "x",
      "yaxis": "y",
      "hoverinfo": "text",
      "frame": null
    }
  ],
  "layout": {
    "margin": {
      "t": 50,
      "r": 30,
      "b": 50,
      "l": 70
    },
    "font": {
      "color": "rgba(0,0,0,1)",
      "family": "",
      "size": 18.5969281859693
    },
    "xaxis": {
      "domain": [0, 1],
      "automargin": true,
      "type": "linear",
      "autorange": false,
      "range": [0.4, 33.6],
      "tickmode": "array",
      "ticktext": ["Visualisation", "Clustering", "Dimensionality Reduction", "Integration", "Ordering", "Gene Networks", "Classification", "Differential Expression", "Normalisation", "Quality Control", "Marker Genes", "Interactive", "Gene Sets", "Imputation", "Simulation", "Variable Genes", "Quantification", "Gene Filtering", "Variants", "Alignment", "UMIs", "Expression Patterns", "Alternative Splicing", "Cell Cycle", "Immune", "Perturbations", "Rare Cells", "Assembly", "Modality", "Stem Cells", "Transformation", "Allele Specific", "Haplotypes"],
      "tickvals": [1, 2, 3, 4, 5, 6, 7, 8, 9, 10, 11, 12, 13, 14, 15, 16, 17, 18, 19, 20, 21, 22, 23, 24, 25, 26, 27, 28, 29, 30, 31, 32, 33],
      "categoryorder": "array",
      "categoryarray": ["Visualisation", "Clustering", "Dimensionality Reduction", "Integration", "Ordering", "Gene Networks", "Classification", "Differential Expression", "Normalisation", "Quality Control", "Marker Genes", "Interactive", "Gene Sets", "Imputation", "Simulation", "Variable Genes", "Quantification", "Gene Filtering", "Variants", "Alignment", "UMIs", "Expression Patterns", "Alternative Splicing", "Cell Cycle", "Immune", "Perturbations", "Rare Cells", "Assembly", "Modality", "Stem Cells", "Transformation", "Allele Specific", "Haplotypes"],
      "nticks": null,
      "ticks": "outside",
      "tickcolor": "rgba(0,0,0,1)",
      "ticklen": 4.64923204649232,
      "tickwidth": 0.66417600664176,
      "showticklabels": true,
      "tickfont": {
        "color": "rgba(0,0,0,1)",
        "family": "",
        "size": 15.9402241594022
      },
      "tickangle": -60,
      "showline": true,
      "linecolor": "rgba(0,0,0,1)",
      "linewidth": 0.66417600664176,
      "showgrid": false,
      "gridcolor": null,
      "gridwidth": 0,
      "zeroline": false,
      "anchor": "y",
      "title": {
        "text": "",
        "font": {
          "color": null,
          "family": null,
          "size": 0
        }
      },
      "hoverformat": ".2f"
    },
    "yaxis": {
      "domain": [0, 1],
      "automargin": true,
      "type": "linear",
      "autorange": false,
      "range": [-0.0205381165919283, 0.431300448430493],
      "tickmode": "array",
      "ticktext": ["0.0%", "10.0%", "20.0%", "30.0%", "40.0%"],
      "tickvals": [0, 0.1, 0.2, 0.3, 0.4],
      "categoryorder": "array",
      "categoryarray": ["0.0%", "10.0%", "20.0%", "30.0%", "40.0%"],
      "nticks": null,
      "ticks": "outside",
      "tickcolor": "rgba(0,0,0,1)",
      "ticklen": 4.64923204649232,
      "tickwidth": 0.66417600664176,
      "showticklabels": true,
      "tickfont": {
        "color": "rgba(0,0,0,1)",
        "family": "",
        "size": 15.9402241594022
      },
      "tickangle": -0,
      "showline": true,
      "linecolor": "rgba(0,0,0,1)",
      "linewidth": 0.66417600664176,
      "showgrid": false,
      "gridcolor": null,
      "gridwidth": 0,
      "zeroline": false,
      "anchor": "x",
      "title": {
        "text": "Percentage of tools",
        "font": {
          "color": "rgba(0,0,0,1)",
          "family": "",
          "size": 18.5969281859693
        }
      },
      "hoverformat": ".2f"
    },
    "shapes": [
      {
        "type": "rect",
        "fillcolor": null,
        "line": {
          "color": null,
          "width": 0,
          "linetype": []
        },
        "yref": "paper",
        "xref": "paper",
        "x0": 0,
        "x1": 1,
        "y0": 0,
        "y1": 1
      }
    ],
    "showlegend": false,
    "legend": {
      "bgcolor": null,
      "bordercolor": null,
      "borderwidth": 0,
      "font": {
        "color": "rgba(0,0,0,1)",
        "family": "",
        "size": 15.9402241594022
      }
    },
    "hovermode": "closest",