{
  "data": [
    {
      "orientation": "v",
      "width": [0.95, 0.95, 0.95, 0.95, 0.949999999999999, 0.949999999999999, 0.949999999999999, 0.949999999999999, 0.949999999999999, 0.949999999999999, 0.949999999999999, 0.949999999999999, 0.949999999999999, 0.949999999999999, 0.949999999999999, 0.950000000000001, 0.950000000000003, 0.950000000000003, 0.950000000000003, 0.950000000000003, 0.950000000000003, 0.950000000000003, 0.950000000000003, 0.950000000000003, 0.950000000000003, 0.950000000000003, 0.950000000000003, 0.950000000000003, 0.950000000000003, 0.950000000000003, 0.950000000000003, 0.950000000000003],
      "base": [0, 0, 0, 0, 0, 0, 0, 0, 0, 0, 0, 0, 0, 0, 0, 0, 0, 0, 0, 0, 0, 0, 0, 0, 0, 0, 0, 0, 0, 0, 0, 0],
      "x": [1, 2, 3, 4, 5, 6, 7, 8, 9, 10, 11, 12, 13, 14, 15, 16, 17, 18, 19, 20, 21, 22, 23, 24, 25, 26, 27, 28, 29, 30, 31, 32],
      "y": [0.466292134831461, 0.269662921348315, 0.249063670411985, 0.157303370786517, 0.153558052434457, 0.127340823970037, 0.125468164794007, 0.123595505617978, 0.110486891385768, 0.102996254681648, 0.102996254681648, 0.0880149812734082, 0.0842696629213483, 0.0786516853932584, 0.0749063670411985, 0.0730337078651685, 0.0711610486891386, 0.0674157303370786, 0.0580524344569288, 0.0543071161048689, 0.0411985018726592, 0.0318352059925094, 0.0280898876404494, 0.0205992509363296, 0.0187265917602996, 0.0149812734082397, 0.0112359550561798, 0.00936329588014981, 0.00936329588014981, 0.00749063670411985, 0.00561797752808989, 0.00374531835205993],
      "text": ["Category: Visualisation<br />Prop: 0.466292135<br />Count: 249<br />Percent: 46.6", "Category: Clustering<br />Prop: 0.269662921<br />Count: 144<br />Percent: 27", "Category: Dimensionality Reduction<br />Prop: 0.249063670<br />Count: 133<br />Percent: 24.9", "Category: Normalisation<br />Prop: 0.157303371<br />Count: 84<br />Percent: 15.7", "Category: Ordering<br />Prop: 0.153558052<br />Count: 82<br />Percent: 15.4", "Category: Quality Control<br />Prop: 0.127340824<br />Count: 68<br />Percent: 12.7", "Category: Interactive<br />Prop: 0.125468165<br />Count: 67<br />Percent: 12.5", "Category: Differential Expression<br />Prop: 0.123595506<br />Count: 66<br />Percent: 12.4", "Category: Gene Networks<br />Prop: 0.110486891<br />Count: 59<br />Percent: 11", "Category: Integration<br />Prop: 0.102996255<br />Count: 55<br />Percent: 10.3", "Category: Marker Genes<br />Prop: 0.102996255<br />Count: 55<br />Percent: 10.3", "Category: Classification<br />Prop: 0.088014981<br />Count: 47<br />Percent: 8.8", "Category: Simulation<br />Prop: 0.084269663<br />Count: 45<br />Percent: 8.4", "Category: Variable Genes<br />Prop: 0.078651685<br />Count: 42<br />Percent: 7.9", "Category: Gene Filtering<br />Prop: 0.074906367<br />Count: 40<br />Percent: 7.5", "Category: Imputation<br />Prop: 0.073033708<br />Count: 39<br />Percent: 7.3", "Category: Gene Sets<br />Prop: 0.071161049<br />Count: 38<br />Percent: 7.1", "Category: Quantification<br />Prop: 0.067415730<br />Count: 36<br />Percent: 6.7", "Category: UMIs<br />Prop: 0.058052434<br />Count: 31<br />Percent: 5.8", "Category: Expression Patterns<br />Prop: 0.054307116<br />Count: 29<br />Percent: 5.4", "Category: Alignment<br />Prop: 0.041198502<br />Count: 22<br />Percent: 4.1", "Category: Variants<br />Prop: 0.031835206<br />Count: 17<br />Percent: 3.2", "Category: Cell Cycle<br />Prop: 0.028089888<br />Count: 15<br />Percent: 2.8", "Category: Immune<br />Prop: 0.020599251<br />Count: 11<br />Percent: 2.1", "Category: Alternative Splicing<br />Prop: 0.018726592<br />Count: 10<br />Percent: 1.9", "Category: Rare Cells<br />Prop: 0.014981273<br />Count: 8<br />Percent: 1.5", "Category: Assembly<br />Prop: 0.011235955<br />Count: 6<br />Percent: 1.1", "Category: Allele Specific<br />Prop: 0.009363296<br />Count: 5<br />Percent: 0.9", "Category: Stem Cells<br />Prop: 0.009363296<br />Count: 5<br />Percent: 0.9", "Category: Transformation<br />Prop: 0.007490637<br />Count: 4<br />Percent: 0.7", "Category: Modality<br />Prop: 0.005617978<br />Count: 3<br />Percent: 0.6", "Category: Haplotypes<br />Prop: 0.003745318<br />Count: 2<br />Percent: 0.4"],
      "type": "bar",
      "marker": {
        "autocolorscale": false,
        "color": "rgba(122,82,199,1)",
        "line": {
          "width": 1.88976377952756,
          "color": "transparent"
        }
      },
      "showlegend": false,
      "xaxis": "x",
      "yaxis": "y",
      "hoverinfo": "text",
      "frame": null
    }
  ],
  "layout": {
    "margin": {
      "t": 0,
      "r": 10,
      "b": 0,
      "l": 55
    },
    "font": {
      "color": "rgba(0,0,0,1)",
      "family": "",
      "size": 18.5969281859693
    },
    "xaxis": {
      "domain": [0, 1],
      "automargin": true,
      "type": "linear",
      "autorange": false,
      "range": [0.4, 32.6],
      "tickmode": "array",
      "ticktext": ["Visualisation", "Clustering", "Dimensionality Reduction", "Normalisation", "Ordering", "Quality Control", "Interactive", "Differential Expression", "Gene Networks", "Integration", "Marker Genes", "Classification", "Simulation", "Variable Genes", "Gene Filtering", "Imputation", "Gene Sets", "Quantification", "UMIs", "Expression Patterns", "Alignment", "Variants", "Cell Cycle", "Immune", "Alternative Splicing", "Rare Cells", "Assembly", "Allele Specific", "Stem Cells", "Transformation", "Modality", "Haplotypes"],
      "tickvals": [1, 2, 3, 4, 5, 6, 7, 8, 9, 10, 11, 12, 13, 14, 15, 16, 17, 18, 19, 20, 21, 22, 23, 24, 25, 26, 27, 28, 29, 30, 31, 32],
      "categoryorder": "array",
      "categoryarray": ["Visualisation", "Clustering", "Dimensionality Reduction", "Normalisation", "Ordering", "Quality Control", "Interactive", "Differential Expression", "Gene Networks", "Integration", "Marker Genes", "Classification", "Simulation", "Variable Genes", "Gene Filtering", "Imputation", "Gene Sets", "Quantification", "UMIs", "Expression Patterns", "Alignment", "Variants", "Cell Cycle", "Immune", "Alternative Splicing", "Rare Cells", "Assembly", "Allele Specific", "Stem Cells", "Transformation", "Modality", "Haplotypes"],
      "nticks": null,
      "ticks": "outside",
      "tickcolor": "rgba(0,0,0,1)",
      "ticklen": 4.64923204649232,
      "tickwidth": 0.66417600664176,
      "showticklabels": true,
      "tickfont": {
        "color": "rgba(0,0,0,1)",
        "family": "",
        "size": 7
      },
      "tickangle": -60,
      "showline": true,
      "linecolor": "rgba(0,0,0,1)",
      "linewidth": 0.66417600664176,
      "showgrid": false,
      "gridcolor": null,
      "gridwidth": 0,
      "zeroline": false,
      "anchor": "y",
      "title": {
        "text": "",
        "font": {
          "color": null,
          "family": null,
          "size": 9
        }
      },
      "hoverformat": ".2f",
      "fixedrange": true
    },
    "yaxis": {
      "domain": [0, 1],
      "automargin": true,
      "type": "linear",
      "autorange": false,
      "range": [-0.023314606741573, 0.489606741573034],
      "tickmode": "array",
      "ticktext": ["0.0%", "10.0%", "20.0%", "30.0%", "40.0%"],
      "tickvals": [0, 0.1, 0.2, 0.3, 0.4],
      "categoryorder": "array",
      "categoryarray": ["0.0%", "10.0%", "20.0%", "30.0%", "40.0%"],
      "nticks": null,
      "ticks": "outside",
      "tickcolor": "rgba(0,0,0,1)",
      "ticklen": 4.64923204649232,
      "tickwidth": 0.66417600664176,
      "showticklabels": true,
      "tickfont": {
        "color": "rgba(0,0,0,1)",
        "family": "",
        "size": 7
      },
      "tickangle": -0,
      "showline": true,
      "linecolor": "rgba(0,0,0,1)",
      "linewidth": 0.66417600664176,
      "showgrid": false,
      "gridcolor": null,
      "gridwidth": 0,
      "zeroline": false,
      "anchor": "x",
      "title": {
        "text": "Percentage of tools",
        "font": {
          "color": "rgba(0,0,0,1)",
          "family": "",
          "size": 9
        }
      },
      "hoverformat": ".2f",