{
  "data": [
    {
      "orientation": "v",
      "width": [0.95, 0.95, 0.95, 0.95, 0.949999999999999, 0.949999999999999, 0.949999999999999, 0.949999999999999, 0.949999999999999, 0.949999999999999, 0.949999999999999, 0.949999999999999, 0.949999999999999, 0.949999999999999, 0.949999999999999, 0.950000000000001, 0.950000000000003, 0.950000000000003, 0.950000000000003, 0.950000000000003, 0.950000000000003, 0.950000000000003, 0.950000000000003, 0.950000000000003, 0.950000000000003, 0.950000000000003, 0.950000000000003, 0.950000000000003, 0.950000000000003, 0.950000000000003, 0.950000000000003, 0.950000000000003],
      "base": [0, 0, 0, 0, 0, 0, 0, 0, 0, 0, 0, 0, 0, 0, 0, 0, 0, 0, 0, 0, 0, 0, 0, 0, 0, 0, 0, 0, 0, 0, 0, 0],
      "x": [1, 2, 3, 4, 5, 6, 7, 8, 9, 10, 11, 12, 13, 14, 15, 16, 17, 18, 19, 20, 21, 22, 23, 24, 25, 26, 27, 28, 29, 30, 31, 32],
      "y": [0.459923664122137, 0.269083969465649, 0.24618320610687, 0.156488549618321, 0.150763358778626, 0.125954198473282, 0.124045801526718, 0.122137404580153, 0.110687022900763, 0.103053435114504, 0.103053435114504, 0.0858778625954199, 0.0858778625954199, 0.0782442748091603, 0.0763358778625954, 0.0744274809160305, 0.0687022900763359, 0.0687022900763359, 0.0591603053435115, 0.0553435114503817, 0.0419847328244275, 0.0324427480916031, 0.0286259541984733, 0.0209923664122137, 0.0190839694656489, 0.0133587786259542, 0.0114503816793893, 0.00954198473282443, 0.00954198473282443, 0.00763358778625954, 0.00572519083969466, 0.00381679389312977],
      "text": ["Category: Visualisation<br />Prop: 0.459923664<br />Count: 241<br />Percent: 46", "Category: Clustering<br />Prop: 0.269083969<br />Count: 141<br />Percent: 26.9", "Category: Dimensionality Reduction<br />Prop: 0.246183206<br />Count: 129<br />Percent: 24.6", "Category: Normalisation<br />Prop: 0.156488550<br />Count: 82<br />Percent: 15.6", "Category: Ordering<br />Prop: 0.150763359<br />Count: 79<br />Percent: 15.1", "Category: Quality Control<br />Prop: 0.125954198<br />Count: 66<br />Percent: 12.6", "Category: Differential Expression<br />Prop: 0.124045802<br />Count: 65<br />Percent: 12.4", "Category: Interactive<br />Prop: 0.122137405<br />Count: 64<br />Percent: 12.2", "Category: Gene Networks<br />Prop: 0.110687023<br />Count: 58<br />Percent: 11.1", "Category: Integration<br />Prop: 0.103053435<br />Count: 54<br />Percent: 10.3", "Category: Marker Genes<br />Prop: 0.103053435<br />Count: 54<br />Percent: 10.3", "Category: Classification<br />Prop: 0.085877863<br />Count: 45<br />Percent: 8.6", "Category: Simulation<br />Prop: 0.085877863<br />Count: 45<br />Percent: 8.6", "Category: Variable Genes<br />Prop: 0.078244275<br />Count: 41<br />Percent: 7.8", "Category: Gene Filtering<br />Prop: 0.076335878<br />Count: 40<br />Percent: 7.6", "Category: Imputation<br />Prop: 0.074427481<br />Count: 39<br />Percent: 7.4", "Category: Gene Sets<br />Prop: 0.068702290<br />Count: 36<br />Percent: 6.9", "Category: Quantification<br />Prop: 0.068702290<br />Count: 36<br />Percent: 6.9", "Category: UMIs<br />Prop: 0.059160305<br />Count: 31<br />Percent: 5.9", "Category: Expression Patterns<br />Prop: 0.055343511<br />Count: 29<br />Percent: 5.5", "Category: Alignment<br />Prop: 0.041984733<br />Count: 22<br />Percent: 4.2", "Category: Variants<br />Prop: 0.032442748<br />Count: 17<br />Percent: 3.2", "Category: Cell Cycle<br />Prop: 0.028625954<br />Count: 15<br />Percent: 2.9", "Category: Immune<br />Prop: 0.020992366<br />Count: 11<br />Percent: 2.1", "Category: Alternative Splicing<br />Prop: 0.019083969<br />Count: 10<br />Percent: 1.9", "Category: Rare Cells<br />Prop: 0.013358779<br />Count: 7<br />Percent: 1.3", "Category: Assembly<br />Prop: 0.011450382<br />Count: 6<br />Percent: 1.1", "Category: Allele Specific<br />Prop: 0.009541985<br />Count: 5<br />Percent: 1", "Category: Stem Cells<br />Prop: 0.009541985<br />Count: 5<br />Percent: 1", "Category: Transformation<br />Prop: 0.007633588<br />Count: 4<br />Percent: 0.8", "Category: Modality<br />Prop: 0.005725191<br />Count: 3<br />Percent: 0.6", "Category: Haplotypes<br />Prop: 0.003816794<br />Count: 2<br />Percent: 0.4"],
      "type": "bar",
      "marker": {
        "autocolorscale": false,
        "color": "rgba(122,82,199,1)",
        "line": {
          "width": 1.88976377952756,
          "color": "transparent"
        }
      },
      "showlegend": false,
      "xaxis": "x",
      "yaxis": "y",
      "hoverinfo": "text",
      "frame": null
    }
  ],
  "layout": {
    "margin": {
      "t": 0,
      "r": 10,
      "b": 0,
      "l": 55
    },
    "font": {
      "color": "rgba(0,0,0,1)",
      "family": "",
      "size": 18.5969281859693
    },
    "xaxis": {
      "domain": [0, 1],
      "automargin": true,
      "type": "linear",
      "autorange": false,
      "range": [0.4, 32.6],
      "tickmode": "array",
      "ticktext": ["Visualisation", "Clustering", "Dimensionality Reduction", "Normalisation", "Ordering", "Quality Control", "Differential Expression", "Interactive", "Gene Networks", "Integration", "Marker Genes", "Classification", "Simulation", "Variable Genes", "Gene Filtering", "Imputation", "Gene Sets", "Quantification", "UMIs", "Expression Patterns", "Alignment", "Variants", "Cell Cycle", "Immune", "Alternative Splicing", "Rare Cells", "Assembly", "Allele Specific", "Stem Cells", "Transformation", "Modality", "Haplotypes"],
      "tickvals": [1, 2, 3, 4, 5, 6, 7, 8, 9, 10, 11, 12, 13, 14, 15, 16, 17, 18, 19, 20, 21, 22, 23, 24, 25, 26, 27, 28, 29, 30, 31, 32],
      "categoryorder": "array",
      "categoryarray": ["Visualisation", "Clustering", "Dimensionality Reduction", "Normalisation", "Ordering", "Quality Control", "Differential Expression", "Interactive", "Gene Networks", "Integration", "Marker Genes", "Classification", "Simulation", "Variable Genes", "Gene Filtering", "Imputation", "Gene Sets", "Quantification", "UMIs", "Expression Patterns", "Alignment", "Variants", "Cell Cycle", "Immune", "Alternative Splicing", "Rare Cells", "Assembly", "Allele Specific", "Stem Cells", "Transformation", "Modality", "Haplotypes"],
      "nticks": null,
      "ticks": "outside",
      "tickcolor": "rgba(0,0,0,1)",
      "ticklen": 4.64923204649232,
      "tickwidth": 0.66417600664176,
      "showticklabels": true,
      "tickfont": {
        "color": "rgba(0,0,0,1)",
        "family": "",
        "size": 7
      },
      "tickangle": -60,
      "showline": true,
      "linecolor": "rgba(0,0,0,1)",
      "linewidth": 0.66417600664176,
      "showgrid": false,
      "gridcolor": null,
      "gridwidth": 0,
      "zeroline": false,
      "anchor": "y",
      "title": {
        "text": "",
        "font": {
          "color": null,
          "family": null,
          "size": 9
        }
      },
      "hoverformat": ".2f",
      "fixedrange": true
    },
    "yaxis": {
      "domain": [0, 1],
      "automargin": true,
      "type": "linear",
      "autorange": false,
      "range": [-0.0229961832061069, 0.482919847328244],
      "tickmode": "array",
      "ticktext": ["0.0%", "10.0%", "20.0%", "30.0%", "40.0%"],
      "tickvals": [0, 0.1, 0.2, 0.3, 0.4],
      "categoryorder": "array",
      "categoryarray": ["0.0%", "10.0%", "20.0%", "30.0%", "40.0%"],
      "nticks": null,
      "ticks": "outside",
      "tickcolor": "rgba(0,0,0,1)",
      "ticklen": 4.64923204649232,
      "tickwidth": 0.66417600664176,
      "showticklabels": true,
      "tickfont": {
        "color": "rgba(0,0,0,1)",
        "family": "",
        "size": 7
      },
      "tickangle": -0,
      "showline": true,
      "linecolor": "rgba(0,0,0,1)",
      "linewidth": 0.66417600664176,
      "showgrid": false,
      "gridcolor": null,
      "gridwidth": 0,
      "zeroline": false,
      "anchor": "x",
      "title": {
        "text": "Percentage of tools",
        "font": {
          "color": "rgba(0,0,0,1)",
          "family": "",
          "size": 9
        }
      },
      "hoverformat": ".2f",