{
  "data": [
    {
      "orientation": "v",
      "width": [0.95, 0.95, 0.95, 0.95, 0.949999999999999, 0.949999999999999, 0.949999999999999, 0.949999999999999, 0.949999999999999, 0.949999999999999, 0.949999999999999, 0.949999999999999, 0.949999999999999, 0.949999999999999, 0.949999999999999, 0.950000000000001, 0.950000000000003, 0.950000000000003, 0.950000000000003, 0.950000000000003, 0.950000000000003, 0.950000000000003, 0.950000000000003, 0.950000000000003, 0.950000000000003, 0.950000000000003, 0.950000000000003, 0.950000000000003, 0.950000000000003, 0.950000000000003, 0.950000000000003, 0.950000000000003],
      "base": [0, 0, 0, 0, 0, 0, 0, 0, 0, 0, 0, 0, 0, 0, 0, 0, 0, 0, 0, 0, 0, 0, 0, 0, 0, 0, 0, 0, 0, 0, 0, 0],
      "x": [1, 2, 3, 4, 5, 6, 7, 8, 9, 10, 11, 12, 13, 14, 15, 16, 17, 18, 19, 20, 21, 22, 23, 24, 25, 26, 27, 28, 29, 30, 31, 32],
      "y": [0.432038834951456, 0.25121359223301, 0.246359223300971, 0.132281553398058, 0.129854368932039, 0.117718446601942, 0.111650485436893, 0.110436893203884, 0.105582524271845, 0.105582524271845, 0.095873786407767, 0.0946601941747573, 0.0788834951456311, 0.0716019417475728, 0.0703883495145631, 0.0643203883495146, 0.058252427184466, 0.0546116504854369, 0.0449029126213592, 0.0424757281553398, 0.0400485436893204, 0.0339805825242718, 0.0218446601941748, 0.0194174757281553, 0.0182038834951456, 0.0109223300970874, 0.00849514563106796, 0.00728155339805825, 0.00728155339805825, 0.00606796116504854, 0.00485436893203883, 0.00242718446601942],
      "text": ["Category: Visualisation<br />Prop: 0.432038835<br />Count: 356<br />Percent: 43.2", "Category: Clustering<br />Prop: 0.251213592<br />Count: 207<br />Percent: 25.1", "Category: Dimensionality Reduction<br />Prop: 0.246359223<br />Count: 203<br />Percent: 24.6", "Category: Integration<br />Prop: 0.132281553<br />Count: 109<br />Percent: 13.2", "Category: Ordering<br />Prop: 0.129854369<br />Count: 107<br />Percent: 13", "Category: Normalisation<br />Prop: 0.117718447<br />Count: 97<br />Percent: 11.8", "Category: Differential Expression<br />Prop: 0.111650485<br />Count: 92<br />Percent: 11.2", "Category: Classification<br />Prop: 0.110436893<br />Count: 91<br />Percent: 11", "Category: Gene Networks<br />Prop: 0.105582524<br />Count: 87<br />Percent: 10.6", "Category: Quality Control<br />Prop: 0.105582524<br />Count: 87<br />Percent: 10.6", "Category: Interactive<br />Prop: 0.095873786<br />Count: 79<br />Percent: 9.6", "Category: Marker Genes<br />Prop: 0.094660194<br />Count: 78<br />Percent: 9.5", "Category: Imputation<br />Prop: 0.078883495<br />Count: 65<br />Percent: 7.9", "Category: Gene Sets<br />Prop: 0.071601942<br />Count: 59<br />Percent: 7.2", "Category: Simulation<br />Prop: 0.070388350<br />Count: 58<br />Percent: 7", "Category: Variable Genes<br />Prop: 0.064320388<br />Count: 53<br />Percent: 6.4", "Category: Gene Filtering<br />Prop: 0.058252427<br />Count: 48<br />Percent: 5.8", "Category: Quantification<br />Prop: 0.054611650<br />Count: 45<br />Percent: 5.5", "Category: UMIs<br />Prop: 0.044902913<br />Count: 37<br />Percent: 4.5", "Category: Expression Patterns<br />Prop: 0.042475728<br />Count: 35<br />Percent: 4.2", "Category: Variants<br />Prop: 0.040048544<br />Count: 33<br />Percent: 4", "Category: Alignment<br />Prop: 0.033980583<br />Count: 28<br />Percent: 3.4", "Category: Cell Cycle<br />Prop: 0.021844660<br />Count: 18<br />Percent: 2.2", "Category: Immune<br />Prop: 0.019417476<br />Count: 16<br />Percent: 1.9", "Category: Alternative Splicing<br />Prop: 0.018203883<br />Count: 15<br />Percent: 1.8", "Category: Rare Cells<br />Prop: 0.010922330<br />Count: 9<br />Percent: 1.1", "Category: Assembly<br />Prop: 0.008495146<br />Count: 7<br />Percent: 0.8", "Category: Allele Specific<br />Prop: 0.007281553<br />Count: 6<br />Percent: 0.7", "Category: Stem Cells<br />Prop: 0.007281553<br />Count: 6<br />Percent: 0.7", "Category: Modality<br />Prop: 0.006067961<br />Count: 5<br />Percent: 0.6", "Category: Transformation<br />Prop: 0.004854369<br />Count: 4<br />Percent: 0.5", "Category: Haplotypes<br />Prop: 0.002427184<br />Count: 2<br />Percent: 0.2"],
      "type": "bar",
      "marker": {
        "autocolorscale": false,
        "color": "rgba(122,82,199,1)",
        "line": {
          "width": 1.88976377952756,
          "color": "transparent"
        }
      },
      "showlegend": false,
      "xaxis": "x",
      "yaxis": "y",
      "hoverinfo": "text",
      "frame": null
    }
  ],
  "layout": {
    "margin": {
      "t": 0,
      "r": 10,
      "b": 0,
      "l": 55
    },
    "font": {
      "color": "rgba(0,0,0,1)",
      "family": "",
      "size": 18.5969281859693
    },
    "xaxis": {
      "domain": [0, 1],
      "automargin": true,
      "type": "linear",
      "autorange": false,
      "range": [0.4, 32.6],
      "tickmode": "array",
      "ticktext": ["Visualisation", "Clustering", "Dimensionality Reduction", "Integration", "Ordering", "Normalisation", "Differential Expression", "Classification", "Gene Networks", "Quality Control", "Interactive", "Marker Genes", "Imputation", "Gene Sets", "Simulation", "Variable Genes", "Gene Filtering", "Quantification", "UMIs", "Expression Patterns", "Variants", "Alignment", "Cell Cycle", "Immune", "Alternative Splicing", "Rare Cells", "Assembly", "Allele Specific", "Stem Cells", "Modality", "Transformation", "Haplotypes"],
      "tickvals": [1, 2, 3, 4, 5, 6, 7, 8, 9, 10, 11, 12, 13, 14, 15, 16, 17, 18, 19, 20, 21, 22, 23, 24, 25, 26, 27, 28, 29, 30, 31, 32],
      "categoryorder": "array",
      "categoryarray": ["Visualisation", "Clustering", "Dimensionality Reduction", "Integration", "Ordering", "Normalisation", "Differential Expression", "Classification", "Gene Networks", "Quality Control", "Interactive", "Marker Genes", "Imputation", "Gene Sets", "Simulation", "Variable Genes", "Gene Filtering", "Quantification", "UMIs", "Expression Patterns", "Variants", "Alignment", "Cell Cycle", "Immune", "Alternative Splicing", "Rare Cells", "Assembly", "Allele Specific", "Stem Cells", "Modality", "Transformation", "Haplotypes"],
      "nticks": null,
      "ticks": "outside",
      "tickcolor": "rgba(0,0,0,1)",
      "ticklen": 4.64923204649232,
      "tickwidth": 0.66417600664176,
      "showticklabels": true,
      "tickfont": {
        "color": "rgba(0,0,0,1)",
        "family": "",
        "size": 7
      },
      "tickangle": -60,
      "showline": true,
      "linecolor": "rgba(0,0,0,1)",
      "linewidth": 0.66417600664176,
      "showgrid": false,
      "gridcolor": null,
      "gridwidth": 0,
      "zeroline": false,
      "anchor": "y",
      "title": {
        "text": "",
        "font": {
          "color": null,
          "family": null,
          "size": 9
        }
      },
      "hoverformat": ".2f",
      "fixedrange": true
    },
    "yaxis": {
      "domain": [0, 1],
      "automargin": true,
      "type": "linear",
      "autorange": false,
      "range": [-0.0216019417475728, 0.453640776699029],
      "tickmode": "array",
      "ticktext": ["0.0%", "10.0%", "20.0%", "30.0%", "40.0%"],
      "tickvals": [0, 0.1, 0.2, 0.3, 0.4],
      "categoryorder": "array",
      "categoryarray": ["0.0%", "10.0%", "20.0%", "30.0%", "40.0%"],
      "nticks": null,
      "ticks": "outside",
      "tickcolor": "rgba(0,0,0,1)",
      "ticklen": 4.64923204649232,
      "tickwidth": 0.66417600664176,
      "showticklabels": true,
      "tickfont": {
        "color": "rgba(0,0,0,1)",
        "family": "",
        "size": 7
      },
      "tickangle": -0,
      "showline": true,
      "linecolor": "rgba(0,0,0,1)",
      "linewidth": 0.66417600664176,
      "showgrid": false,
      "gridcolor": null,
      "gridwidth": 0,
      "zeroline": false,
      "anchor": "x",
      "title": {
        "text": "Percentage of tools",
        "font": {
          "color": "rgba(0,0,0,1)",
          "family": "",
          "size": 9
        }
      },
      "hoverformat": ".2f",