{
  "data": [
    {
      "orientation": "v",
      "width": [0.95, 0.95, 0.95, 0.95, 0.949999999999999, 0.949999999999999, 0.949999999999999, 0.949999999999999, 0.949999999999999, 0.949999999999999, 0.949999999999999, 0.949999999999999, 0.949999999999999, 0.949999999999999, 0.949999999999999, 0.950000000000001, 0.950000000000003, 0.950000000000003, 0.950000000000003, 0.950000000000003, 0.950000000000003, 0.950000000000003, 0.950000000000003, 0.950000000000003, 0.950000000000003, 0.950000000000003, 0.950000000000003, 0.950000000000003, 0.950000000000003, 0.950000000000003, 0.950000000000003, 0.950000000000003],
      "base": [0, 0, 0, 0, 0, 0, 0, 0, 0, 0, 0, 0, 0, 0, 0, 0, 0, 0, 0, 0, 0, 0, 0, 0, 0, 0, 0, 0, 0, 0, 0, 0],
      "x": [1, 2, 3, 4, 5, 6, 7, 8, 9, 10, 11, 12, 13, 14, 15, 16, 17, 18, 19, 20, 21, 22, 23, 24, 25, 26, 27, 28, 29, 30, 31, 32],
      "y": [0.450437317784257, 0.259475218658892, 0.252186588921283, 0.134110787172012, 0.13265306122449, 0.123906705539359, 0.116618075801749, 0.110787172011662, 0.110787172011662, 0.106413994169096, 0.104956268221574, 0.0991253644314869, 0.0860058309037901, 0.075801749271137, 0.075801749271137, 0.0670553935860058, 0.0626822157434402, 0.0583090379008746, 0.0495626822157434, 0.0466472303206997, 0.0379008746355685, 0.0349854227405248, 0.0247813411078717, 0.021865889212828, 0.0174927113702624, 0.0131195335276968, 0.0087463556851312, 0.0087463556851312, 0.00728862973760933, 0.00583090379008746, 0.00583090379008746, 0.00291545189504373],
      "text": ["Category: Visualisation<br />Prop: 0.450437318<br />Count: 309<br />Percent: 45", "Category: Clustering<br />Prop: 0.259475219<br />Count: 178<br />Percent: 25.9", "Category: Dimensionality Reduction<br />Prop: 0.252186589<br />Count: 173<br />Percent: 25.2", "Category: Ordering<br />Prop: 0.134110787<br />Count: 92<br />Percent: 13.4", "Category: Normalisation<br />Prop: 0.132653061<br />Count: 91<br />Percent: 13.3", "Category: Integration<br />Prop: 0.123906706<br />Count: 85<br />Percent: 12.4", "Category: Differential Expression<br />Prop: 0.116618076<br />Count: 80<br />Percent: 11.7", "Category: Interactive<br />Prop: 0.110787172<br />Count: 76<br />Percent: 11.1", "Category: Quality Control<br />Prop: 0.110787172<br />Count: 76<br />Percent: 11.1", "Category: Gene Networks<br />Prop: 0.106413994<br />Count: 73<br />Percent: 10.6", "Category: Classification<br />Prop: 0.104956268<br />Count: 72<br />Percent: 10.5", "Category: Marker Genes<br />Prop: 0.099125364<br />Count: 68<br />Percent: 9.9", "Category: Imputation<br />Prop: 0.086005831<br />Count: 59<br />Percent: 8.6", "Category: Gene Sets<br />Prop: 0.075801749<br />Count: 52<br />Percent: 7.6", "Category: Simulation<br />Prop: 0.075801749<br />Count: 52<br />Percent: 7.6", "Category: Variable Genes<br />Prop: 0.067055394<br />Count: 46<br />Percent: 6.7", "Category: Gene Filtering<br />Prop: 0.062682216<br />Count: 43<br />Percent: 6.3", "Category: Quantification<br />Prop: 0.058309038<br />Count: 40<br />Percent: 5.8", "Category: UMIs<br />Prop: 0.049562682<br />Count: 34<br />Percent: 5", "Category: Expression Patterns<br />Prop: 0.046647230<br />Count: 32<br />Percent: 4.7", "Category: Variants<br />Prop: 0.037900875<br />Count: 26<br />Percent: 3.8", "Category: Alignment<br />Prop: 0.034985423<br />Count: 24<br />Percent: 3.5", "Category: Cell Cycle<br />Prop: 0.024781341<br />Count: 17<br />Percent: 2.5", "Category: Immune<br />Prop: 0.021865889<br />Count: 15<br />Percent: 2.2", "Category: Alternative Splicing<br />Prop: 0.017492711<br />Count: 12<br />Percent: 1.7", "Category: Rare Cells<br />Prop: 0.013119534<br />Count: 9<br />Percent: 1.3", "Category: Allele Specific<br />Prop: 0.008746356<br />Count: 6<br />Percent: 0.9", "Category: Assembly<br />Prop: 0.008746356<br />Count: 6<br />Percent: 0.9", "Category: Stem Cells<br />Prop: 0.007288630<br />Count: 5<br />Percent: 0.7", "Category: Modality<br />Prop: 0.005830904<br />Count: 4<br />Percent: 0.6", "Category: Transformation<br />Prop: 0.005830904<br />Count: 4<br />Percent: 0.6", "Category: Haplotypes<br />Prop: 0.002915452<br />Count: 2<br />Percent: 0.3"],
      "type": "bar",
      "marker": {
        "autocolorscale": false,
        "color": "rgba(122,82,199,1)",
        "line": {
          "width": 1.88976377952756,
          "color": "transparent"
        }
      },
      "showlegend": false,
      "xaxis": "x",
      "yaxis": "y",
      "hoverinfo": "text",
      "frame": null
    }
  ],
  "layout": {
    "margin": {
      "t": 0,
      "r": 10,
      "b": 0,
      "l": 55
    },
    "font": {
      "color": "rgba(0,0,0,1)",
      "family": "",
      "size": 18.5969281859693
    },
    "xaxis": {
      "domain": [0, 1],
      "automargin": true,
      "type": "linear",
      "autorange": false,
      "range": [0.4, 32.6],
      "tickmode": "array",
      "ticktext": ["Visualisation", "Clustering", "Dimensionality Reduction", "Ordering", "Normalisation", "Integration", "Differential Expression", "Interactive", "Quality Control", "Gene Networks", "Classification", "Marker Genes", "Imputation", "Gene Sets", "Simulation", "Variable Genes", "Gene Filtering", "Quantification", "UMIs", "Expression Patterns", "Variants", "Alignment", "Cell Cycle", "Immune", "Alternative Splicing", "Rare Cells", "Allele Specific", "Assembly", "Stem Cells", "Modality", "Transformation", "Haplotypes"],
      "tickvals": [1, 2, 3, 4, 5, 6, 7, 8, 9, 10, 11, 12, 13, 14, 15, 16, 17, 18, 19, 20, 21, 22, 23, 24, 25, 26, 27, 28, 29, 30, 31, 32],
      "categoryorder": "array",
      "categoryarray": ["Visualisation", "Clustering", "Dimensionality Reduction", "Ordering", "Normalisation", "Integration", "Differential Expression", "Interactive", "Quality Control", "Gene Networks", "Classification", "Marker Genes", "Imputation", "Gene Sets", "Simulation", "Variable Genes", "Gene Filtering", "Quantification", "UMIs", "Expression Patterns", "Variants", "Alignment", "Cell Cycle", "Immune", "Alternative Splicing", "Rare Cells", "Allele Specific", "Assembly", "Stem Cells", "Modality", "Transformation", "Haplotypes"],
      "nticks": null,
      "ticks": "outside",
      "tickcolor": "rgba(0,0,0,1)",
      "ticklen": 4.64923204649232,
      "tickwidth": 0.66417600664176,
      "showticklabels": true,
      "tickfont": {
        "color": "rgba(0,0,0,1)",
        "family": "",
        "size": 7
      },
      "tickangle": -60,
      "showline": true,
      "linecolor": "rgba(0,0,0,1)",
      "linewidth": 0.66417600664176,
      "showgrid": false,
      "gridcolor": null,
      "gridwidth": 0,
      "zeroline": false,
      "anchor": "y",
      "title": {
        "text": "",
        "font": {
          "color": null,
          "family": null,
          "size": 9
        }
      },
      "hoverformat": ".2f",
      "fixedrange": true
    },
    "yaxis": {
      "domain": [0, 1],
      "automargin": true,
      "type": "linear",
      "autorange": false,
      "range": [-0.0225218658892128, 0.472959183673469],
      "tickmode": "array",
      "ticktext": ["0.0%", "10.0%", "20.0%", "30.0%", "40.0%"],
      "tickvals": [0, 0.1, 0.2, 0.3, 0.4],
      "categoryorder": "array",
      "categoryarray": ["0.0%", "10.0%", "20.0%", "30.0%", "40.0%"],
      "nticks": null,
      "ticks": "outside",
      "tickcolor": "rgba(0,0,0,1)",
      "ticklen": 4.64923204649232,
      "tickwidth": 0.66417600664176,
      "showticklabels": true,
      "tickfont": {
        "color": "rgba(0,0,0,1)",
        "family": "",
        "size": 7
      },
      "tickangle": -0,
      "showline": true,
      "linecolor": "rgba(0,0,0,1)",
      "linewidth": 0.66417600664176,
      "showgrid": false,
      "gridcolor": null,
      "gridwidth": 0,
      "zeroline": false,
      "anchor": "x",
      "title": {
        "text": "Percentage of tools",
        "font": {
          "color": "rgba(0,0,0,1)",
          "family": "",
          "size": 9
        }
      },
      "hoverformat": ".2f",