{
  "data": [
    {
      "orientation": "v",
      "width": [0.95, 0.95, 0.95, 0.95, 0.949999999999999, 0.949999999999999, 0.949999999999999, 0.949999999999999, 0.949999999999999, 0.949999999999999, 0.949999999999999, 0.949999999999999, 0.949999999999999, 0.949999999999999, 0.949999999999999, 0.950000000000001, 0.950000000000003, 0.950000000000003, 0.950000000000003, 0.950000000000003, 0.950000000000003, 0.950000000000003, 0.950000000000003, 0.950000000000003, 0.950000000000003, 0.950000000000003, 0.950000000000003, 0.950000000000003, 0.950000000000003, 0.950000000000003, 0.950000000000003, 0.950000000000003, 0.950000000000003],
      "base": [0, 0, 0, 0, 0, 0, 0, 0, 0, 0, 0, 0, 0, 0, 0, 0, 0, 0, 0, 0, 0, 0, 0, 0, 0, 0, 0, 0, 0, 0, 0, 0, 0],
      "x": [1, 2, 3, 4, 5, 6, 7, 8, 9, 10, 11, 12, 13, 14, 15, 16, 17, 18, 19, 20, 21, 22, 23, 24, 25, 26, 27, 28, 29, 30, 31, 32, 33],
      "y": [0.409885473176612, 0.249547920433996, 0.225437010247137, 0.156720916214587, 0.127787823990356, 0.119349005424955, 0.111512959614225, 0.101868595539482, 0.0964436407474382, 0.0958408679927667, 0.0831826401446655, 0.0765521398432791, 0.0681133212778782, 0.0626883664858348, 0.0626883664858348, 0.0626883664858348, 0.0602772754671489, 0.0464135021097046, 0.0391802290536468, 0.0349608197709464, 0.0337552742616034, 0.0301386377335744, 0.0253164556962025, 0.0253164556962025, 0.024713682941531, 0.0210970464135021, 0.0114526823387583, 0.00723327305605787, 0.00602772754671489, 0.0054249547920434, 0.00482218203737191, 0.00421940928270042, 0.00120554550934298],
      "text": ["Category: Visualisation<br />Prop: 0.409885473<br />Count: 680<br />Percent: 41", "Category: Dimensionality Reduction<br />Prop: 0.249547920<br />Count: 414<br />Percent: 25", "Category: Clustering<br />Prop: 0.225437010<br />Count: 374<br />Percent: 22.5", "Category: Integration<br />Prop: 0.156720916<br />Count: 260<br />Percent: 15.7", "Category: Gene Networks<br />Prop: 0.127787824<br />Count: 212<br />Percent: 12.8", "Category: Classification<br />Prop: 0.119349005<br />Count: 198<br />Percent: 11.9", "Category: Ordering<br />Prop: 0.111512960<br />Count: 185<br />Percent: 11.2", "Category: Quality Control<br />Prop: 0.101868596<br />Count: 169<br />Percent: 10.2", "Category: Normalisation<br />Prop: 0.096443641<br />Count: 160<br />Percent: 9.6", "Category: Differential Expression<br />Prop: 0.095840868<br />Count: 159<br />Percent: 9.6", "Category: Marker Genes<br />Prop: 0.083182640<br />Count: 138<br />Percent: 8.3", "Category: Gene Sets<br />Prop: 0.076552140<br />Count: 127<br />Percent: 7.7", "Category: Interactive<br />Prop: 0.068113321<br />Count: 113<br />Percent: 6.8", "Category: Imputation<br />Prop: 0.062688366<br />Count: 104<br />Percent: 6.3", "Category: Quantification<br />Prop: 0.062688366<br />Count: 104<br />Percent: 6.3", "Category: Variable Genes<br />Prop: 0.062688366<br />Count: 104<br />Percent: 6.3", "Category: Simulation<br />Prop: 0.060277275<br />Count: 100<br />Percent: 6", "Category: Variants<br />Prop: 0.046413502<br />Count: 77<br />Percent: 4.6", "Category: Gene Filtering<br />Prop: 0.039180229<br />Count: 65<br />Percent: 3.9", "Category: UMIs<br />Prop: 0.034960820<br />Count: 58<br />Percent: 3.5", "Category: Alignment<br />Prop: 0.033755274<br />Count: 56<br />Percent: 3.4", "Category: Expression Patterns<br />Prop: 0.030138638<br />Count: 50<br />Percent: 3", "Category: Alternative Splicing<br />Prop: 0.025316456<br />Count: 42<br />Percent: 2.5", "Category: Perturbations<br />Prop: 0.025316456<br />Count: 42<br />Percent: 2.5", "Category: Immune<br />Prop: 0.024713683<br />Count: 41<br />Percent: 2.5", "Category: Cell Cycle<br />Prop: 0.021097046<br />Count: 35<br />Percent: 2.1", "Category: Rare Cells<br />Prop: 0.011452682<br />Count: 19<br />Percent: 1.1", "Category: Transformation<br />Prop: 0.007233273<br />Count: 12<br />Percent: 0.7", "Category: Assembly<br />Prop: 0.006027728<br />Count: 10<br />Percent: 0.6", "Category: Stem Cells<br />Prop: 0.005424955<br />Count: 9<br />Percent: 0.5", "Category: Modality<br />Prop: 0.004822182<br />Count: 8<br />Percent: 0.5", "Category: Allele Specific<br />Prop: 0.004219409<br />Count: 7<br />Percent: 0.4", "Category: Haplotypes<br />Prop: 0.001205546<br />Count: 2<br />Percent: 0.1"],
      "type": "bar",
      "textposition": "none",
      "marker": {
        "autocolorscale": false,
        "color": "rgba(122,82,199,1)",
        "line": {
          "width": 1.88976377952756,
          "color": "transparent"
        }
      },
      "showlegend": false,
      "xaxis": "x",
      "yaxis": "y",
      "hoverinfo": "text",
      "frame": null
    }
  ],
  "layout": {
    "margin": {
      "t": 0,
      "r": 10,
      "b": 0,
      "l": 55
    },
    "font": {
      "color": "rgba(0,0,0,1)",
      "family": "",
      "size": 18.5969281859693
    },
    "xaxis": {
      "domain": [0, 1],
      "automargin": true,
      "type": "linear",
      "autorange": false,
      "range": [0.4, 33.6],
      "tickmode": "array",
      "ticktext": ["Visualisation", "Dimensionality Reduction", "Clustering", "Integration", "Gene Networks", "Classification", "Ordering", "Quality Control", "Normalisation", "Differential Expression", "Marker Genes", "Gene Sets", "Interactive", "Imputation", "Quantification", "Variable Genes", "Simulation", "Variants", "Gene Filtering", "UMIs", "Alignment", "Expression Patterns", "Alternative Splicing", "Perturbations", "Immune", "Cell Cycle", "Rare Cells", "Transformation", "Assembly", "Stem Cells", "Modality", "Allele Specific", "Haplotypes"],
      "tickvals": [1, 2, 3, 4, 5, 6, 7, 8, 9, 10, 11, 12, 13, 14, 15, 16, 17, 18, 19, 20, 21, 22, 23, 24, 25, 26, 27, 28, 29, 30, 31, 32, 33],
      "categoryorder": "array",
      "categoryarray": ["Visualisation", "Dimensionality Reduction", "Clustering", "Integration", "Gene Networks", "Classification", "Ordering", "Quality Control", "Normalisation", "Differential Expression", "Marker Genes", "Gene Sets", "Interactive", "Imputation", "Quantification", "Variable Genes", "Simulation", "Variants", "Gene Filtering", "UMIs", "Alignment", "Expression Patterns", "Alternative Splicing", "Perturbations", "Immune", "Cell Cycle", "Rare Cells", "Transformation", "Assembly", "Stem Cells", "Modality", "Allele Specific", "Haplotypes"],
      "nticks": null,
      "ticks": "outside",
      "tickcolor": "rgba(0,0,0,1)",
      "ticklen": 4.64923204649232,
      "tickwidth": 0.66417600664176,
      "showticklabels": true,
      "tickfont": {
        "color": "rgba(0,0,0,1)",
        "family": "",
        "size": 7
      },
      "tickangle": -60,
      "showline": true,
      "linecolor": "rgba(0,0,0,1)",
      "linewidth": 0.66417600664176,
      "showgrid": false,
      "gridcolor": null,
      "gridwidth": 0,
      "zeroline": false,
      "anchor": "y",
      "title": {
        "text": "",
        "font": {
          "color": null,
          "family": null,
          "size": 9
        }
      },
      "hoverformat": ".2f",
      "fixedrange": true
    },
    "yaxis": {
      "domain": [0, 1],
      "automargin": true,
      "type": "linear",
      "autorange": false,
      "range": [-0.0204942736588306, 0.430379746835443],
      "tickmode": "array",
      "ticktext": ["0%", "10%", "20%", "30%", "40%"],
      "tickvals": [0, 0.1, 0.2, 0.3, 0.4],
      "categoryorder": "array",
      "categoryarray": ["0%", "10%", "20%", "30%", "40%"],
      "nticks": null,
      "ticks": "outside",
      "tickcolor": "rgba(0,0,0,1)",
      "ticklen": 4.64923204649232,
      "tickwidth": 0.66417600664176,
      "showticklabels": true,
      "tickfont": {
        "color": "rgba(0,0,0,1)",
        "family": "",
        "size": 7
      },
      "tickangle": -0,
      "showline": true,
      "linecolor": "rgba(0,0,0,1)",
      "linewidth": 0.66417600664176,
      "showgrid": false,
      "gridcolor": null,
      "gridwidth": 0,
      "zeroline": false,
      "anchor": "x",