{
  "data": [
    {
      "orientation": "v",
      "width": [0.95, 0.95, 0.95, 0.95, 0.949999999999999, 0.949999999999999, 0.949999999999999, 0.949999999999999, 0.949999999999999, 0.949999999999999, 0.949999999999999, 0.949999999999999, 0.949999999999999, 0.949999999999999, 0.949999999999999, 0.950000000000001, 0.950000000000003, 0.950000000000003, 0.950000000000003, 0.950000000000003, 0.950000000000003, 0.950000000000003, 0.950000000000003, 0.950000000000003, 0.950000000000003, 0.950000000000003, 0.950000000000003, 0.950000000000003, 0.950000000000003, 0.950000000000003, 0.950000000000003, 0.950000000000003],
      "base": [0, 0, 0, 0, 0, 0, 0, 0, 0, 0, 0, 0, 0, 0, 0, 0, 0, 0, 0, 0, 0, 0, 0, 0, 0, 0, 0, 0, 0, 0, 0, 0],
      "x": [1, 2, 3, 4, 5, 6, 7, 8, 9, 10, 11, 12, 13, 14, 15, 16, 17, 18, 19, 20, 21, 22, 23, 24, 25, 26, 27, 28, 29, 30, 31, 32],
      "y": [0.432335329341317, 0.250299401197605, 0.249101796407186, 0.131736526946108, 0.129341317365269, 0.117365269461078, 0.111377245508982, 0.111377245508982, 0.107784431137725, 0.106586826347305, 0.0946107784431138, 0.0946107784431138, 0.0790419161676647, 0.0718562874251497, 0.0694610778443114, 0.0634730538922156, 0.0586826347305389, 0.0550898203592814, 0.0455089820359281, 0.0419161676646707, 0.0395209580838323, 0.0347305389221557, 0.0215568862275449, 0.0191616766467066, 0.0191616766467066, 0.0119760479041916, 0.00838323353293413, 0.00718562874251497, 0.00718562874251497, 0.00598802395209581, 0.00479041916167665, 0.00239520958083832],
      "text": ["Category: Visualisation<br />Count: 361<br />Percent: 43.2", "Category: Clustering<br />Count: 209<br />Percent: 25", "Category: Dimensionality Reduction<br />Count: 208<br />Percent: 24.9", "Category: Integration<br />Count: 110<br />Percent: 13.2", "Category: Ordering<br />Count: 108<br />Percent: 12.9", "Category: Normalisation<br />Count: 98<br />Percent: 11.7", "Category: Classification<br />Count: 93<br />Percent: 11.1", "Category: Differential Expression<br />Count: 93<br />Percent: 11.1", "Category: Gene Networks<br />Count: 90<br />Percent: 10.8", "Category: Quality Control<br />Count: 89<br />Percent: 10.7", "Category: Interactive<br />Count: 79<br />Percent: 9.5", "Category: Marker Genes<br />Count: 79<br />Percent: 9.5", "Category: Imputation<br />Count: 66<br />Percent: 7.9", "Category: Gene Sets<br />Count: 60<br />Percent: 7.2", "Category: Simulation<br />Count: 58<br />Percent: 6.9", "Category: Variable Genes<br />Count: 53<br />Percent: 6.3", "Category: Gene Filtering<br />Count: 49<br />Percent: 5.9", "Category: Quantification<br />Count: 46<br />Percent: 5.5", "Category: UMIs<br />Count: 38<br />Percent: 4.6", "Category: Expression Patterns<br />Count: 35<br />Percent: 4.2", "Category: Variants<br />Count: 33<br />Percent: 4", "Category: Alignment<br />Count: 29<br />Percent: 3.5", "Category: Cell Cycle<br />Count: 18<br />Percent: 2.2", "Category: Alternative Splicing<br />Count: 16<br />Percent: 1.9", "Category: Immune<br />Count: 16<br />Percent: 1.9", "Category: Rare Cells<br />Count: 10<br />Percent: 1.2", "Category: Assembly<br />Count: 7<br />Percent: 0.8", "Category: Allele Specific<br />Count: 6<br />Percent: 0.7", "Category: Stem Cells<br />Count: 6<br />Percent: 0.7", "Category: Modality<br />Count: 5<br />Percent: 0.6", "Category: Transformation<br />Count: 4<br />Percent: 0.5", "Category: Haplotypes<br />Count: 2<br />Percent: 0.2"],
      "type": "bar",
      "marker": {
        "autocolorscale": false,
        "color": "rgba(122,82,199,1)",
        "line": {
          "width": 1.88976377952756,
          "color": "transparent"
        }
      },
      "showlegend": false,
      "xaxis": "x",
      "yaxis": "y",
      "hoverinfo": "text",
      "frame": null
    }
  ],
  "layout": {
    "margin": {
      "t": 50,
      "r": 30,
      "b": 50,
      "l": 70
    },
    "font": {
      "color": "rgba(0,0,0,1)",
      "family": "",
      "size": 18.5969281859693
    },
    "xaxis": {
      "domain": [0, 1],
      "automargin": true,
      "type": "linear",
      "autorange": false,
      "range": [0.4, 32.6],
      "tickmode": "array",
      "ticktext": ["Visualisation", "Clustering", "Dimensionality Reduction", "Integration", "Ordering", "Normalisation", "Classification", "Differential Expression", "Gene Networks", "Quality Control", "Interactive", "Marker Genes", "Imputation", "Gene Sets", "Simulation", "Variable Genes", "Gene Filtering", "Quantification", "UMIs", "Expression Patterns", "Variants", "Alignment", "Cell Cycle", "Alternative Splicing", "Immune", "Rare Cells", "Assembly", "Allele Specific", "Stem Cells", "Modality", "Transformation", "Haplotypes"],
      "tickvals": [1, 2, 3, 4, 5, 6, 7, 8, 9, 10, 11, 12, 13, 14, 15, 16, 17, 18, 19, 20, 21, 22, 23, 24, 25, 26, 27, 28, 29, 30, 31, 32],
      "categoryorder": "array",
      "categoryarray": ["Visualisation", "Clustering", "Dimensionality Reduction", "Integration", "Ordering", "Normalisation", "Classification", "Differential Expression", "Gene Networks", "Quality Control", "Interactive", "Marker Genes", "Imputation", "Gene Sets", "Simulation", "Variable Genes", "Gene Filtering", "Quantification", "UMIs", "Expression Patterns", "Variants", "Alignment", "Cell Cycle", "Alternative Splicing", "Immune", "Rare Cells", "Assembly", "Allele Specific", "Stem Cells", "Modality", "Transformation", "Haplotypes"],
      "nticks": null,
      "ticks": "outside",
      "tickcolor": "rgba(0,0,0,1)",
      "ticklen": 4.64923204649232,
      "tickwidth": 0.66417600664176,
      "showticklabels": true,
      "tickfont": {
        "color": "rgba(0,0,0,1)",
        "family": "",
        "size": 15.9402241594022
      },
      "tickangle": -60,
      "showline": true,
      "linecolor": "rgba(0,0,0,1)",
      "linewidth": 0.66417600664176,
      "showgrid": false,
      "gridcolor": null,
      "gridwidth": 0,
      "zeroline": false,
      "anchor": "y",
      "title": {
        "text": "",
        "font": {
          "color": null,
          "family": null,
          "size": 0
        }
      },
      "hoverformat": ".2f"
    },
    "yaxis": {
      "domain": [0, 1],
      "automargin": true,
      "type": "linear",
      "autorange": false,
      "range": [-0.0216167664670659, 0.453952095808383],
      "tickmode": "array",
      "ticktext": ["0.0%", "10.0%", "20.0%", "30.0%", "40.0%"],
      "tickvals": [0, 0.1, 0.2, 0.3, 0.4],
      "categoryorder": "array",
      "categoryarray": ["0.0%", "10.0%", "20.0%", "30.0%", "40.0%"],
      "nticks": null,
      "ticks": "outside",
      "tickcolor": "rgba(0,0,0,1)",
      "ticklen": 4.64923204649232,
      "tickwidth": 0.66417600664176,
      "showticklabels": true,
      "tickfont": {
        "color": "rgba(0,0,0,1)",
        "family": "",
        "size": 15.9402241594022
      },
      "tickangle": -0,
      "showline": true,
      "linecolor": "rgba(0,0,0,1)",
      "linewidth": 0.66417600664176,
      "showgrid": false,
      "gridcolor": null,
      "gridwidth": 0,
      "zeroline": false,
      "anchor": "x",
      "title": {
        "text": "Percentage of tools",
        "font": {
          "color": "rgba(0,0,0,1)",
          "family": "",
          "size": 18.5969281859693
        }
      },
      "hoverformat": ".2f"
    },
    "shapes": [
      {
        "type": "rect",
        "fillcolor": null,
        "line": {
          "color": null,
          "width": 0,
          "linetype": []
        },
        "yref": "paper",
        "xref": "paper",
        "x0": 0,
        "x1": 1,
        "y0": 0,
        "y1": 1
      }
    ],
    "showlegend": false,
    "legend": {
      "bgcolor": null,
      "bordercolor": null,
      "borderwidth": 0,
      "font": {
        "color": "rgba(0,0,0,1)",
        "family": "",
        "size": 15.9402241594022
      }
    },
    "hovermode": "closest",
    "height": 600,
    "barmode": "relative",
    "autosize": true
  },
  "config": {
    "doubleClick": "reset",
    "showSendToCloud": false,