{
  "data": [
    {
      "orientation": "v",
      "width": [0.95000000000000007, 0.95000000000000018, 0.95000000000000018, 0.94999999999999973, 0.94999999999999929, 0.94999999999999929, 0.94999999999999929, 0.94999999999999929, 0.94999999999999929, 0.94999999999999929, 0.94999999999999929, 0.94999999999999929, 0.94999999999999929, 0.94999999999999929, 0.94999999999999929, 0.95000000000000107, 0.95000000000000284, 0.95000000000000284, 0.95000000000000284, 0.95000000000000284, 0.95000000000000284, 0.95000000000000284, 0.95000000000000284, 0.95000000000000284, 0.95000000000000284, 0.95000000000000284, 0.95000000000000284, 0.95000000000000284, 0.95000000000000284, 0.95000000000000284, 0.95000000000000284, 0.95000000000000284, 0.95000000000000284],
      "base": [0, 0, 0, 0, 0, 0, 0, 0, 0, 0, 0, 0, 0, 0, 0, 0, 0, 0, 0, 0, 0, 0, 0, 0, 0, 0, 0, 0, 0, 0, 0, 0, 0],
      "x": [1, 2, 3, 4, 5, 6, 7, 8, 9, 10, 11, 12, 13, 14, 15, 16, 17, 18, 19, 20, 21, 22, 23, 24, 25, 26, 27, 28, 29, 30, 31, 32, 33],
      "y": [0.41099618943930322, 0.25149700598802394, 0.21611322808927599, 0.16113228089275994, 0.130647795318454, 0.11976047904191617, 0.1110506260206859, 0.097985846488840497, 0.094719651605879154, 0.093086554164398469, 0.084376701143168212, 0.078933043004899298, 0.063690800217746327, 0.061513336962438755, 0.061513336962438755, 0.061513336962438755, 0.060424605334784977, 0.048448557430593356, 0.037561241154055527, 0.032661948829613499, 0.032661948829613499, 0.031028851388132824, 0.029395753946652149, 0.029395753946652149, 0.026129559063690799, 0.021230266739248774, 0.011431682090364725, 0.0065323897659226998, 0.0059880239520958087, 0.0054436581382689168, 0.0043549265106151338, 0.0043549265106151338, 0.0010887316276537834],
      "text": ["Category: Visualisation<br />Count: 755<br />Percent: 41.1", "Category: Dimensionality Reduction<br />Count: 462<br />Percent: 25.1", "Category: Clustering<br />Count: 397<br />Percent: 21.6", "Category: Integration<br />Count: 296<br />Percent: 16.1", "Category: Gene Networks<br />Count: 240<br />Percent: 13.1", "Category: Classification<br />Count: 220<br />Percent: 12", "Category: Ordering<br />Count: 204<br />Percent: 11.1", "Category: Quality Control<br />Count: 180<br />Percent: 9.8", "Category: Normalisation<br />Count: 174<br />Percent: 9.5", "Category: Differential Expression<br />Count: 171<br />Percent: 9.3", "Category: Marker Genes<br />Count: 155<br />Percent: 8.4", "Category: Gene Sets<br />Count: 145<br />Percent: 7.9", "Category: Interactive<br />Count: 117<br />Percent: 6.4", "Category: Imputation<br />Count: 113<br />Percent: 6.2", "Category: Quantification<br />Count: 113<br />Percent: 6.2", "Category: Variable Genes<br />Count: 113<br />Percent: 6.2", "Category: Simulation<br />Count: 111<br />Percent: 6", "Category: Variants<br />Count: 89<br />Percent: 4.8", "Category: Gene Filtering<br />Count: 69<br />Percent: 3.8", "Category: Alignment<br />Count: 60<br />Percent: 3.3", "Category: UMIs<br />Count: 60<br />Percent: 3.3", "Category: Expression Patterns<br />Count: 57<br />Percent: 3.1", "Category: Immune<br />Count: 54<br />Percent: 2.9", "Category: Perturbations<br />Count: 54<br />Percent: 2.9", "Category: Alternative Splicing<br />Count: 48<br />Percent: 2.6", "Category: Cell Cycle<br />Count: 39<br />Percent: 2.1", "Category: Rare Cells<br />Count: 21<br />Percent: 1.1", "Category: Transformation<br />Count: 12<br />Percent: 0.7", "Category: Assembly<br />Count: 11<br />Percent: 0.6", "Category: Stem Cells<br />Count: 10<br />Percent: 0.5", "Category: Allele Specific<br />Count: 8<br />Percent: 0.4", "Category: Modality<br />Count: 8<br />Percent: 0.4", "Category: Haplotypes<br />Count: 2<br />Percent: 0.1"],
      "type": "bar",
      "textposition": "none",
      "marker": {
        "autocolorscale": false,
        "color": "rgba(122,82,199,1)",
        "line": {
          "width": 1.8897637795275593,
          "color": "transparent"
        }
      },
      "showlegend": false,
      "xaxis": "x",
      "yaxis": "y",
      "hoverinfo": "text",
      "frame": null
    }
  ],
  "layout": {
    "margin": {
      "t": 50,
      "r": 30,
      "b": 50,
      "l": 70
    },
    "font": {
      "color": "rgba(0,0,0,1)",
      "family": "",
      "size": 18.596928185969286
    },
    "xaxis": {
      "domain": [0, 1],
      "automargin": true,
      "type": "linear",
      "autorange": false,
      "range": [0.40000000000000002, 33.600000000000001],
      "tickmode": "array",
      "ticktext": ["Visualisation", "Dimensionality Reduction", "Clustering", "Integration", "Gene Networks", "Classification", "Ordering", "Quality Control", "Normalisation", "Differential Expression", "Marker Genes", "Gene Sets", "Interactive", "Imputation", "Quantification", "Variable Genes", "Simulation", "Variants", "Gene Filtering", "Alignment", "UMIs", "Expression Patterns", "Immune", "Perturbations", "Alternative Splicing", "Cell Cycle", "Rare Cells", "Transformation", "Assembly", "Stem Cells", "Allele Specific", "Modality", "Haplotypes"],
      "tickvals": [1, 2, 3, 4, 5, 6, 7, 8, 9, 10, 11, 12, 13, 14, 15, 16, 17, 18, 19, 20, 21, 22, 23, 24, 25, 26, 27, 28, 29, 30, 31, 32, 33],
      "categoryorder": "array",
      "categoryarray": ["Visualisation", "Dimensionality Reduction", "Clustering", "Integration", "Gene Networks", "Classification", "Ordering", "Quality Control", "Normalisation", "Differential Expression", "Marker Genes", "Gene Sets", "Interactive", "Imputation", "Quantification", "Variable Genes", "Simulation", "Variants", "Gene Filtering", "Alignment", "UMIs", "Expression Patterns", "Immune", "Perturbations", "Alternative Splicing", "Cell Cycle", "Rare Cells", "Transformation", "Assembly", "Stem Cells", "Allele Specific", "Modality", "Haplotypes"],
      "nticks": null,
      "ticks": "outside",
      "tickcolor": "rgba(0,0,0,1)",
      "ticklen": 4.6492320464923216,
      "tickwidth": 0.66417600664176002,
      "showticklabels": true,
      "tickfont": {
        "color": "rgba(0,0,0,1)",
        "family": "",
        "size": 15.940224159402241
      },
      "tickangle": -60,
      "showline": true,
      "linecolor": "rgba(0,0,0,1)",
      "linewidth": 0.66417600664176002,
      "showgrid": false,
      "gridcolor": null,
      "gridwidth": 0,
      "zeroline": false,
      "anchor": "y",
      "title": {
        "text": "",
        "font": {
          "color": null,
          "family": null,
          "size": 0
        }
      },
      "hoverformat": ".2f"
    },
    "yaxis": {
      "domain": [0, 1],
      "automargin": true,
      "type": "linear",
      "autorange": false,
      "range": [-0.020549809471965164, 0.43154599891126838],
      "tickmode": "array",
      "ticktext": ["0%", "10%", "20%", "30%", "40%"],
      "tickvals": [0, 0.10000000000000001, 0.20000000000000001, 0.30000000000000004, 0.40000000000000002],
      "categoryorder": "array",
      "categoryarray": ["0%", "10%", "20%", "30%", "40%"],
      "nticks": null,
      "ticks": "outside",
      "tickcolor": "rgba(0,0,0,1)",
      "ticklen": 4.6492320464923216,
      "tickwidth": 0.66417600664176002,
      "showticklabels": true,
      "tickfont": {
        "color": "rgba(0,0,0,1)",
        "family": "",
        "size": 15.940224159402243
      },
      "tickangle": -0,
      "showline": true,
      "linecolor": "rgba(0,0,0,1)",
      "linewidth": 0.66417600664176002,
      "showgrid": false,
      "gridcolor": null,
      "gridwidth": 0,
      "zeroline": false,
      "anchor": "x",
      "title": {
        "text": "Percentage of tools",
        "font": {
          "color": "rgba(0,0,0,1)",
          "family": "",
          "size": 18.596928185969286
        }
      },
      "hoverformat": ".2f"
    },
    "shapes": [
      {
        "type": "rect",
        "fillcolor": null,
        "line": {
          "color": null,
          "width": 0,
          "linetype": []
        },
        "yref": "paper",
        "xref": "paper",