{
  "data": [
    {
      "orientation": "v",
      "width": [0.95, 0.95, 0.95, 0.95, 0.949999999999999, 0.949999999999999, 0.949999999999999, 0.949999999999999, 0.949999999999999, 0.949999999999999, 0.949999999999999, 0.949999999999999, 0.949999999999999, 0.949999999999999, 0.949999999999999, 0.950000000000001, 0.950000000000003, 0.950000000000003, 0.950000000000003, 0.950000000000003, 0.950000000000003, 0.950000000000003, 0.950000000000003, 0.950000000000003, 0.950000000000003, 0.950000000000003, 0.950000000000003, 0.950000000000003, 0.950000000000003, 0.950000000000003, 0.950000000000003, 0.950000000000003, 0.950000000000003],
      "base": [0, 0, 0, 0, 0, 0, 0, 0, 0, 0, 0, 0, 0, 0, 0, 0, 0, 0, 0, 0, 0, 0, 0, 0, 0, 0, 0, 0, 0, 0, 0, 0, 0],
      "x": [1, 2, 3, 4, 5, 6, 7, 8, 9, 10, 11, 12, 13, 14, 15, 16, 17, 18, 19, 20, 21, 22, 23, 24, 25, 26, 27, 28, 29, 30, 31, 32, 33],
      "y": [0.407451212300414, 0.250739207569486, 0.224127735068007, 0.157303370786517, 0.129509166173862, 0.119455943228859, 0.112950916617386, 0.101123595505618, 0.0963926670609107, 0.0952099349497339, 0.0845653459491425, 0.07806031933767, 0.0674157303370786, 0.0632761679479598, 0.0626848018923714, 0.062093435836783, 0.0597279716144293, 0.0461265523358959, 0.0384387936132466, 0.0342992312241277, 0.0331164991129509, 0.0301596688350089, 0.0272028385570668, 0.0248373743347132, 0.0248373743347132, 0.0206978119455943, 0.0112359550561798, 0.00709639266706091, 0.00591366055588409, 0.00532229450029568, 0.00473092844470727, 0.00413956238911887, 0.00118273211117682],
      "text": ["Category: Visualisation<br />Count: 689<br />Percent: 40.7", "Category: Dimensionality Reduction<br />Count: 424<br />Percent: 25.1", "Category: Clustering<br />Count: 379<br />Percent: 22.4", "Category: Integration<br />Count: 266<br />Percent: 15.7", "Category: Gene Networks<br />Count: 219<br />Percent: 13", "Category: Classification<br />Count: 202<br />Percent: 11.9", "Category: Ordering<br />Count: 191<br />Percent: 11.3", "Category: Quality Control<br />Count: 171<br />Percent: 10.1", "Category: Differential Expression<br />Count: 163<br />Percent: 9.6", "Category: Normalisation<br />Count: 161<br />Percent: 9.5", "Category: Marker Genes<br />Count: 143<br />Percent: 8.5", "Category: Gene Sets<br />Count: 132<br />Percent: 7.8", "Category: Interactive<br />Count: 114<br />Percent: 6.7", "Category: Quantification<br />Count: 107<br />Percent: 6.3", "Category: Variable Genes<br />Count: 106<br />Percent: 6.3", "Category: Imputation<br />Count: 105<br />Percent: 6.2", "Category: Simulation<br />Count: 101<br />Percent: 6", "Category: Variants<br />Count: 78<br />Percent: 4.6", "Category: Gene Filtering<br />Count: 65<br />Percent: 3.8", "Category: UMIs<br />Count: 58<br />Percent: 3.4", "Category: Alignment<br />Count: 56<br />Percent: 3.3", "Category: Expression Patterns<br />Count: 51<br />Percent: 3", "Category: Perturbations<br />Count: 46<br />Percent: 2.7", "Category: Alternative Splicing<br />Count: 42<br />Percent: 2.5", "Category: Immune<br />Count: 42<br />Percent: 2.5", "Category: Cell Cycle<br />Count: 35<br />Percent: 2.1", "Category: Rare Cells<br />Count: 19<br />Percent: 1.1", "Category: Transformation<br />Count: 12<br />Percent: 0.7", "Category: Assembly<br />Count: 10<br />Percent: 0.6", "Category: Stem Cells<br />Count: 9<br />Percent: 0.5", "Category: Modality<br />Count: 8<br />Percent: 0.5", "Category: Allele Specific<br />Count: 7<br />Percent: 0.4", "Category: Haplotypes<br />Count: 2<br />Percent: 0.1"],
      "type": "bar",
      "textposition": "none",
      "marker": {
        "autocolorscale": false,
        "color": "rgba(122,82,199,1)",
        "line": {
          "width": 1.88976377952756,
          "color": "transparent"
        }
      },
      "showlegend": false,
      "xaxis": "x",
      "yaxis": "y",
      "hoverinfo": "text",
      "frame": null
    }
  ],
  "layout": {
    "margin": {
      "t": 50,
      "r": 30,
      "b": 50,
      "l": 70
    },
    "font": {
      "color": "rgba(0,0,0,1)",
      "family": "",
      "size": 18.5969281859693
    },
    "xaxis": {
      "domain": [0, 1],
      "automargin": true,
      "type": "linear",
      "autorange": false,
      "range": [0.4, 33.6],
      "tickmode": "array",
      "ticktext": ["Visualisation", "Dimensionality Reduction", "Clustering", "Integration", "Gene Networks", "Classification", "Ordering", "Quality Control", "Differential Expression", "Normalisation", "Marker Genes", "Gene Sets", "Interactive", "Quantification", "Variable Genes", "Imputation", "Simulation", "Variants", "Gene Filtering", "UMIs", "Alignment", "Expression Patterns", "Perturbations", "Alternative Splicing", "Immune", "Cell Cycle", "Rare Cells", "Transformation", "Assembly", "Stem Cells", "Modality", "Allele Specific", "Haplotypes"],
      "tickvals": [1, 2, 3, 4, 5, 6, 7, 8, 9, 10, 11, 12, 13, 14, 15, 16, 17, 18, 19, 20, 21, 22, 23, 24, 25, 26, 27, 28, 29, 30, 31, 32, 33],
      "categoryorder": "array",
      "categoryarray": ["Visualisation", "Dimensionality Reduction", "Clustering", "Integration", "Gene Networks", "Classification", "Ordering", "Quality Control", "Differential Expression", "Normalisation", "Marker Genes", "Gene Sets", "Interactive", "Quantification", "Variable Genes", "Imputation", "Simulation", "Variants", "Gene Filtering", "UMIs", "Alignment", "Expression Patterns", "Perturbations", "Alternative Splicing", "Immune", "Cell Cycle", "Rare Cells", "Transformation", "Assembly", "Stem Cells", "Modality", "Allele Specific", "Haplotypes"],
      "nticks": null,
      "ticks": "outside",
      "tickcolor": "rgba(0,0,0,1)",
      "ticklen": 4.64923204649232,
      "tickwidth": 0.66417600664176,
      "showticklabels": true,
      "tickfont": {
        "color": "rgba(0,0,0,1)",
        "family": "",
        "size": 15.9402241594022
      },
      "tickangle": -60,
      "showline": true,
      "linecolor": "rgba(0,0,0,1)",
      "linewidth": 0.66417600664176,
      "showgrid": false,
      "gridcolor": null,
      "gridwidth": 0,
      "zeroline": false,
      "anchor": "y",
      "title": {
        "text": "",
        "font": {
          "color": null,
          "family": null,
          "size": 0
        }
      },
      "hoverformat": ".2f"
    },
    "yaxis": {
      "domain": [0, 1],
      "automargin": true,
      "type": "linear",
      "autorange": false,
      "range": [-0.0203725606150207, 0.427823772915435],
      "tickmode": "array",
      "ticktext": ["0%", "10%", "20%", "30%", "40%"],
      "tickvals": [0, 0.1, 0.2, 0.3, 0.4],
      "categoryorder": "array",
      "categoryarray": ["0%", "10%", "20%", "30%", "40%"],
      "nticks": null,
      "ticks": "outside",
      "tickcolor": "rgba(0,0,0,1)",
      "ticklen": 4.64923204649232,
      "tickwidth": 0.66417600664176,
      "showticklabels": true,
      "tickfont": {
        "color": "rgba(0,0,0,1)",
        "family": "",
        "size": 15.9402241594022
      },
      "tickangle": -0,
      "showline": true,
      "linecolor": "rgba(0,0,0,1)",
      "linewidth": 0.66417600664176,
      "showgrid": false,
      "gridcolor": null,
      "gridwidth": 0,
      "zeroline": false,
      "anchor": "x",
      "title": {
        "text": "Percentage of tools",
        "font": {
          "color": "rgba(0,0,0,1)",
          "family": "",
          "size": 18.5969281859693
        }
      },
      "hoverformat": ".2f"
    },
    "shapes": [
      {
        "type": "rect",
        "fillcolor": null,
        "line": {
          "color": null,
          "width": 0,
          "linetype": []
        },
        "yref": "paper",
        "xref": "paper",
        "x0": 0,
        "x1": 1,
        "y0": 0,
        "y1": 1
      }
    ],
    "showlegend": false,
    "legend": {
      "bgcolor": null,
      "bordercolor": null,
      "borderwidth": 0,
      "font": {
        "color": "rgba(0,0,0,1)",
        "family": "",
        "size": 15.9402241594022
      }
    },