{
  "data": [
    {
      "orientation": "v",
      "width": [0.95, 0.95, 0.95, 0.95, 0.949999999999999, 0.949999999999999, 0.949999999999999, 0.949999999999999, 0.949999999999999, 0.949999999999999, 0.949999999999999, 0.949999999999999, 0.949999999999999, 0.949999999999999, 0.949999999999999, 0.950000000000001, 0.950000000000003, 0.950000000000003, 0.950000000000003, 0.950000000000003, 0.950000000000003, 0.950000000000003, 0.950000000000003, 0.950000000000003, 0.950000000000003, 0.950000000000003, 0.950000000000003, 0.950000000000003, 0.950000000000003, 0.950000000000003, 0.950000000000003, 0.950000000000003, 0.950000000000003],
      "base": [0, 0, 0, 0, 0, 0, 0, 0, 0, 0, 0, 0, 0, 0, 0, 0, 0, 0, 0, 0, 0, 0, 0, 0, 0, 0, 0, 0, 0, 0, 0, 0, 0],
      "x": [1, 2, 3, 4, 5, 6, 7, 8, 9, 10, 11, 12, 13, 14, 15, 16, 17, 18, 19, 20, 21, 22, 23, 24, 25, 26, 27, 28, 29, 30, 31, 32, 33],
      "y": [0.425196850393701, 0.249718785151856, 0.24859392575928, 0.132733408323959, 0.129358830146232, 0.113610798650169, 0.112485939257593, 0.110236220472441, 0.109111361079865, 0.102362204724409, 0.0922384701912261, 0.0899887514060742, 0.077615298087739, 0.0697412823397075, 0.0697412823397075, 0.062992125984252, 0.0551181102362205, 0.0539932508436445, 0.0427446569178853, 0.0404949381327334, 0.0404949381327334, 0.0348706411698538, 0.0202474690663667, 0.0202474690663667, 0.0191226096737908, 0.0123734533183352, 0.0112485939257593, 0.0078740157480315, 0.00674915635545557, 0.00674915635545557, 0.00562429696287964, 0.00449943757030371, 0.00224971878515186],
      "text": ["Category: Visualisation<br />Prop: 0.425196850<br />Count: 378<br />Percent: 42.5", "Category: Clustering<br />Prop: 0.249718785<br />Count: 222<br />Percent: 25", "Category: Dimensionality Reduction<br />Prop: 0.248593926<br />Count: 221<br />Percent: 24.9", "Category: Integration<br />Prop: 0.132733408<br />Count: 118<br />Percent: 13.3", "Category: Ordering<br />Prop: 0.129358830<br />Count: 115<br />Percent: 12.9", "Category: Normalisation<br />Prop: 0.113610799<br />Count: 101<br />Percent: 11.4", "Category: Differential Expression<br />Prop: 0.112485939<br />Count: 100<br />Percent: 11.2", "Category: Gene Networks<br />Prop: 0.110236220<br />Count: 98<br />Percent: 11", "Category: Classification<br />Prop: 0.109111361<br />Count: 97<br />Percent: 10.9", "Category: Quality Control<br />Prop: 0.102362205<br />Count: 91<br />Percent: 10.2", "Category: Interactive<br />Prop: 0.092238470<br />Count: 82<br />Percent: 9.2", "Category: Marker Genes<br />Prop: 0.089988751<br />Count: 80<br />Percent: 9", "Category: Imputation<br />Prop: 0.077615298<br />Count: 69<br />Percent: 7.8", "Category: Gene Sets<br />Prop: 0.069741282<br />Count: 62<br />Percent: 7", "Category: Simulation<br />Prop: 0.069741282<br />Count: 62<br />Percent: 7", "Category: Variable Genes<br />Prop: 0.062992126<br />Count: 56<br />Percent: 6.3", "Category: Gene Filtering<br />Prop: 0.055118110<br />Count: 49<br />Percent: 5.5", "Category: Quantification<br />Prop: 0.053993251<br />Count: 48<br />Percent: 5.4", "Category: UMIs<br />Prop: 0.042744657<br />Count: 38<br />Percent: 4.3", "Category: Expression Patterns<br />Prop: 0.040494938<br />Count: 36<br />Percent: 4", "Category: Variants<br />Prop: 0.040494938<br />Count: 36<br />Percent: 4", "Category: Alignment<br />Prop: 0.034870641<br />Count: 31<br />Percent: 3.5", "Category: Cell Cycle<br />Prop: 0.020247469<br />Count: 18<br />Percent: 2", "Category: Immune<br />Prop: 0.020247469<br />Count: 18<br />Percent: 2", "Category: Alternative Splicing<br />Prop: 0.019122610<br />Count: 17<br />Percent: 1.9", "Category: Perturbations<br />Prop: 0.012373453<br />Count: 11<br />Percent: 1.2", "Category: Rare Cells<br />Prop: 0.011248594<br />Count: 10<br />Percent: 1.1", "Category: Assembly<br />Prop: 0.007874016<br />Count: 7<br />Percent: 0.8", "Category: Allele Specific<br />Prop: 0.006749156<br />Count: 6<br />Percent: 0.7", "Category: Stem Cells<br />Prop: 0.006749156<br />Count: 6<br />Percent: 0.7", "Category: Modality<br />Prop: 0.005624297<br />Count: 5<br />Percent: 0.6", "Category: Transformation<br />Prop: 0.004499438<br />Count: 4<br />Percent: 0.4", "Category: Haplotypes<br />Prop: 0.002249719<br />Count: 2<br />Percent: 0.2"],
      "type": "bar",
      "marker": {
        "autocolorscale": false,
        "color": "rgba(122,82,199,1)",
        "line": {
          "width": 1.88976377952756,
          "color": "transparent"
        }
      },
      "showlegend": false,
      "xaxis": "x",
      "yaxis": "y",
      "hoverinfo": "text",
      "frame": null
    }
  ],
  "layout": {
    "margin": {
      "t": 0,
      "r": 10,
      "b": 0,
      "l": 55
    },
    "font": {
      "color": "rgba(0,0,0,1)",
      "family": "",
      "size": 18.5969281859693
    },
    "xaxis": {
      "domain": [0, 1],
      "automargin": true,
      "type": "linear",
      "autorange": false,
      "range": [0.4, 33.6],
      "tickmode": "array",
      "ticktext": ["Visualisation", "Clustering", "Dimensionality Reduction", "Integration", "Ordering", "Normalisation", "Differential Expression", "Gene Networks", "Classification", "Quality Control", "Interactive", "Marker Genes", "Imputation", "Gene Sets", "Simulation", "Variable Genes", "Gene Filtering", "Quantification", "UMIs", "Expression Patterns", "Variants", "Alignment", "Cell Cycle", "Immune", "Alternative Splicing", "Perturbations", "Rare Cells", "Assembly", "Allele Specific", "Stem Cells", "Modality", "Transformation", "Haplotypes"],
      "tickvals": [1, 2, 3, 4, 5, 6, 7, 8, 9, 10, 11, 12, 13, 14, 15, 16, 17, 18, 19, 20, 21, 22, 23, 24, 25, 26, 27, 28, 29, 30, 31, 32, 33],
      "categoryorder": "array",
      "categoryarray": ["Visualisation", "Clustering", "Dimensionality Reduction", "Integration", "Ordering", "Normalisation", "Differential Expression", "Gene Networks", "Classification", "Quality Control", "Interactive", "Marker Genes", "Imputation", "Gene Sets", "Simulation", "Variable Genes", "Gene Filtering", "Quantification", "UMIs", "Expression Patterns", "Variants", "Alignment", "Cell Cycle", "Immune", "Alternative Splicing", "Perturbations", "Rare Cells", "Assembly", "Allele Specific", "Stem Cells", "Modality", "Transformation", "Haplotypes"],
      "nticks": null,
      "ticks": "outside",
      "tickcolor": "rgba(0,0,0,1)",
      "ticklen": 4.64923204649232,
      "tickwidth": 0.66417600664176,
      "showticklabels": true,
      "tickfont": {
        "color": "rgba(0,0,0,1)",
        "family": "",
        "size": 7
      },
      "tickangle": -60,
      "showline": true,
      "linecolor": "rgba(0,0,0,1)",
      "linewidth": 0.66417600664176,
      "showgrid": false,
      "gridcolor": null,
      "gridwidth": 0,
      "zeroline": false,
      "anchor": "y",
      "title": {
        "text": "",
        "font": {
          "color": null,
          "family": null,
          "size": 9
        }
      },
      "hoverformat": ".2f",
      "fixedrange": true
    },
    "yaxis": {
      "domain": [0, 1],
      "automargin": true,
      "type": "linear",
      "autorange": false,
      "range": [-0.021259842519685, 0.446456692913386],
      "tickmode": "array",
      "ticktext": ["0.0%", "10.0%", "20.0%", "30.0%", "40.0%"],
      "tickvals": [0, 0.1, 0.2, 0.3, 0.4],
      "categoryorder": "array",
      "categoryarray": ["0.0%", "10.0%", "20.0%", "30.0%", "40.0%"],
      "nticks": null,
      "ticks": "outside",
      "tickcolor": "rgba(0,0,0,1)",
      "ticklen": 4.64923204649232,
      "tickwidth": 0.66417600664176,
      "showticklabels": true,
      "tickfont": {
        "color": "rgba(0,0,0,1)",
        "family": "",
        "size": 7
      },
      "tickangle": -0,
      "showline": true,
      "linecolor": "rgba(0,0,0,1)",
      "linewidth": 0.66417600664176,
      "showgrid": false,
      "gridcolor": null,
      "gridwidth": 0,
      "zeroline": false,
      "anchor": "x",
      "title": {
        "text": "Percentage of tools",