{
  "data": [
    {
      "orientation": "v",
      "width": [0.95, 0.95, 0.95, 0.95, 0.949999999999999, 0.949999999999999, 0.949999999999999, 0.949999999999999, 0.949999999999999, 0.949999999999999, 0.949999999999999, 0.949999999999999, 0.949999999999999, 0.949999999999999, 0.949999999999999, 0.950000000000001, 0.950000000000003, 0.950000000000003, 0.950000000000003, 0.950000000000003, 0.950000000000003, 0.950000000000003, 0.950000000000003, 0.950000000000003, 0.950000000000003, 0.950000000000003, 0.950000000000003, 0.950000000000003, 0.950000000000003, 0.950000000000003, 0.950000000000003, 0.950000000000003, 0.950000000000003],
      "base": [0, 0, 0, 0, 0, 0, 0, 0, 0, 0, 0, 0, 0, 0, 0, 0, 0, 0, 0, 0, 0, 0, 0, 0, 0, 0, 0, 0, 0, 0, 0, 0, 0],
      "x": [1, 2, 3, 4, 5, 6, 7, 8, 9, 10, 11, 12, 13, 14, 15, 16, 17, 18, 19, 20, 21, 22, 23, 24, 25, 26, 27, 28, 29, 30, 31, 32, 33],
      "y": [0.408912188728702, 0.245085190039318, 0.231979030144168, 0.152686762778506, 0.126474442988204, 0.117300131061599, 0.113368283093054, 0.101572739187418, 0.0982961992136304, 0.0976408912188729, 0.0838794233289646, 0.0740498034076016, 0.0668414154652687, 0.063564875491481, 0.0622542595019659, 0.0615989515072084, 0.0609436435124509, 0.0465268676277851, 0.0412844036697248, 0.0347313237221494, 0.0347313237221494, 0.0301441677588467, 0.0262123197903014, 0.0255570117955439, 0.0222804718217562, 0.0209698558322412, 0.0124508519003932, 0.00655307994757536, 0.00589777195281782, 0.00524246395806029, 0.00458715596330275, 0.00458715596330275, 0.00131061598951507],
      "text": ["Category: Visualisation<br />Prop: 0.408912189<br />Count: 624<br />Percent: 40.9", "Category: Dimensionality Reduction<br />Prop: 0.245085190<br />Count: 374<br />Percent: 24.5", "Category: Clustering<br />Prop: 0.231979030<br />Count: 354<br />Percent: 23.2", "Category: Integration<br />Prop: 0.152686763<br />Count: 233<br />Percent: 15.3", "Category: Gene Networks<br />Prop: 0.126474443<br />Count: 193<br />Percent: 12.6", "Category: Classification<br />Prop: 0.117300131<br />Count: 179<br />Percent: 11.7", "Category: Ordering<br />Prop: 0.113368283<br />Count: 173<br />Percent: 11.3", "Category: Quality Control<br />Prop: 0.101572739<br />Count: 155<br />Percent: 10.2", "Category: Normalisation<br />Prop: 0.098296199<br />Count: 150<br />Percent: 9.8", "Category: Differential Expression<br />Prop: 0.097640891<br />Count: 149<br />Percent: 9.8", "Category: Marker Genes<br />Prop: 0.083879423<br />Count: 128<br />Percent: 8.4", "Category: Gene Sets<br />Prop: 0.074049803<br />Count: 113<br />Percent: 7.4", "Category: Interactive<br />Prop: 0.066841415<br />Count: 102<br />Percent: 6.7", "Category: Imputation<br />Prop: 0.063564875<br />Count: 97<br />Percent: 6.4", "Category: Quantification<br />Prop: 0.062254260<br />Count: 95<br />Percent: 6.2", "Category: Variable Genes<br />Prop: 0.061598952<br />Count: 94<br />Percent: 6.2", "Category: Simulation<br />Prop: 0.060943644<br />Count: 93<br />Percent: 6.1", "Category: Variants<br />Prop: 0.046526868<br />Count: 71<br />Percent: 4.7", "Category: Gene Filtering<br />Prop: 0.041284404<br />Count: 63<br />Percent: 4.1", "Category: Alignment<br />Prop: 0.034731324<br />Count: 53<br />Percent: 3.5", "Category: UMIs<br />Prop: 0.034731324<br />Count: 53<br />Percent: 3.5", "Category: Expression Patterns<br />Prop: 0.030144168<br />Count: 46<br />Percent: 3", "Category: Alternative Splicing<br />Prop: 0.026212320<br />Count: 40<br />Percent: 2.6", "Category: Immune<br />Prop: 0.025557012<br />Count: 39<br />Percent: 2.6", "Category: Perturbations<br />Prop: 0.022280472<br />Count: 34<br />Percent: 2.2", "Category: Cell Cycle<br />Prop: 0.020969856<br />Count: 32<br />Percent: 2.1", "Category: Rare Cells<br />Prop: 0.012450852<br />Count: 19<br />Percent: 1.2", "Category: Assembly<br />Prop: 0.006553080<br />Count: 10<br />Percent: 0.7", "Category: Transformation<br />Prop: 0.005897772<br />Count: 9<br />Percent: 0.6", "Category: Stem Cells<br />Prop: 0.005242464<br />Count: 8<br />Percent: 0.5", "Category: Allele Specific<br />Prop: 0.004587156<br />Count: 7<br />Percent: 0.5", "Category: Modality<br />Prop: 0.004587156<br />Count: 7<br />Percent: 0.5", "Category: Haplotypes<br />Prop: 0.001310616<br />Count: 2<br />Percent: 0.1"],
      "type": "bar",
      "textposition": "none",
      "marker": {
        "autocolorscale": false,
        "color": "rgba(122,82,199,1)",
        "line": {
          "width": 1.88976377952756,
          "color": "transparent"
        }
      },
      "showlegend": false,
      "xaxis": "x",
      "yaxis": "y",
      "hoverinfo": "text",
      "frame": null
    }
  ],
  "layout": {
    "margin": {
      "t": 0,
      "r": 10,
      "b": 0,
      "l": 55
    },
    "font": {
      "color": "rgba(0,0,0,1)",
      "family": "",
      "size": 18.5969281859693
    },
    "xaxis": {
      "domain": [0, 1],
      "automargin": true,
      "type": "linear",
      "autorange": false,
      "range": [0.4, 33.6],
      "tickmode": "array",
      "ticktext": ["Visualisation", "Dimensionality Reduction", "Clustering", "Integration", "Gene Networks", "Classification", "Ordering", "Quality Control", "Normalisation", "Differential Expression", "Marker Genes", "Gene Sets", "Interactive", "Imputation", "Quantification", "Variable Genes", "Simulation", "Variants", "Gene Filtering", "Alignment", "UMIs", "Expression Patterns", "Alternative Splicing", "Immune", "Perturbations", "Cell Cycle", "Rare Cells", "Assembly", "Transformation", "Stem Cells", "Allele Specific", "Modality", "Haplotypes"],
      "tickvals": [1, 2, 3, 4, 5, 6, 7, 8, 9, 10, 11, 12, 13, 14, 15, 16, 17, 18, 19, 20, 21, 22, 23, 24, 25, 26, 27, 28, 29, 30, 31, 32, 33],
      "categoryorder": "array",
      "categoryarray": ["Visualisation", "Dimensionality Reduction", "Clustering", "Integration", "Gene Networks", "Classification", "Ordering", "Quality Control", "Normalisation", "Differential Expression", "Marker Genes", "Gene Sets", "Interactive", "Imputation", "Quantification", "Variable Genes", "Simulation", "Variants", "Gene Filtering", "Alignment", "UMIs", "Expression Patterns", "Alternative Splicing", "Immune", "Perturbations", "Cell Cycle", "Rare Cells", "Assembly", "Transformation", "Stem Cells", "Allele Specific", "Modality", "Haplotypes"],
      "nticks": null,
      "ticks": "outside",
      "tickcolor": "rgba(0,0,0,1)",
      "ticklen": 4.64923204649232,
      "tickwidth": 0.66417600664176,
      "showticklabels": true,
      "tickfont": {
        "color": "rgba(0,0,0,1)",
        "family": "",
        "size": 7
      },
      "tickangle": -60,
      "showline": true,
      "linecolor": "rgba(0,0,0,1)",
      "linewidth": 0.66417600664176,
      "showgrid": false,
      "gridcolor": null,
      "gridwidth": 0,
      "zeroline": false,
      "anchor": "y",
      "title": {
        "text": "",
        "font": {
          "color": null,
          "family": null,
          "size": 9
        }
      },
      "hoverformat": ".2f",
      "fixedrange": true
    },
    "yaxis": {
      "domain": [0, 1],
      "automargin": true,
      "type": "linear",
      "autorange": false,
      "range": [-0.0204456094364351, 0.429357798165138],
      "tickmode": "array",
      "ticktext": ["0%", "10%", "20%", "30%", "40%"],
      "tickvals": [0, 0.1, 0.2, 0.3, 0.4],
      "categoryorder": "array",
      "categoryarray": ["0%", "10%", "20%", "30%", "40%"],
      "nticks": null,
      "ticks": "outside",
      "tickcolor": "rgba(0,0,0,1)",
      "ticklen": 4.64923204649232,
      "tickwidth": 0.66417600664176,
      "showticklabels": true,
      "tickfont": {
        "color": "rgba(0,0,0,1)",
        "family": "",
        "size": 7
      },
      "tickangle": -0,
      "showline": true,
      "linecolor": "rgba(0,0,0,1)",
      "linewidth": 0.66417600664176,
      "showgrid": false,
      "gridcolor": null,
      "gridwidth": 0,
      "zeroline": false,
      "anchor": "x",