{
  "data": [
    {
      "orientation": "v",
      "width": [0.95, 0.95, 0.95, 0.95, 0.949999999999999, 0.949999999999999, 0.949999999999999, 0.949999999999999, 0.949999999999999, 0.949999999999999, 0.949999999999999, 0.949999999999999, 0.949999999999999, 0.949999999999999, 0.949999999999999, 0.950000000000001, 0.950000000000003, 0.950000000000003, 0.950000000000003, 0.950000000000003, 0.950000000000003, 0.950000000000003, 0.950000000000003, 0.950000000000003, 0.950000000000003, 0.950000000000003, 0.950000000000003, 0.950000000000003, 0.950000000000003, 0.950000000000003, 0.950000000000003, 0.950000000000003, 0.950000000000003],
      "base": [0, 0, 0, 0, 0, 0, 0, 0, 0, 0, 0, 0, 0, 0, 0, 0, 0, 0, 0, 0, 0, 0, 0, 0, 0, 0, 0, 0, 0, 0, 0, 0, 0],
      "x": [1, 2, 3, 4, 5, 6, 7, 8, 9, 10, 11, 12, 13, 14, 15, 16, 17, 18, 19, 20, 21, 22, 23, 24, 25, 26, 27, 28, 29, 30, 31, 32, 33],
      "y": [0.411357340720222, 0.240997229916898, 0.238227146814404, 0.149584487534626, 0.127423822714681, 0.115650969529086, 0.114265927977839, 0.101108033240997, 0.0976454293628809, 0.0969529085872576, 0.0831024930747922, 0.0713296398891967, 0.0685595567867036, 0.064404432132964, 0.0630193905817174, 0.0595567867036011, 0.0581717451523546, 0.0457063711911357, 0.0429362880886427, 0.0367036011080332, 0.0367036011080332, 0.0318559556786704, 0.0263157894736842, 0.0256232686980609, 0.0207756232686981, 0.0200831024930748, 0.0131578947368421, 0.00692520775623269, 0.00623268698060942, 0.00554016620498615, 0.00484764542936288, 0.00484764542936288, 0.00138504155124654],
      "text": ["Category: Visualisation<br />Count: 594<br />Percent: 41.1", "Category: Dimensionality Reduction<br />Count: 348<br />Percent: 24.1", "Category: Clustering<br />Count: 344<br />Percent: 23.8", "Category: Integration<br />Count: 216<br />Percent: 15", "Category: Gene Networks<br />Count: 184<br />Percent: 12.7", "Category: Classification<br />Count: 167<br />Percent: 11.6", "Category: Ordering<br />Count: 165<br />Percent: 11.4", "Category: Quality Control<br />Count: 146<br />Percent: 10.1", "Category: Differential Expression<br />Count: 141<br />Percent: 9.8", "Category: Normalisation<br />Count: 140<br />Percent: 9.7", "Category: Marker Genes<br />Count: 120<br />Percent: 8.3", "Category: Gene Sets<br />Count: 103<br />Percent: 7.1", "Category: Interactive<br />Count: 99<br />Percent: 6.9", "Category: Imputation<br />Count: 93<br />Percent: 6.4", "Category: Quantification<br />Count: 91<br />Percent: 6.3", "Category: Simulation<br />Count: 86<br />Percent: 6", "Category: Variable Genes<br />Count: 84<br />Percent: 5.8", "Category: Variants<br />Count: 66<br />Percent: 4.6", "Category: Gene Filtering<br />Count: 62<br />Percent: 4.3", "Category: Alignment<br />Count: 53<br />Percent: 3.7", "Category: UMIs<br />Count: 53<br />Percent: 3.7", "Category: Expression Patterns<br />Count: 46<br />Percent: 3.2", "Category: Alternative Splicing<br />Count: 38<br />Percent: 2.6", "Category: Immune<br />Count: 37<br />Percent: 2.6", "Category: Perturbations<br />Count: 30<br />Percent: 2.1", "Category: Cell Cycle<br />Count: 29<br />Percent: 2", "Category: Rare Cells<br />Count: 19<br />Percent: 1.3", "Category: Assembly<br />Count: 10<br />Percent: 0.7", "Category: Transformation<br />Count: 9<br />Percent: 0.6", "Category: Stem Cells<br />Count: 8<br />Percent: 0.6", "Category: Allele Specific<br />Count: 7<br />Percent: 0.5", "Category: Modality<br />Count: 7<br />Percent: 0.5", "Category: Haplotypes<br />Count: 2<br />Percent: 0.1"],
      "type": "bar",
      "textposition": "none",
      "marker": {
        "autocolorscale": false,
        "color": "rgba(122,82,199,1)",
        "line": {
          "width": 1.88976377952756,
          "color": "transparent"
        }
      },
      "showlegend": false,
      "xaxis": "x",
      "yaxis": "y",
      "hoverinfo": "text",
      "frame": null
    }
  ],
  "layout": {
    "margin": {
      "t": 50,
      "r": 30,
      "b": 50,
      "l": 70
    },
    "font": {
      "color": "rgba(0,0,0,1)",
      "family": "",
      "size": 18.5969281859693
    },
    "xaxis": {
      "domain": [0, 1],
      "automargin": true,
      "type": "linear",
      "autorange": false,
      "range": [0.4, 33.6],
      "tickmode": "array",
      "ticktext": ["Visualisation", "Dimensionality Reduction", "Clustering", "Integration", "Gene Networks", "Classification", "Ordering", "Quality Control", "Differential Expression", "Normalisation", "Marker Genes", "Gene Sets", "Interactive", "Imputation", "Quantification", "Simulation", "Variable Genes", "Variants", "Gene Filtering", "Alignment", "UMIs", "Expression Patterns", "Alternative Splicing", "Immune", "Perturbations", "Cell Cycle", "Rare Cells", "Assembly", "Transformation", "Stem Cells", "Allele Specific", "Modality", "Haplotypes"],
      "tickvals": [1, 2, 3, 4, 5, 6, 7, 8, 9, 10, 11, 12, 13, 14, 15, 16, 17, 18, 19, 20, 21, 22, 23, 24, 25, 26, 27, 28, 29, 30, 31, 32, 33],
      "categoryorder": "array",
      "categoryarray": ["Visualisation", "Dimensionality Reduction", "Clustering", "Integration", "Gene Networks", "Classification", "Ordering", "Quality Control", "Differential Expression", "Normalisation", "Marker Genes", "Gene Sets", "Interactive", "Imputation", "Quantification", "Simulation", "Variable Genes", "Variants", "Gene Filtering", "Alignment", "UMIs", "Expression Patterns", "Alternative Splicing", "Immune", "Perturbations", "Cell Cycle", "Rare Cells", "Assembly", "Transformation", "Stem Cells", "Allele Specific", "Modality", "Haplotypes"],
      "nticks": null,
      "ticks": "outside",
      "tickcolor": "rgba(0,0,0,1)",
      "ticklen": 4.64923204649232,
      "tickwidth": 0.66417600664176,
      "showticklabels": true,
      "tickfont": {
        "color": "rgba(0,0,0,1)",
        "family": "",
        "size": 15.9402241594022
      },
      "tickangle": -60,
      "showline": true,
      "linecolor": "rgba(0,0,0,1)",
      "linewidth": 0.66417600664176,
      "showgrid": false,
      "gridcolor": null,
      "gridwidth": 0,
      "zeroline": false,
      "anchor": "y",
      "title": {
        "text": "",
        "font": {
          "color": null,
          "family": null,
          "size": 0
        }
      },
      "hoverformat": ".2f"
    },
    "yaxis": {
      "domain": [0, 1],
      "automargin": true,
      "type": "linear",
      "autorange": false,
      "range": [-0.0205678670360111, 0.431925207756233],
      "tickmode": "array",
      "ticktext": ["0%", "10%", "20%", "30%", "40%"],
      "tickvals": [0, 0.1, 0.2, 0.3, 0.4],
      "categoryorder": "array",
      "categoryarray": ["0%", "10%", "20%", "30%", "40%"],
      "nticks": null,
      "ticks": "outside",
      "tickcolor": "rgba(0,0,0,1)",
      "ticklen": 4.64923204649232,
      "tickwidth": 0.66417600664176,
      "showticklabels": true,
      "tickfont": {
        "color": "rgba(0,0,0,1)",
        "family": "",
        "size": 15.9402241594022
      },
      "tickangle": -0,
      "showline": true,
      "linecolor": "rgba(0,0,0,1)",
      "linewidth": 0.66417600664176,
      "showgrid": false,
      "gridcolor": null,
      "gridwidth": 0,
      "zeroline": false,
      "anchor": "x",
      "title": {
        "text": "Percentage of tools",
        "font": {
          "color": "rgba(0,0,0,1)",
          "family": "",
          "size": 18.5969281859693
        }
      },
      "hoverformat": ".2f"
    },
    "shapes": [
      {
        "type": "rect",
        "fillcolor": null,
        "line": {
          "color": null,
          "width": 0,
          "linetype": []
        },
        "yref": "paper",
        "xref": "paper",
        "x0": 0,
        "x1": 1,
        "y0": 0,
        "y1": 1
      }
    ],
    "showlegend": false,
    "legend": {
      "bgcolor": null,
      "bordercolor": null,
      "borderwidth": 0,
      "font": {
        "color": "rgba(0,0,0,1)",
        "family": "",
        "size": 15.9402241594022
      }
    },