{
  "data": [
    {
      "orientation": "v",
      "width": [0.95, 0.95, 0.95, 0.95, 0.949999999999999, 0.949999999999999, 0.949999999999999, 0.949999999999999, 0.949999999999999, 0.949999999999999, 0.949999999999999, 0.949999999999999, 0.949999999999999, 0.949999999999999, 0.949999999999999, 0.950000000000001, 0.950000000000003, 0.950000000000003, 0.950000000000003, 0.950000000000003, 0.950000000000003, 0.950000000000003, 0.950000000000003, 0.950000000000003, 0.950000000000003, 0.950000000000003, 0.950000000000003, 0.950000000000003, 0.950000000000003, 0.950000000000003, 0.950000000000003, 0.950000000000003, 0.950000000000003],
      "base": [0, 0, 0, 0, 0, 0, 0, 0, 0, 0, 0, 0, 0, 0, 0, 0, 0, 0, 0, 0, 0, 0, 0, 0, 0, 0, 0, 0, 0, 0, 0, 0, 0],
      "x": [1, 2, 3, 4, 5, 6, 7, 8, 9, 10, 11, 12, 13, 14, 15, 16, 17, 18, 19, 20, 21, 22, 23, 24, 25, 26, 27, 28, 29, 30, 31, 32, 33],
      "y": [0.41248097412481, 0.240487062404871, 0.23820395738204, 0.143835616438356, 0.122526636225266, 0.115677321156773, 0.114155251141553, 0.102739726027397, 0.100456621004566, 0.0989345509893455, 0.0852359208523592, 0.0722983257229833, 0.0692541856925419, 0.0654490106544901, 0.0631659056316591, 0.060882800608828, 0.0601217656012177, 0.0449010654490107, 0.0410958904109589, 0.0350076103500761, 0.0334855403348554, 0.0327245053272451, 0.0266362252663623, 0.0228310502283105, 0.0213089802130898, 0.0197869101978691, 0.012937595129376, 0.00684931506849315, 0.0060882800608828, 0.0060882800608828, 0.00532724505327245, 0.0045662100456621, 0.0015220700152207],
      "text": ["Category: Visualisation<br />Prop: 0.412480974<br />Count: 542<br />Percent: 41.2", "Category: Clustering<br />Prop: 0.240487062<br />Count: 316<br />Percent: 24", "Category: Dimensionality Reduction<br />Prop: 0.238203957<br />Count: 313<br />Percent: 23.8", "Category: Integration<br />Prop: 0.143835616<br />Count: 189<br />Percent: 14.4", "Category: Gene Networks<br />Prop: 0.122526636<br />Count: 161<br />Percent: 12.3", "Category: Classification<br />Prop: 0.115677321<br />Count: 152<br />Percent: 11.6", "Category: Ordering<br />Prop: 0.114155251<br />Count: 150<br />Percent: 11.4", "Category: Differential Expression<br />Prop: 0.102739726<br />Count: 135<br />Percent: 10.3", "Category: Quality Control<br />Prop: 0.100456621<br />Count: 132<br />Percent: 10", "Category: Normalisation<br />Prop: 0.098934551<br />Count: 130<br />Percent: 9.9", "Category: Marker Genes<br />Prop: 0.085235921<br />Count: 112<br />Percent: 8.5", "Category: Interactive<br />Prop: 0.072298326<br />Count: 95<br />Percent: 7.2", "Category: Gene Sets<br />Prop: 0.069254186<br />Count: 91<br />Percent: 6.9", "Category: Imputation<br />Prop: 0.065449011<br />Count: 86<br />Percent: 6.5", "Category: Simulation<br />Prop: 0.063165906<br />Count: 83<br />Percent: 6.3", "Category: Quantification<br />Prop: 0.060882801<br />Count: 80<br />Percent: 6.1", "Category: Variable Genes<br />Prop: 0.060121766<br />Count: 79<br />Percent: 6", "Category: Gene Filtering<br />Prop: 0.044901065<br />Count: 59<br />Percent: 4.5", "Category: Variants<br />Prop: 0.041095890<br />Count: 54<br />Percent: 4.1", "Category: Alignment<br />Prop: 0.035007610<br />Count: 46<br />Percent: 3.5", "Category: UMIs<br />Prop: 0.033485540<br />Count: 44<br />Percent: 3.3", "Category: Expression Patterns<br />Prop: 0.032724505<br />Count: 43<br />Percent: 3.3", "Category: Alternative Splicing<br />Prop: 0.026636225<br />Count: 35<br />Percent: 2.7", "Category: Immune<br />Prop: 0.022831050<br />Count: 30<br />Percent: 2.3", "Category: Cell Cycle<br />Prop: 0.021308980<br />Count: 28<br />Percent: 2.1", "Category: Perturbations<br />Prop: 0.019786910<br />Count: 26<br />Percent: 2", "Category: Rare Cells<br />Prop: 0.012937595<br />Count: 17<br />Percent: 1.3", "Category: Assembly<br />Prop: 0.006849315<br />Count: 9<br />Percent: 0.7", "Category: Stem Cells<br />Prop: 0.006088280<br />Count: 8<br />Percent: 0.6", "Category: Transformation<br />Prop: 0.006088280<br />Count: 8<br />Percent: 0.6", "Category: Modality<br />Prop: 0.005327245<br />Count: 7<br />Percent: 0.5", "Category: Allele Specific<br />Prop: 0.004566210<br />Count: 6<br />Percent: 0.5", "Category: Haplotypes<br />Prop: 0.001522070<br />Count: 2<br />Percent: 0.2"],
      "type": "bar",
      "textposition": "none",
      "marker": {
        "autocolorscale": false,
        "color": "rgba(122,82,199,1)",
        "line": {
          "width": 1.88976377952756,
          "color": "transparent"
        }
      },
      "showlegend": false,
      "xaxis": "x",
      "yaxis": "y",
      "hoverinfo": "text",
      "frame": null
    }
  ],
  "layout": {
    "margin": {
      "t": 0,
      "r": 10,
      "b": 0,
      "l": 55
    },
    "font": {
      "color": "rgba(0,0,0,1)",
      "family": "",
      "size": 18.5969281859693
    },
    "xaxis": {
      "domain": [0, 1],
      "automargin": true,
      "type": "linear",
      "autorange": false,
      "range": [0.4, 33.6],
      "tickmode": "array",
      "ticktext": ["Visualisation", "Clustering", "Dimensionality Reduction", "Integration", "Gene Networks", "Classification", "Ordering", "Differential Expression", "Quality Control", "Normalisation", "Marker Genes", "Interactive", "Gene Sets", "Imputation", "Simulation", "Quantification", "Variable Genes", "Gene Filtering", "Variants", "Alignment", "UMIs", "Expression Patterns", "Alternative Splicing", "Immune", "Cell Cycle", "Perturbations", "Rare Cells", "Assembly", "Stem Cells", "Transformation", "Modality", "Allele Specific", "Haplotypes"],
      "tickvals": [1, 2, 3, 4, 5, 6, 7, 8, 9, 10, 11, 12, 13, 14, 15, 16, 17, 18, 19, 20, 21, 22, 23, 24, 25, 26, 27, 28, 29, 30, 31, 32, 33],
      "categoryorder": "array",
      "categoryarray": ["Visualisation", "Clustering", "Dimensionality Reduction", "Integration", "Gene Networks", "Classification", "Ordering", "Differential Expression", "Quality Control", "Normalisation", "Marker Genes", "Interactive", "Gene Sets", "Imputation", "Simulation", "Quantification", "Variable Genes", "Gene Filtering", "Variants", "Alignment", "UMIs", "Expression Patterns", "Alternative Splicing", "Immune", "Cell Cycle", "Perturbations", "Rare Cells", "Assembly", "Stem Cells", "Transformation", "Modality", "Allele Specific", "Haplotypes"],
      "nticks": null,
      "ticks": "outside",
      "tickcolor": "rgba(0,0,0,1)",
      "ticklen": 4.64923204649232,
      "tickwidth": 0.66417600664176,
      "showticklabels": true,
      "tickfont": {
        "color": "rgba(0,0,0,1)",
        "family": "",
        "size": 7
      },
      "tickangle": -60,
      "showline": true,
      "linecolor": "rgba(0,0,0,1)",
      "linewidth": 0.66417600664176,
      "showgrid": false,
      "gridcolor": null,
      "gridwidth": 0,
      "zeroline": false,
      "anchor": "y",
      "title": {
        "text": "",
        "font": {
          "color": null,
          "family": null,
          "size": 9
        }
      },
      "hoverformat": ".2f",
      "fixedrange": true
    },
    "yaxis": {
      "domain": [0, 1],
      "automargin": true,
      "type": "linear",
      "autorange": false,
      "range": [-0.0206240487062405, 0.43310502283105],
      "tickmode": "array",
      "ticktext": ["0%", "10%", "20%", "30%", "40%"],
      "tickvals": [0, 0.1, 0.2, 0.3, 0.4],
      "categoryorder": "array",
      "categoryarray": ["0%", "10%", "20%", "30%", "40%"],
      "nticks": null,
      "ticks": "outside",
      "tickcolor": "rgba(0,0,0,1)",
      "ticklen": 4.64923204649232,
      "tickwidth": 0.66417600664176,
      "showticklabels": true,
      "tickfont": {
        "color": "rgba(0,0,0,1)",
        "family": "",
        "size": 7
      },
      "tickangle": -0,
      "showline": true,
      "linecolor": "rgba(0,0,0,1)",
      "linewidth": 0.66417600664176,
      "showgrid": false,
      "gridcolor": null,
      "gridwidth": 0,
      "zeroline": false,
      "anchor": "x",