{
  "data": [
    {
      "orientation": "v",
      "width": [0.95, 0.95, 0.95, 0.95, 0.949999999999999, 0.949999999999999, 0.949999999999999, 0.949999999999999, 0.949999999999999, 0.949999999999999, 0.949999999999999, 0.949999999999999, 0.949999999999999, 0.949999999999999, 0.949999999999999, 0.950000000000001, 0.950000000000003, 0.950000000000003, 0.950000000000003, 0.950000000000003, 0.950000000000003, 0.950000000000003, 0.950000000000003, 0.950000000000003, 0.950000000000003, 0.950000000000003, 0.950000000000003, 0.950000000000003, 0.950000000000003, 0.950000000000003, 0.950000000000003, 0.950000000000003],
      "base": [0, 0, 0, 0, 0, 0, 0, 0, 0, 0, 0, 0, 0, 0, 0, 0, 0, 0, 0, 0, 0, 0, 0, 0, 0, 0, 0, 0, 0, 0, 0, 0],
      "x": [1, 2, 3, 4, 5, 6, 7, 8, 9, 10, 11, 12, 13, 14, 15, 16, 17, 18, 19, 20, 21, 22, 23, 24, 25, 26, 27, 28, 29, 30, 31, 32],
      "y": [0.4625, 0.266071428571429, 0.253571428571429, 0.153571428571429, 0.15, 0.121428571428571, 0.121428571428571, 0.119642857142857, 0.108928571428571, 0.107142857142857, 0.103571428571429, 0.0892857142857143, 0.0821428571428571, 0.0803571428571429, 0.0767857142857143, 0.0732142857142857, 0.0714285714285714, 0.0642857142857143, 0.0553571428571429, 0.0535714285714286, 0.0392857142857143, 0.0392857142857143, 0.0267857142857143, 0.0196428571428571, 0.0196428571428571, 0.0142857142857143, 0.0107142857142857, 0.00892857142857143, 0.00892857142857143, 0.00714285714285714, 0.00714285714285714, 0.00357142857142857],
      "text": ["Category: Visualisation<br />Prop: 0.462500000<br />Count: 259<br />Percent: 46.2", "Category: Clustering<br />Prop: 0.266071429<br />Count: 149<br />Percent: 26.6", "Category: Dimensionality Reduction<br />Prop: 0.253571429<br />Count: 142<br />Percent: 25.4", "Category: Normalisation<br />Prop: 0.153571429<br />Count: 86<br />Percent: 15.4", "Category: Ordering<br />Prop: 0.150000000<br />Count: 84<br />Percent: 15", "Category: Interactive<br />Prop: 0.121428571<br />Count: 68<br />Percent: 12.1", "Category: Quality Control<br />Prop: 0.121428571<br />Count: 68<br />Percent: 12.1", "Category: Differential Expression<br />Prop: 0.119642857<br />Count: 67<br />Percent: 12", "Category: Gene Networks<br />Prop: 0.108928571<br />Count: 61<br />Percent: 10.9", "Category: Integration<br />Prop: 0.107142857<br />Count: 60<br />Percent: 10.7", "Category: Marker Genes<br />Prop: 0.103571429<br />Count: 58<br />Percent: 10.4", "Category: Classification<br />Prop: 0.089285714<br />Count: 50<br />Percent: 8.9", "Category: Simulation<br />Prop: 0.082142857<br />Count: 46<br />Percent: 8.2", "Category: Imputation<br />Prop: 0.080357143<br />Count: 45<br />Percent: 8", "Category: Variable Genes<br />Prop: 0.076785714<br />Count: 43<br />Percent: 7.7", "Category: Gene Sets<br />Prop: 0.073214286<br />Count: 41<br />Percent: 7.3", "Category: Gene Filtering<br />Prop: 0.071428571<br />Count: 40<br />Percent: 7.1", "Category: Quantification<br />Prop: 0.064285714<br />Count: 36<br />Percent: 6.4", "Category: UMIs<br />Prop: 0.055357143<br />Count: 31<br />Percent: 5.5", "Category: Expression Patterns<br />Prop: 0.053571429<br />Count: 30<br />Percent: 5.4", "Category: Alignment<br />Prop: 0.039285714<br />Count: 22<br />Percent: 3.9", "Category: Variants<br />Prop: 0.039285714<br />Count: 22<br />Percent: 3.9", "Category: Cell Cycle<br />Prop: 0.026785714<br />Count: 15<br />Percent: 2.7", "Category: Alternative Splicing<br />Prop: 0.019642857<br />Count: 11<br />Percent: 2", "Category: Immune<br />Prop: 0.019642857<br />Count: 11<br />Percent: 2", "Category: Rare Cells<br />Prop: 0.014285714<br />Count: 8<br />Percent: 1.4", "Category: Assembly<br />Prop: 0.010714286<br />Count: 6<br />Percent: 1.1", "Category: Allele Specific<br />Prop: 0.008928571<br />Count: 5<br />Percent: 0.9", "Category: Stem Cells<br />Prop: 0.008928571<br />Count: 5<br />Percent: 0.9", "Category: Modality<br />Prop: 0.007142857<br />Count: 4<br />Percent: 0.7", "Category: Transformation<br />Prop: 0.007142857<br />Count: 4<br />Percent: 0.7", "Category: Haplotypes<br />Prop: 0.003571429<br />Count: 2<br />Percent: 0.4"],
      "type": "bar",
      "marker": {
        "autocolorscale": false,
        "color": "rgba(122,82,199,1)",
        "line": {
          "width": 1.88976377952756,
          "color": "transparent"
        }
      },
      "showlegend": false,
      "xaxis": "x",
      "yaxis": "y",
      "hoverinfo": "text",
      "frame": null
    }
  ],
  "layout": {
    "margin": {
      "t": 0,
      "r": 10,
      "b": 0,
      "l": 55
    },
    "font": {
      "color": "rgba(0,0,0,1)",
      "family": "",
      "size": 18.5969281859693
    },
    "xaxis": {
      "domain": [0, 1],
      "automargin": true,
      "type": "linear",
      "autorange": false,
      "range": [0.4, 32.6],
      "tickmode": "array",
      "ticktext": ["Visualisation", "Clustering", "Dimensionality Reduction", "Normalisation", "Ordering", "Interactive", "Quality Control", "Differential Expression", "Gene Networks", "Integration", "Marker Genes", "Classification", "Simulation", "Imputation", "Variable Genes", "Gene Sets", "Gene Filtering", "Quantification", "UMIs", "Expression Patterns", "Alignment", "Variants", "Cell Cycle", "Alternative Splicing", "Immune", "Rare Cells", "Assembly", "Allele Specific", "Stem Cells", "Modality", "Transformation", "Haplotypes"],
      "tickvals": [1, 2, 3, 4, 5, 6, 7, 8, 9, 10, 11, 12, 13, 14, 15, 16, 17, 18, 19, 20, 21, 22, 23, 24, 25, 26, 27, 28, 29, 30, 31, 32],
      "categoryorder": "array",
      "categoryarray": ["Visualisation", "Clustering", "Dimensionality Reduction", "Normalisation", "Ordering", "Interactive", "Quality Control", "Differential Expression", "Gene Networks", "Integration", "Marker Genes", "Classification", "Simulation", "Imputation", "Variable Genes", "Gene Sets", "Gene Filtering", "Quantification", "UMIs", "Expression Patterns", "Alignment", "Variants", "Cell Cycle", "Alternative Splicing", "Immune", "Rare Cells", "Assembly", "Allele Specific", "Stem Cells", "Modality", "Transformation", "Haplotypes"],
      "nticks": null,
      "ticks": "outside",
      "tickcolor": "rgba(0,0,0,1)",
      "ticklen": 4.64923204649232,
      "tickwidth": 0.66417600664176,
      "showticklabels": true,
      "tickfont": {
        "color": "rgba(0,0,0,1)",
        "family": "",
        "size": 7
      },
      "tickangle": -60,
      "showline": true,
      "linecolor": "rgba(0,0,0,1)",
      "linewidth": 0.66417600664176,
      "showgrid": false,
      "gridcolor": null,
      "gridwidth": 0,
      "zeroline": false,
      "anchor": "y",
      "title": {
        "text": "",
        "font": {
          "color": null,
          "family": null,
          "size": 9
        }
      },
      "hoverformat": ".2f",
      "fixedrange": true
    },
    "yaxis": {
      "domain": [0, 1],
      "automargin": true,
      "type": "linear",
      "autorange": false,
      "range": [-0.023125, 0.485625],
      "tickmode": "array",
      "ticktext": ["0.0%", "10.0%", "20.0%", "30.0%", "40.0%"],
      "tickvals": [0, 0.1, 0.2, 0.3, 0.4],
      "categoryorder": "array",
      "categoryarray": ["0.0%", "10.0%", "20.0%", "30.0%", "40.0%"],
      "nticks": null,
      "ticks": "outside",
      "tickcolor": "rgba(0,0,0,1)",
      "ticklen": 4.64923204649232,
      "tickwidth": 0.66417600664176,
      "showticklabels": true,
      "tickfont": {
        "color": "rgba(0,0,0,1)",
        "family": "",
        "size": 7
      },
      "tickangle": -0,
      "showline": true,
      "linecolor": "rgba(0,0,0,1)",
      "linewidth": 0.66417600664176,
      "showgrid": false,
      "gridcolor": null,
      "gridwidth": 0,
      "zeroline": false,
      "anchor": "x",
      "title": {
        "text": "Percentage of tools",
        "font": {
          "color": "rgba(0,0,0,1)",
          "family": "",
          "size": 9
        }
      },
      "hoverformat": ".2f",
      "fixedrange": true
    },