{
  "data": [
    {
      "orientation": "v",
      "width": [0.95, 0.95, 0.95, 0.95, 0.949999999999999, 0.949999999999999, 0.949999999999999, 0.949999999999999, 0.949999999999999, 0.949999999999999, 0.949999999999999, 0.949999999999999, 0.949999999999999, 0.949999999999999, 0.949999999999999, 0.950000000000001, 0.950000000000003, 0.950000000000003, 0.950000000000003, 0.950000000000003, 0.950000000000003, 0.950000000000003, 0.950000000000003, 0.950000000000003, 0.950000000000003, 0.950000000000003, 0.950000000000003, 0.950000000000003, 0.950000000000003, 0.950000000000003, 0.950000000000003, 0.950000000000003, 0.950000000000003],
      "base": [0, 0, 0, 0, 0, 0, 0, 0, 0, 0, 0, 0, 0, 0, 0, 0, 0, 0, 0, 0, 0, 0, 0, 0, 0, 0, 0, 0, 0, 0, 0, 0, 0],
      "x": [1, 2, 3, 4, 5, 6, 7, 8, 9, 10, 11, 12, 13, 14, 15, 16, 17, 18, 19, 20, 21, 22, 23, 24, 25, 26, 27, 28, 29, 30, 31, 32, 33],
      "y": [0.406581148912437, 0.250976017847183, 0.218070273284997, 0.160624651422197, 0.13106525376464, 0.118795315114334, 0.112102621305075, 0.098159509202454, 0.0931399888455103, 0.0931399888455103, 0.083100948131623, 0.0775237032905745, 0.064138315672058, 0.0630228667038483, 0.0619074177356386, 0.060234244283324, 0.060234244283324, 0.049079754601227, 0.0373675404350251, 0.0329057445621863, 0.0323480200780814, 0.0306748466257669, 0.0290016731734523, 0.0267707752370329, 0.0245398773006135, 0.0211935303959844, 0.011154489682097, 0.00669269380925823, 0.00557724484104852, 0.00557724484104852, 0.00446179587283882, 0.00390407138873397, 0.0011154489682097],
      "text": ["Category: Visualisation<br />Count: 729<br />Percent: 40.7", "Category: Dimensionality Reduction<br />Count: 450<br />Percent: 25.1", "Category: Clustering<br />Count: 391<br />Percent: 21.8", "Category: Integration<br />Count: 288<br />Percent: 16.1", "Category: Gene Networks<br />Count: 235<br />Percent: 13.1", "Category: Classification<br />Count: 213<br />Percent: 11.9", "Category: Ordering<br />Count: 201<br />Percent: 11.2", "Category: Quality Control<br />Count: 176<br />Percent: 9.8", "Category: Differential Expression<br />Count: 167<br />Percent: 9.3", "Category: Normalisation<br />Count: 167<br />Percent: 9.3", "Category: Marker Genes<br />Count: 149<br />Percent: 8.3", "Category: Gene Sets<br />Count: 139<br />Percent: 7.8", "Category: Interactive<br />Count: 115<br />Percent: 6.4", "Category: Quantification<br />Count: 113<br />Percent: 6.3", "Category: Imputation<br />Count: 111<br />Percent: 6.2", "Category: Simulation<br />Count: 108<br />Percent: 6", "Category: Variable Genes<br />Count: 108<br />Percent: 6", "Category: Variants<br />Count: 88<br />Percent: 4.9", "Category: Gene Filtering<br />Count: 67<br />Percent: 3.7", "Category: UMIs<br />Count: 59<br />Percent: 3.3", "Category: Alignment<br />Count: 58<br />Percent: 3.2", "Category: Expression Patterns<br />Count: 55<br />Percent: 3.1", "Category: Perturbations<br />Count: 52<br />Percent: 2.9", "Category: Alternative Splicing<br />Count: 48<br />Percent: 2.7", "Category: Immune<br />Count: 44<br />Percent: 2.5", "Category: Cell Cycle<br />Count: 38<br />Percent: 2.1", "Category: Rare Cells<br />Count: 20<br />Percent: 1.1", "Category: Transformation<br />Count: 12<br />Percent: 0.7", "Category: Assembly<br />Count: 10<br />Percent: 0.6", "Category: Stem Cells<br />Count: 10<br />Percent: 0.6", "Category: Modality<br />Count: 8<br />Percent: 0.4", "Category: Allele Specific<br />Count: 7<br />Percent: 0.4", "Category: Haplotypes<br />Count: 2<br />Percent: 0.1"],
      "type": "bar",
      "textposition": "none",
      "marker": {
        "autocolorscale": false,
        "color": "rgba(122,82,199,1)",
        "line": {
          "width": 1.88976377952756,
          "color": "transparent"
        }
      },
      "showlegend": false,
      "xaxis": "x",
      "yaxis": "y",
      "hoverinfo": "text",
      "frame": null
    }
  ],
  "layout": {
    "margin": {
      "t": 50,
      "r": 30,
      "b": 50,
      "l": 70
    },
    "font": {
      "color": "rgba(0,0,0,1)",
      "family": "",
      "size": 18.5969281859693
    },
    "xaxis": {
      "domain": [0, 1],
      "automargin": true,
      "type": "linear",
      "autorange": false,
      "range": [0.4, 33.6],
      "tickmode": "array",
      "ticktext": ["Visualisation", "Dimensionality Reduction", "Clustering", "Integration", "Gene Networks", "Classification", "Ordering", "Quality Control", "Differential Expression", "Normalisation", "Marker Genes", "Gene Sets", "Interactive", "Quantification", "Imputation", "Simulation", "Variable Genes", "Variants", "Gene Filtering", "UMIs", "Alignment", "Expression Patterns", "Perturbations", "Alternative Splicing", "Immune", "Cell Cycle", "Rare Cells", "Transformation", "Assembly", "Stem Cells", "Modality", "Allele Specific", "Haplotypes"],
      "tickvals": [1, 2, 3, 4, 5, 6, 7, 8, 9, 10, 11, 12, 13, 14, 15, 16, 17, 18, 19, 20, 21, 22, 23, 24, 25, 26, 27, 28, 29, 30, 31, 32, 33],
      "categoryorder": "array",
      "categoryarray": ["Visualisation", "Dimensionality Reduction", "Clustering", "Integration", "Gene Networks", "Classification", "Ordering", "Quality Control", "Differential Expression", "Normalisation", "Marker Genes", "Gene Sets", "Interactive", "Quantification", "Imputation", "Simulation", "Variable Genes", "Variants", "Gene Filtering", "UMIs", "Alignment", "Expression Patterns", "Perturbations", "Alternative Splicing", "Immune", "Cell Cycle", "Rare Cells", "Transformation", "Assembly", "Stem Cells", "Modality", "Allele Specific", "Haplotypes"],
      "nticks": null,
      "ticks": "outside",
      "tickcolor": "rgba(0,0,0,1)",
      "ticklen": 4.64923204649232,
      "tickwidth": 0.66417600664176,
      "showticklabels": true,
      "tickfont": {
        "color": "rgba(0,0,0,1)",
        "family": "",
        "size": 15.9402241594022
      },
      "tickangle": -60,
      "showline": true,
      "linecolor": "rgba(0,0,0,1)",
      "linewidth": 0.66417600664176,
      "showgrid": false,
      "gridcolor": null,
      "gridwidth": 0,
      "zeroline": false,
      "anchor": "y",
      "title": {
        "text": "",
        "font": {
          "color": null,
          "family": null,
          "size": 0
        }
      },
      "hoverformat": ".2f"
    },
    "yaxis": {
      "domain": [0, 1],
      "automargin": true,
      "type": "linear",
      "autorange": false,
      "range": [-0.0203290574456219, 0.426910206358059],
      "tickmode": "array",
      "ticktext": ["0%", "10%", "20%", "30%", "40%"],
      "tickvals": [0, 0.1, 0.2, 0.3, 0.4],
      "categoryorder": "array",
      "categoryarray": ["0%", "10%", "20%", "30%", "40%"],
      "nticks": null,
      "ticks": "outside",
      "tickcolor": "rgba(0,0,0,1)",
      "ticklen": 4.64923204649232,
      "tickwidth": 0.66417600664176,
      "showticklabels": true,
      "tickfont": {
        "color": "rgba(0,0,0,1)",
        "family": "",
        "size": 15.9402241594022
      },
      "tickangle": -0,
      "showline": true,
      "linecolor": "rgba(0,0,0,1)",
      "linewidth": 0.66417600664176,
      "showgrid": false,
      "gridcolor": null,
      "gridwidth": 0,
      "zeroline": false,
      "anchor": "x",
      "title": {
        "text": "Percentage of tools",
        "font": {
          "color": "rgba(0,0,0,1)",
          "family": "",
          "size": 18.5969281859693
        }
      },
      "hoverformat": ".2f"
    },
    "shapes": [
      {
        "type": "rect",
        "fillcolor": null,
        "line": {
          "color": null,
          "width": 0,
          "linetype": []
        },
        "yref": "paper",
        "xref": "paper",
        "x0": 0,
        "x1": 1,
        "y0": 0,
        "y1": 1
      }
    ],
    "showlegend": false,
    "legend": {
      "bgcolor": null,
      "bordercolor": null,
      "borderwidth": 0,
      "font": {
        "color": "rgba(0,0,0,1)",
        "family": "",
        "size": 15.9402241594022
      }
    },