{
  "data": [
    {
      "orientation": "v",
      "width": [0.95, 0.95, 0.95, 0.95, 0.949999999999999, 0.949999999999999, 0.949999999999999, 0.949999999999999, 0.949999999999999, 0.949999999999999, 0.949999999999999, 0.949999999999999, 0.949999999999999, 0.949999999999999, 0.949999999999999, 0.950000000000001, 0.950000000000003, 0.950000000000003, 0.950000000000003, 0.950000000000003, 0.950000000000003, 0.950000000000003, 0.950000000000003, 0.950000000000003, 0.950000000000003, 0.950000000000003, 0.950000000000003, 0.950000000000003, 0.950000000000003, 0.950000000000003, 0.950000000000003, 0.950000000000003],
      "base": [0, 0, 0, 0, 0, 0, 0, 0, 0, 0, 0, 0, 0, 0, 0, 0, 0, 0, 0, 0, 0, 0, 0, 0, 0, 0, 0, 0, 0, 0, 0, 0],
      "x": [1, 2, 3, 4, 5, 6, 7, 8, 9, 10, 11, 12, 13, 14, 15, 16, 17, 18, 19, 20, 21, 22, 23, 24, 25, 26, 27, 28, 29, 30, 31, 32],
      "y": [0.436363636363636, 0.257142857142857, 0.246753246753247, 0.132467532467532, 0.132467532467532, 0.123376623376623, 0.111688311688312, 0.107792207792208, 0.107792207792208, 0.105194805194805, 0.102597402597403, 0.0922077922077922, 0.0831168831168831, 0.0727272727272727, 0.0688311688311688, 0.0649350649350649, 0.061038961038961, 0.0571428571428571, 0.0467532467532468, 0.0441558441558442, 0.0350649350649351, 0.0350649350649351, 0.0233766233766234, 0.0194805194805195, 0.0181818181818182, 0.0116883116883117, 0.00779220779220779, 0.00779220779220779, 0.00649350649350649, 0.00519480519480519, 0.00519480519480519, 0.0025974025974026],
      "text": ["Category: Visualisation<br />Count: 336<br />Percent: 43.6", "Category: Clustering<br />Count: 198<br />Percent: 25.7", "Category: Dimensionality Reduction<br />Count: 190<br />Percent: 24.7", "Category: Integration<br />Count: 102<br />Percent: 13.2", "Category: Ordering<br />Count: 102<br />Percent: 13.2", "Category: Normalisation<br />Count: 95<br />Percent: 12.3", "Category: Differential Expression<br />Count: 86<br />Percent: 11.2", "Category: Classification<br />Count: 83<br />Percent: 10.8", "Category: Quality Control<br />Count: 83<br />Percent: 10.8", "Category: Gene Networks<br />Count: 81<br />Percent: 10.5", "Category: Interactive<br />Count: 79<br />Percent: 10.3", "Category: Marker Genes<br />Count: 71<br />Percent: 9.2", "Category: Imputation<br />Count: 64<br />Percent: 8.3", "Category: Gene Sets<br />Count: 56<br />Percent: 7.3", "Category: Simulation<br />Count: 53<br />Percent: 6.9", "Category: Variable Genes<br />Count: 50<br />Percent: 6.5", "Category: Gene Filtering<br />Count: 47<br />Percent: 6.1", "Category: Quantification<br />Count: 44<br />Percent: 5.7", "Category: UMIs<br />Count: 36<br />Percent: 4.7", "Category: Expression Patterns<br />Count: 34<br />Percent: 4.4", "Category: Alignment<br />Count: 27<br />Percent: 3.5", "Category: Variants<br />Count: 27<br />Percent: 3.5", "Category: Cell Cycle<br />Count: 18<br />Percent: 2.3", "Category: Immune<br />Count: 15<br />Percent: 1.9", "Category: Alternative Splicing<br />Count: 14<br />Percent: 1.8", "Category: Rare Cells<br />Count: 9<br />Percent: 1.2", "Category: Allele Specific<br />Count: 6<br />Percent: 0.8", "Category: Assembly<br />Count: 6<br />Percent: 0.8", "Category: Stem Cells<br />Count: 5<br />Percent: 0.6", "Category: Modality<br />Count: 4<br />Percent: 0.5", "Category: Transformation<br />Count: 4<br />Percent: 0.5", "Category: Haplotypes<br />Count: 2<br />Percent: 0.3"],
      "type": "bar",
      "marker": {
        "autocolorscale": false,
        "color": "rgba(122,82,199,1)",
        "line": {
          "width": 1.88976377952756,
          "color": "transparent"
        }
      },
      "showlegend": false,
      "xaxis": "x",
      "yaxis": "y",
      "hoverinfo": "text",
      "frame": null
    }
  ],
  "layout": {
    "margin": {
      "t": 50,
      "r": 30,
      "b": 50,
      "l": 70
    },
    "font": {
      "color": "rgba(0,0,0,1)",
      "family": "",
      "size": 18.5969281859693
    },
    "xaxis": {
      "domain": [0, 1],
      "automargin": true,
      "type": "linear",
      "autorange": false,
      "range": [0.4, 32.6],
      "tickmode": "array",
      "ticktext": ["Visualisation", "Clustering", "Dimensionality Reduction", "Integration", "Ordering", "Normalisation", "Differential Expression", "Classification", "Quality Control", "Gene Networks", "Interactive", "Marker Genes", "Imputation", "Gene Sets", "Simulation", "Variable Genes", "Gene Filtering", "Quantification", "UMIs", "Expression Patterns", "Alignment", "Variants", "Cell Cycle", "Immune", "Alternative Splicing", "Rare Cells", "Allele Specific", "Assembly", "Stem Cells", "Modality", "Transformation", "Haplotypes"],
      "tickvals": [1, 2, 3, 4, 5, 6, 7, 8, 9, 10, 11, 12, 13, 14, 15, 16, 17, 18, 19, 20, 21, 22, 23, 24, 25, 26, 27, 28, 29, 30, 31, 32],
      "categoryorder": "array",
      "categoryarray": ["Visualisation", "Clustering", "Dimensionality Reduction", "Integration", "Ordering", "Normalisation", "Differential Expression", "Classification", "Quality Control", "Gene Networks", "Interactive", "Marker Genes", "Imputation", "Gene Sets", "Simulation", "Variable Genes", "Gene Filtering", "Quantification", "UMIs", "Expression Patterns", "Alignment", "Variants", "Cell Cycle", "Immune", "Alternative Splicing", "Rare Cells", "Allele Specific", "Assembly", "Stem Cells", "Modality", "Transformation", "Haplotypes"],
      "nticks": null,
      "ticks": "outside",
      "tickcolor": "rgba(0,0,0,1)",
      "ticklen": 4.64923204649232,
      "tickwidth": 0.66417600664176,
      "showticklabels": true,
      "tickfont": {
        "color": "rgba(0,0,0,1)",
        "family": "",
        "size": 15.9402241594022
      },
      "tickangle": -60,
      "showline": true,
      "linecolor": "rgba(0,0,0,1)",
      "linewidth": 0.66417600664176,
      "showgrid": false,
      "gridcolor": null,
      "gridwidth": 0,
      "zeroline": false,
      "anchor": "y",
      "title": {
        "text": "",
        "font": {
          "color": null,
          "family": null,
          "size": 0
        }
      },
      "hoverformat": ".2f"
    },
    "yaxis": {
      "domain": [0, 1],
      "automargin": true,
      "type": "linear",
      "autorange": false,
      "range": [-0.0218181818181818, 0.458181818181818],
      "tickmode": "array",
      "ticktext": ["0.0%", "10.0%", "20.0%", "30.0%", "40.0%"],
      "tickvals": [0, 0.1, 0.2, 0.3, 0.4],
      "categoryorder": "array",
      "categoryarray": ["0.0%", "10.0%", "20.0%", "30.0%", "40.0%"],
      "nticks": null,
      "ticks": "outside",
      "tickcolor": "rgba(0,0,0,1)",
      "ticklen": 4.64923204649232,
      "tickwidth": 0.66417600664176,
      "showticklabels": true,
      "tickfont": {
        "color": "rgba(0,0,0,1)",
        "family": "",
        "size": 15.9402241594022
      },
      "tickangle": -0,
      "showline": true,
      "linecolor": "rgba(0,0,0,1)",
      "linewidth": 0.66417600664176,
      "showgrid": false,
      "gridcolor": null,
      "gridwidth": 0,
      "zeroline": false,
      "anchor": "x",
      "title": {
        "text": "Percentage of tools",
        "font": {
          "color": "rgba(0,0,0,1)",
          "family": "",
          "size": 18.5969281859693
        }
      },
      "hoverformat": ".2f"
    },
    "shapes": [
      {
        "type": "rect",
        "fillcolor": null,
        "line": {
          "color": null,
          "width": 0,
          "linetype": []
        },
        "yref": "paper",
        "xref": "paper",
        "x0": 0,
        "x1": 1,
        "y0": 0,
        "y1": 1
      }
    ],
    "showlegend": false,
    "legend": {
      "bgcolor": null,
      "bordercolor": null,
      "borderwidth": 0,
      "font": {
        "color": "rgba(0,0,0,1)",
        "family": "",
        "size": 15.9402241594022
      }
    },
    "hovermode": "closest",
    "height": 600,
    "barmode": "relative",
    "autosize": true
  },
  "config": {
    "doubleClick": "reset",
    "showSendToCloud": false,