{
  "data": [
    {
      "orientation": "v",
      "width": [0.95, 0.95, 0.95, 0.95, 0.949999999999999, 0.949999999999999, 0.949999999999999, 0.949999999999999, 0.949999999999999, 0.949999999999999, 0.949999999999999, 0.949999999999999, 0.949999999999999, 0.949999999999999, 0.949999999999999, 0.950000000000001, 0.950000000000003, 0.950000000000003, 0.950000000000003, 0.950000000000003, 0.950000000000003, 0.950000000000003, 0.950000000000003, 0.950000000000003, 0.950000000000003, 0.950000000000003, 0.950000000000003, 0.950000000000003, 0.950000000000003, 0.950000000000003, 0.950000000000003, 0.950000000000003],
      "base": [0, 0, 0, 0, 0, 0, 0, 0, 0, 0, 0, 0, 0, 0, 0, 0, 0, 0, 0, 0, 0, 0, 0, 0, 0, 0, 0, 0, 0, 0, 0, 0],
      "x": [1, 2, 3, 4, 5, 6, 7, 8, 9, 10, 11, 12, 13, 14, 15, 16, 17, 18, 19, 20, 21, 22, 23, 24, 25, 26, 27, 28, 29, 30, 31, 32],
      "y": [0.466037735849057, 0.267924528301887, 0.247169811320755, 0.154716981132075, 0.152830188679245, 0.128301886792453, 0.126415094339623, 0.124528301886792, 0.109433962264151, 0.10188679245283, 0.10188679245283, 0.0867924528301887, 0.0849056603773585, 0.0792452830188679, 0.0754716981132075, 0.0735849056603774, 0.069811320754717, 0.0679245283018868, 0.0584905660377358, 0.0547169811320755, 0.0415094339622641, 0.0320754716981132, 0.0283018867924528, 0.0207547169811321, 0.0188679245283019, 0.0132075471698113, 0.0113207547169811, 0.00943396226415094, 0.00943396226415094, 0.00754716981132075, 0.00566037735849057, 0.00377358490566038],
      "text": ["Category: Visualisation<br />Count: 247<br />Percent: 46.6", "Category: Clustering<br />Count: 142<br />Percent: 26.8", "Category: Dimensionality Reduction<br />Count: 131<br />Percent: 24.7", "Category: Normalisation<br />Count: 82<br />Percent: 15.5", "Category: Ordering<br />Count: 81<br />Percent: 15.3", "Category: Quality Control<br />Count: 68<br />Percent: 12.8", "Category: Interactive<br />Count: 67<br />Percent: 12.6", "Category: Differential Expression<br />Count: 66<br />Percent: 12.5", "Category: Gene Networks<br />Count: 58<br />Percent: 10.9", "Category: Integration<br />Count: 54<br />Percent: 10.2", "Category: Marker Genes<br />Count: 54<br />Percent: 10.2", "Category: Classification<br />Count: 46<br />Percent: 8.7", "Category: Simulation<br />Count: 45<br />Percent: 8.5", "Category: Variable Genes<br />Count: 42<br />Percent: 7.9", "Category: Gene Filtering<br />Count: 40<br />Percent: 7.5", "Category: Imputation<br />Count: 39<br />Percent: 7.4", "Category: Gene Sets<br />Count: 37<br />Percent: 7", "Category: Quantification<br />Count: 36<br />Percent: 6.8", "Category: UMIs<br />Count: 31<br />Percent: 5.8", "Category: Expression Patterns<br />Count: 29<br />Percent: 5.5", "Category: Alignment<br />Count: 22<br />Percent: 4.2", "Category: Variants<br />Count: 17<br />Percent: 3.2", "Category: Cell Cycle<br />Count: 15<br />Percent: 2.8", "Category: Immune<br />Count: 11<br />Percent: 2.1", "Category: Alternative Splicing<br />Count: 10<br />Percent: 1.9", "Category: Rare Cells<br />Count: 7<br />Percent: 1.3", "Category: Assembly<br />Count: 6<br />Percent: 1.1", "Category: Allele Specific<br />Count: 5<br />Percent: 0.9", "Category: Stem Cells<br />Count: 5<br />Percent: 0.9", "Category: Transformation<br />Count: 4<br />Percent: 0.8", "Category: Modality<br />Count: 3<br />Percent: 0.6", "Category: Haplotypes<br />Count: 2<br />Percent: 0.4"],
      "type": "bar",
      "marker": {
        "autocolorscale": false,
        "color": "rgba(122,82,199,1)",
        "line": {
          "width": 1.88976377952756,
          "color": "transparent"
        }
      },
      "showlegend": false,
      "xaxis": "x",
      "yaxis": "y",
      "hoverinfo": "text",
      "frame": null
    }
  ],
  "layout": {
    "margin": {
      "t": 50,
      "r": 30,
      "b": 50,
      "l": 70
    },
    "font": {
      "color": "rgba(0,0,0,1)",
      "family": "",
      "size": 18.5969281859693
    },
    "xaxis": {
      "domain": [0, 1],
      "automargin": true,
      "type": "linear",
      "autorange": false,
      "range": [0.4, 32.6],
      "tickmode": "array",
      "ticktext": ["Visualisation", "Clustering", "Dimensionality Reduction", "Normalisation", "Ordering", "Quality Control", "Interactive", "Differential Expression", "Gene Networks", "Integration", "Marker Genes", "Classification", "Simulation", "Variable Genes", "Gene Filtering", "Imputation", "Gene Sets", "Quantification", "UMIs", "Expression Patterns", "Alignment", "Variants", "Cell Cycle", "Immune", "Alternative Splicing", "Rare Cells", "Assembly", "Allele Specific", "Stem Cells", "Transformation", "Modality", "Haplotypes"],
      "tickvals": [1, 2, 3, 4, 5, 6, 7, 8, 9, 10, 11, 12, 13, 14, 15, 16, 17, 18, 19, 20, 21, 22, 23, 24, 25, 26, 27, 28, 29, 30, 31, 32],
      "categoryorder": "array",
      "categoryarray": ["Visualisation", "Clustering", "Dimensionality Reduction", "Normalisation", "Ordering", "Quality Control", "Interactive", "Differential Expression", "Gene Networks", "Integration", "Marker Genes", "Classification", "Simulation", "Variable Genes", "Gene Filtering", "Imputation", "Gene Sets", "Quantification", "UMIs", "Expression Patterns", "Alignment", "Variants", "Cell Cycle", "Immune", "Alternative Splicing", "Rare Cells", "Assembly", "Allele Specific", "Stem Cells", "Transformation", "Modality", "Haplotypes"],
      "nticks": null,
      "ticks": "outside",
      "tickcolor": "rgba(0,0,0,1)",
      "ticklen": 4.64923204649232,
      "tickwidth": 0.66417600664176,
      "showticklabels": true,
      "tickfont": {
        "color": "rgba(0,0,0,1)",
        "family": "",
        "size": 15.9402241594022
      },
      "tickangle": -60,
      "showline": true,
      "linecolor": "rgba(0,0,0,1)",
      "linewidth": 0.66417600664176,
      "showgrid": false,
      "gridcolor": null,
      "gridwidth": 0,
      "zeroline": false,
      "anchor": "y",
      "title": {
        "text": "",
        "font": {
          "color": null,
          "family": null,
          "size": 0
        }
      },
      "hoverformat": ".2f"
    },
    "yaxis": {
      "domain": [0, 1],
      "automargin": true,
      "type": "linear",
      "autorange": false,
      "range": [-0.0233018867924528, 0.489339622641509],
      "tickmode": "array",
      "ticktext": ["0.0%", "10.0%", "20.0%", "30.0%", "40.0%"],
      "tickvals": [0, 0.1, 0.2, 0.3, 0.4],
      "categoryorder": "array",
      "categoryarray": ["0.0%", "10.0%", "20.0%", "30.0%", "40.0%"],
      "nticks": null,
      "ticks": "outside",
      "tickcolor": "rgba(0,0,0,1)",
      "ticklen": 4.64923204649232,
      "tickwidth": 0.66417600664176,
      "showticklabels": true,
      "tickfont": {
        "color": "rgba(0,0,0,1)",
        "family": "",
        "size": 15.9402241594022
      },
      "tickangle": -0,
      "showline": true,
      "linecolor": "rgba(0,0,0,1)",
      "linewidth": 0.66417600664176,
      "showgrid": false,
      "gridcolor": null,
      "gridwidth": 0,
      "zeroline": false,
      "anchor": "x",
      "title": {
        "text": "Percentage of tools",
        "font": {
          "color": "rgba(0,0,0,1)",
          "family": "",
          "size": 18.5969281859693
        }
      },
      "hoverformat": ".2f"
    },
    "shapes": [
      {
        "type": "rect",
        "fillcolor": null,
        "line": {
          "color": null,
          "width": 0,
          "linetype": []
        },
        "yref": "paper",
        "xref": "paper",
        "x0": 0,
        "x1": 1,
        "y0": 0,
        "y1": 1
      }
    ],
    "showlegend": false,
    "legend": {
      "bgcolor": null,
      "bordercolor": null,
      "borderwidth": 0,
      "font": {
        "color": "rgba(0,0,0,1)",
        "family": "",
        "size": 15.9402241594022
      }
    },
    "hovermode": "closest",
    "height": 600,
    "barmode": "relative",
    "autosize": true
  },
  "config": {
    "doubleClick": "reset",
    "showSendToCloud": false,