{
  "data": [
    {
      "orientation": "v",
      "width": [0.95, 0.95, 0.95, 0.95, 0.949999999999999, 0.949999999999999, 0.949999999999999, 0.949999999999999, 0.949999999999999, 0.949999999999999, 0.949999999999999, 0.949999999999999, 0.949999999999999, 0.949999999999999, 0.949999999999999, 0.950000000000001, 0.950000000000003, 0.950000000000003, 0.950000000000003, 0.950000000000003, 0.950000000000003, 0.950000000000003, 0.950000000000003, 0.950000000000003, 0.950000000000003, 0.950000000000003, 0.950000000000003, 0.950000000000003, 0.950000000000003, 0.950000000000003, 0.950000000000003, 0.950000000000003, 0.950000000000003],
      "base": [0, 0, 0, 0, 0, 0, 0, 0, 0, 0, 0, 0, 0, 0, 0, 0, 0, 0, 0, 0, 0, 0, 0, 0, 0, 0, 0, 0, 0, 0, 0, 0, 0],
      "x": [1, 2, 3, 4, 5, 6, 7, 8, 9, 10, 11, 12, 13, 14, 15, 16, 17, 18, 19, 20, 21, 22, 23, 24, 25, 26, 27, 28, 29, 30, 31, 32, 33],
      "y": [0.414916727009413, 0.24112961622013, 0.239681390296886, 0.146994931209269, 0.123823316437364, 0.116582186821144, 0.1151339608979, 0.101375814627082, 0.10065170166546, 0.0984793627805938, 0.0839971035481535, 0.0695148443157133, 0.0695148443157133, 0.0658942795076032, 0.0637219406227371, 0.0615496017378711, 0.0593772628530051, 0.0434467776973208, 0.0427226647356988, 0.0362056480811007, 0.0354815351194786, 0.0333091962346126, 0.0253439536567705, 0.0246198406951484, 0.0209992758870384, 0.0202751629254164, 0.0130340333091962, 0.00651701665459812, 0.0057929036929761, 0.0057929036929761, 0.00506879073135409, 0.00434467776973208, 0.00144822592324403],
      "text": ["Category: Visualisation<br />Prop: 0.414916727<br />Count: 573<br />Percent: 41.5", "Category: Dimensionality Reduction<br />Prop: 0.241129616<br />Count: 333<br />Percent: 24.1", "Category: Clustering<br />Prop: 0.239681390<br />Count: 331<br />Percent: 24", "Category: Integration<br />Prop: 0.146994931<br />Count: 203<br />Percent: 14.7", "Category: Gene Networks<br />Prop: 0.123823316<br />Count: 171<br />Percent: 12.4", "Category: Classification<br />Prop: 0.116582187<br />Count: 161<br />Percent: 11.7", "Category: Ordering<br />Prop: 0.115133961<br />Count: 159<br />Percent: 11.5", "Category: Quality Control<br />Prop: 0.101375815<br />Count: 140<br />Percent: 10.1", "Category: Differential Expression<br />Prop: 0.100651702<br />Count: 139<br />Percent: 10.1", "Category: Normalisation<br />Prop: 0.098479363<br />Count: 136<br />Percent: 9.8", "Category: Marker Genes<br />Prop: 0.083997104<br />Count: 116<br />Percent: 8.4", "Category: Gene Sets<br />Prop: 0.069514844<br />Count: 96<br />Percent: 7", "Category: Interactive<br />Prop: 0.069514844<br />Count: 96<br />Percent: 7", "Category: Imputation<br />Prop: 0.065894280<br />Count: 91<br />Percent: 6.6", "Category: Quantification<br />Prop: 0.063721941<br />Count: 88<br />Percent: 6.4", "Category: Simulation<br />Prop: 0.061549602<br />Count: 85<br />Percent: 6.2", "Category: Variable Genes<br />Prop: 0.059377263<br />Count: 82<br />Percent: 5.9", "Category: Gene Filtering<br />Prop: 0.043446778<br />Count: 60<br />Percent: 4.3", "Category: Variants<br />Prop: 0.042722665<br />Count: 59<br />Percent: 4.3", "Category: UMIs<br />Prop: 0.036205648<br />Count: 50<br />Percent: 3.6", "Category: Alignment<br />Prop: 0.035481535<br />Count: 49<br />Percent: 3.5", "Category: Expression Patterns<br />Prop: 0.033309196<br />Count: 46<br />Percent: 3.3", "Category: Alternative Splicing<br />Prop: 0.025343954<br />Count: 35<br />Percent: 2.5", "Category: Immune<br />Prop: 0.024619841<br />Count: 34<br />Percent: 2.5", "Category: Perturbations<br />Prop: 0.020999276<br />Count: 29<br />Percent: 2.1", "Category: Cell Cycle<br />Prop: 0.020275163<br />Count: 28<br />Percent: 2", "Category: Rare Cells<br />Prop: 0.013034033<br />Count: 18<br />Percent: 1.3", "Category: Assembly<br />Prop: 0.006517017<br />Count: 9<br />Percent: 0.7", "Category: Stem Cells<br />Prop: 0.005792904<br />Count: 8<br />Percent: 0.6", "Category: Transformation<br />Prop: 0.005792904<br />Count: 8<br />Percent: 0.6", "Category: Modality<br />Prop: 0.005068791<br />Count: 7<br />Percent: 0.5", "Category: Allele Specific<br />Prop: 0.004344678<br />Count: 6<br />Percent: 0.4", "Category: Haplotypes<br />Prop: 0.001448226<br />Count: 2<br />Percent: 0.1"],
      "type": "bar",
      "textposition": "none",
      "marker": {
        "autocolorscale": false,
        "color": "rgba(122,82,199,1)",
        "line": {
          "width": 1.88976377952756,
          "color": "transparent"
        }
      },
      "showlegend": false,
      "xaxis": "x",
      "yaxis": "y",
      "hoverinfo": "text",
      "frame": null
    }
  ],
  "layout": {
    "margin": {
      "t": 0,
      "r": 10,
      "b": 0,
      "l": 55
    },
    "font": {
      "color": "rgba(0,0,0,1)",
      "family": "",
      "size": 18.5969281859693
    },
    "xaxis": {
      "domain": [0, 1],
      "automargin": true,
      "type": "linear",
      "autorange": false,
      "range": [0.4, 33.6],
      "tickmode": "array",
      "ticktext": ["Visualisation", "Dimensionality Reduction", "Clustering", "Integration", "Gene Networks", "Classification", "Ordering", "Quality Control", "Differential Expression", "Normalisation", "Marker Genes", "Gene Sets", "Interactive", "Imputation", "Quantification", "Simulation", "Variable Genes", "Gene Filtering", "Variants", "UMIs", "Alignment", "Expression Patterns", "Alternative Splicing", "Immune", "Perturbations", "Cell Cycle", "Rare Cells", "Assembly", "Stem Cells", "Transformation", "Modality", "Allele Specific", "Haplotypes"],
      "tickvals": [1, 2, 3, 4, 5, 6, 7, 8, 9, 10, 11, 12, 13, 14, 15, 16, 17, 18, 19, 20, 21, 22, 23, 24, 25, 26, 27, 28, 29, 30, 31, 32, 33],
      "categoryorder": "array",
      "categoryarray": ["Visualisation", "Dimensionality Reduction", "Clustering", "Integration", "Gene Networks", "Classification", "Ordering", "Quality Control", "Differential Expression", "Normalisation", "Marker Genes", "Gene Sets", "Interactive", "Imputation", "Quantification", "Simulation", "Variable Genes", "Gene Filtering", "Variants", "UMIs", "Alignment", "Expression Patterns", "Alternative Splicing", "Immune", "Perturbations", "Cell Cycle", "Rare Cells", "Assembly", "Stem Cells", "Transformation", "Modality", "Allele Specific", "Haplotypes"],
      "nticks": null,
      "ticks": "outside",
      "tickcolor": "rgba(0,0,0,1)",
      "ticklen": 4.64923204649232,
      "tickwidth": 0.66417600664176,
      "showticklabels": true,
      "tickfont": {
        "color": "rgba(0,0,0,1)",
        "family": "",
        "size": 7
      },
      "tickangle": -60,
      "showline": true,
      "linecolor": "rgba(0,0,0,1)",
      "linewidth": 0.66417600664176,
      "showgrid": false,
      "gridcolor": null,
      "gridwidth": 0,
      "zeroline": false,
      "anchor": "y",
      "title": {
        "text": "",
        "font": {
          "color": null,
          "family": null,
          "size": 9
        }
      },
      "hoverformat": ".2f",
      "fixedrange": true
    },
    "yaxis": {
      "domain": [0, 1],
      "automargin": true,
      "type": "linear",
      "autorange": false,
      "range": [-0.0207458363504707, 0.435662563359884],
      "tickmode": "array",
      "ticktext": ["0%", "10%", "20%", "30%", "40%"],
      "tickvals": [0, 0.1, 0.2, 0.3, 0.4],
      "categoryorder": "array",
      "categoryarray": ["0%", "10%", "20%", "30%", "40%"],
      "nticks": null,
      "ticks": "outside",
      "tickcolor": "rgba(0,0,0,1)",
      "ticklen": 4.64923204649232,
      "tickwidth": 0.66417600664176,
      "showticklabels": true,
      "tickfont": {
        "color": "rgba(0,0,0,1)",
        "family": "",
        "size": 7
      },
      "tickangle": -0,
      "showline": true,
      "linecolor": "rgba(0,0,0,1)",
      "linewidth": 0.66417600664176,
      "showgrid": false,
      "gridcolor": null,
      "gridwidth": 0,
      "zeroline": false,
      "anchor": "x",