{
  "data": [
    {
      "orientation": "v",
      "width": [0.95, 0.95, 0.95, 0.95, 0.949999999999999, 0.949999999999999, 0.949999999999999, 0.949999999999999, 0.949999999999999, 0.949999999999999, 0.949999999999999, 0.949999999999999, 0.949999999999999, 0.949999999999999, 0.949999999999999, 0.950000000000001, 0.950000000000003, 0.950000000000003, 0.950000000000003, 0.950000000000003, 0.950000000000003, 0.950000000000003, 0.950000000000003, 0.950000000000003, 0.950000000000003, 0.950000000000003, 0.950000000000003, 0.950000000000003, 0.950000000000003, 0.950000000000003, 0.950000000000003, 0.950000000000003],
      "base": [0, 0, 0, 0, 0, 0, 0, 0, 0, 0, 0, 0, 0, 0, 0, 0, 0, 0, 0, 0, 0, 0, 0, 0, 0, 0, 0, 0, 0, 0, 0, 0],
      "x": [1, 2, 3, 4, 5, 6, 7, 8, 9, 10, 11, 12, 13, 14, 15, 16, 17, 18, 19, 20, 21, 22, 23, 24, 25, 26, 27, 28, 29, 30, 31, 32],
      "y": [0.463035019455253, 0.27431906614786, 0.247081712062257, 0.159533073929961, 0.153696498054475, 0.126459143968872, 0.124513618677043, 0.122568093385214, 0.108949416342412, 0.105058365758755, 0.105058365758755, 0.0875486381322957, 0.0856031128404669, 0.0797665369649805, 0.0778210116731518, 0.0739299610894942, 0.0680933852140078, 0.066147859922179, 0.0603112840466926, 0.0525291828793774, 0.0428015564202335, 0.0330739299610895, 0.0291828793774319, 0.0194552529182879, 0.0194552529182879, 0.0136186770428016, 0.0116731517509728, 0.00972762645914397, 0.00972762645914397, 0.00583657587548638, 0.00583657587548638, 0.00389105058365759],
      "text": ["Category: Visualisation<br />Prop: 0.463035019<br />Count: 238<br />Percent: 46.3", "Category: Clustering<br />Prop: 0.274319066<br />Count: 141<br />Percent: 27.4", "Category: Dimensionality Reduction<br />Prop: 0.247081712<br />Count: 127<br />Percent: 24.7", "Category: Normalisation<br />Prop: 0.159533074<br />Count: 82<br />Percent: 16", "Category: Ordering<br />Prop: 0.153696498<br />Count: 79<br />Percent: 15.4", "Category: Differential Expression<br />Prop: 0.126459144<br />Count: 65<br />Percent: 12.6", "Category: Quality Control<br />Prop: 0.124513619<br />Count: 64<br />Percent: 12.5", "Category: Interactive<br />Prop: 0.122568093<br />Count: 63<br />Percent: 12.3", "Category: Gene Networks<br />Prop: 0.108949416<br />Count: 56<br />Percent: 10.9", "Category: Integration<br />Prop: 0.105058366<br />Count: 54<br />Percent: 10.5", "Category: Marker Genes<br />Prop: 0.105058366<br />Count: 54<br />Percent: 10.5", "Category: Simulation<br />Prop: 0.087548638<br />Count: 45<br />Percent: 8.8", "Category: Classification<br />Prop: 0.085603113<br />Count: 44<br />Percent: 8.6", "Category: Variable Genes<br />Prop: 0.079766537<br />Count: 41<br />Percent: 8", "Category: Gene Filtering<br />Prop: 0.077821012<br />Count: 40<br />Percent: 7.8", "Category: Imputation<br />Prop: 0.073929961<br />Count: 38<br />Percent: 7.4", "Category: Quantification<br />Prop: 0.068093385<br />Count: 35<br />Percent: 6.8", "Category: Gene Sets<br />Prop: 0.066147860<br />Count: 34<br />Percent: 6.6", "Category: UMIs<br />Prop: 0.060311284<br />Count: 31<br />Percent: 6", "Category: Expression Patterns<br />Prop: 0.052529183<br />Count: 27<br />Percent: 5.3", "Category: Alignment<br />Prop: 0.042801556<br />Count: 22<br />Percent: 4.3", "Category: Variants<br />Prop: 0.033073930<br />Count: 17<br />Percent: 3.3", "Category: Cell Cycle<br />Prop: 0.029182879<br />Count: 15<br />Percent: 2.9", "Category: Alternative Splicing<br />Prop: 0.019455253<br />Count: 10<br />Percent: 1.9", "Category: Immune<br />Prop: 0.019455253<br />Count: 10<br />Percent: 1.9", "Category: Rare Cells<br />Prop: 0.013618677<br />Count: 7<br />Percent: 1.4", "Category: Assembly<br />Prop: 0.011673152<br />Count: 6<br />Percent: 1.2", "Category: Allele Specific<br />Prop: 0.009727626<br />Count: 5<br />Percent: 1", "Category: Stem Cells<br />Prop: 0.009727626<br />Count: 5<br />Percent: 1", "Category: Modality<br />Prop: 0.005836576<br />Count: 3<br />Percent: 0.6", "Category: Transformation<br />Prop: 0.005836576<br />Count: 3<br />Percent: 0.6", "Category: Haplotypes<br />Prop: 0.003891051<br />Count: 2<br />Percent: 0.4"],
      "type": "bar",
      "marker": {
        "autocolorscale": false,
        "color": "rgba(122,82,199,1)",
        "line": {
          "width": 1.88976377952756,
          "color": "transparent"
        }
      },
      "showlegend": false,
      "xaxis": "x",
      "yaxis": "y",
      "hoverinfo": "text",
      "frame": null
    }
  ],
  "layout": {
    "margin": {
      "t": 0,
      "r": 10,
      "b": 0,
      "l": 55
    },
    "font": {
      "color": "rgba(0,0,0,1)",
      "family": "",
      "size": 18.5969281859693
    },
    "xaxis": {
      "domain": [0, 1],
      "automargin": true,
      "type": "linear",
      "autorange": false,
      "range": [0.4, 32.6],
      "tickmode": "array",
      "ticktext": ["Visualisation", "Clustering", "Dimensionality Reduction", "Normalisation", "Ordering", "Differential Expression", "Quality Control", "Interactive", "Gene Networks", "Integration", "Marker Genes", "Simulation", "Classification", "Variable Genes", "Gene Filtering", "Imputation", "Quantification", "Gene Sets", "UMIs", "Expression Patterns", "Alignment", "Variants", "Cell Cycle", "Alternative Splicing", "Immune", "Rare Cells", "Assembly", "Allele Specific", "Stem Cells", "Modality", "Transformation", "Haplotypes"],
      "tickvals": [1, 2, 3, 4, 5, 6, 7, 8, 9, 10, 11, 12, 13, 14, 15, 16, 17, 18, 19, 20, 21, 22, 23, 24, 25, 26, 27, 28, 29, 30, 31, 32],
      "categoryorder": "array",
      "categoryarray": ["Visualisation", "Clustering", "Dimensionality Reduction", "Normalisation", "Ordering", "Differential Expression", "Quality Control", "Interactive", "Gene Networks", "Integration", "Marker Genes", "Simulation", "Classification", "Variable Genes", "Gene Filtering", "Imputation", "Quantification", "Gene Sets", "UMIs", "Expression Patterns", "Alignment", "Variants", "Cell Cycle", "Alternative Splicing", "Immune", "Rare Cells", "Assembly", "Allele Specific", "Stem Cells", "Modality", "Transformation", "Haplotypes"],
      "nticks": null,
      "ticks": "outside",
      "tickcolor": "rgba(0,0,0,1)",
      "ticklen": 4.64923204649232,
      "tickwidth": 0.66417600664176,
      "showticklabels": true,
      "tickfont": {
        "color": "rgba(0,0,0,1)",
        "family": "",
        "size": 7
      },
      "tickangle": -60,
      "showline": true,
      "linecolor": "rgba(0,0,0,1)",
      "linewidth": 0.66417600664176,
      "showgrid": false,
      "gridcolor": null,
      "gridwidth": 0,
      "zeroline": false,
      "anchor": "y",
      "title": {
        "text": "",
        "font": {
          "color": null,
          "family": null,
          "size": 9
        }
      },
      "hoverformat": ".2f",
      "fixedrange": true
    },
    "yaxis": {
      "domain": [0, 1],
      "automargin": true,
      "type": "linear",
      "autorange": false,
      "range": [-0.0231517509727626, 0.486186770428016],
      "tickmode": "array",
      "ticktext": ["0.0%", "10.0%", "20.0%", "30.0%", "40.0%"],
      "tickvals": [0, 0.1, 0.2, 0.3, 0.4],
      "categoryorder": "array",
      "categoryarray": ["0.0%", "10.0%", "20.0%", "30.0%", "40.0%"],
      "nticks": null,
      "ticks": "outside",
      "tickcolor": "rgba(0,0,0,1)",
      "ticklen": 4.64923204649232,
      "tickwidth": 0.66417600664176,
      "showticklabels": true,
      "tickfont": {
        "color": "rgba(0,0,0,1)",
        "family": "",
        "size": 7
      },
      "tickangle": -0,
      "showline": true,
      "linecolor": "rgba(0,0,0,1)",
      "linewidth": 0.66417600664176,
      "showgrid": false,
      "gridcolor": null,
      "gridwidth": 0,
      "zeroline": false,
      "anchor": "x",
      "title": {
        "text": "Percentage of tools",
        "font": {
          "color": "rgba(0,0,0,1)",
          "family": "",
          "size": 9
        }
      },
      "hoverformat": ".2f",