{
  "data": [
    {
      "orientation": "v",
      "width": [0.95, 0.95, 0.95, 0.95, 0.949999999999999, 0.949999999999999, 0.949999999999999, 0.949999999999999, 0.949999999999999, 0.949999999999999, 0.949999999999999, 0.949999999999999, 0.949999999999999, 0.949999999999999, 0.949999999999999, 0.950000000000001, 0.950000000000003, 0.950000000000003, 0.950000000000003, 0.950000000000003, 0.950000000000003, 0.950000000000003, 0.950000000000003, 0.950000000000003, 0.950000000000003, 0.950000000000003, 0.950000000000003, 0.950000000000003, 0.950000000000003, 0.950000000000003, 0.950000000000003, 0.950000000000003, 0.950000000000003],
      "base": [0, 0, 0, 0, 0, 0, 0, 0, 0, 0, 0, 0, 0, 0, 0, 0, 0, 0, 0, 0, 0, 0, 0, 0, 0, 0, 0, 0, 0, 0, 0, 0, 0],
      "x": [1, 2, 3, 4, 5, 6, 7, 8, 9, 10, 11, 12, 13, 14, 15, 16, 17, 18, 19, 20, 21, 22, 23, 24, 25, 26, 27, 28, 29, 30, 31, 32, 33],
      "y": [0.412844036697248, 0.239943542695836, 0.237826393789697, 0.147494707127735, 0.126323218066337, 0.116443189837685, 0.114326040931546, 0.100917431192661, 0.0988002822865208, 0.0980945659844742, 0.0832745236414961, 0.0712773465067043, 0.0691601976005646, 0.0656316160903317, 0.063514467184192, 0.0606916019760056, 0.0585744530698659, 0.0451658433309809, 0.0437544107268878, 0.0374029640084686, 0.036697247706422, 0.0324629498941426, 0.0268172194777699, 0.0254057868736768, 0.0211714890613973, 0.0204657727593507, 0.013408609738885, 0.00705716302046577, 0.0063514467184192, 0.00564573041637262, 0.00494001411432604, 0.00494001411432604, 0.00141143260409315],
      "text": ["Category: Visualisation<br />Count: 585<br />Percent: 41.3", "Category: Dimensionality Reduction<br />Count: 340<br />Percent: 24", "Category: Clustering<br />Count: 337<br />Percent: 23.8", "Category: Integration<br />Count: 209<br />Percent: 14.7", "Category: Gene Networks<br />Count: 179<br />Percent: 12.6", "Category: Classification<br />Count: 165<br />Percent: 11.6", "Category: Ordering<br />Count: 162<br />Percent: 11.4", "Category: Quality Control<br />Count: 143<br />Percent: 10.1", "Category: Differential Expression<br />Count: 140<br />Percent: 9.9", "Category: Normalisation<br />Count: 139<br />Percent: 9.8", "Category: Marker Genes<br />Count: 118<br />Percent: 8.3", "Category: Gene Sets<br />Count: 101<br />Percent: 7.1", "Category: Interactive<br />Count: 98<br />Percent: 6.9", "Category: Imputation<br />Count: 93<br />Percent: 6.6", "Category: Quantification<br />Count: 90<br />Percent: 6.4", "Category: Simulation<br />Count: 86<br />Percent: 6.1", "Category: Variable Genes<br />Count: 83<br />Percent: 5.9", "Category: Variants<br />Count: 64<br />Percent: 4.5", "Category: Gene Filtering<br />Count: 62<br />Percent: 4.4", "Category: UMIs<br />Count: 53<br />Percent: 3.7", "Category: Alignment<br />Count: 52<br />Percent: 3.7", "Category: Expression Patterns<br />Count: 46<br />Percent: 3.2", "Category: Alternative Splicing<br />Count: 38<br />Percent: 2.7", "Category: Immune<br />Count: 36<br />Percent: 2.5", "Category: Perturbations<br />Count: 30<br />Percent: 2.1", "Category: Cell Cycle<br />Count: 29<br />Percent: 2", "Category: Rare Cells<br />Count: 19<br />Percent: 1.3", "Category: Assembly<br />Count: 10<br />Percent: 0.7", "Category: Transformation<br />Count: 9<br />Percent: 0.6", "Category: Stem Cells<br />Count: 8<br />Percent: 0.6", "Category: Allele Specific<br />Count: 7<br />Percent: 0.5", "Category: Modality<br />Count: 7<br />Percent: 0.5", "Category: Haplotypes<br />Count: 2<br />Percent: 0.1"],
      "type": "bar",
      "textposition": "none",
      "marker": {
        "autocolorscale": false,
        "color": "rgba(122,82,199,1)",
        "line": {
          "width": 1.88976377952756,
          "color": "transparent"
        }
      },
      "showlegend": false,
      "xaxis": "x",
      "yaxis": "y",
      "hoverinfo": "text",
      "frame": null
    }
  ],
  "layout": {
    "margin": {
      "t": 50,
      "r": 30,
      "b": 50,
      "l": 70
    },
    "font": {
      "color": "rgba(0,0,0,1)",
      "family": "",
      "size": 18.5969281859693
    },
    "xaxis": {
      "domain": [0, 1],
      "automargin": true,
      "type": "linear",
      "autorange": false,
      "range": [0.4, 33.6],
      "tickmode": "array",
      "ticktext": ["Visualisation", "Dimensionality Reduction", "Clustering", "Integration", "Gene Networks", "Classification", "Ordering", "Quality Control", "Differential Expression", "Normalisation", "Marker Genes", "Gene Sets", "Interactive", "Imputation", "Quantification", "Simulation", "Variable Genes", "Variants", "Gene Filtering", "UMIs", "Alignment", "Expression Patterns", "Alternative Splicing", "Immune", "Perturbations", "Cell Cycle", "Rare Cells", "Assembly", "Transformation", "Stem Cells", "Allele Specific", "Modality", "Haplotypes"],
      "tickvals": [1, 2, 3, 4, 5, 6, 7, 8, 9, 10, 11, 12, 13, 14, 15, 16, 17, 18, 19, 20, 21, 22, 23, 24, 25, 26, 27, 28, 29, 30, 31, 32, 33],
      "categoryorder": "array",
      "categoryarray": ["Visualisation", "Dimensionality Reduction", "Clustering", "Integration", "Gene Networks", "Classification", "Ordering", "Quality Control", "Differential Expression", "Normalisation", "Marker Genes", "Gene Sets", "Interactive", "Imputation", "Quantification", "Simulation", "Variable Genes", "Variants", "Gene Filtering", "UMIs", "Alignment", "Expression Patterns", "Alternative Splicing", "Immune", "Perturbations", "Cell Cycle", "Rare Cells", "Assembly", "Transformation", "Stem Cells", "Allele Specific", "Modality", "Haplotypes"],
      "nticks": null,
      "ticks": "outside",
      "tickcolor": "rgba(0,0,0,1)",
      "ticklen": 4.64923204649232,
      "tickwidth": 0.66417600664176,
      "showticklabels": true,
      "tickfont": {
        "color": "rgba(0,0,0,1)",
        "family": "",
        "size": 15.9402241594022
      },
      "tickangle": -60,
      "showline": true,
      "linecolor": "rgba(0,0,0,1)",
      "linewidth": 0.66417600664176,
      "showgrid": false,
      "gridcolor": null,
      "gridwidth": 0,
      "zeroline": false,
      "anchor": "y",
      "title": {
        "text": "",
        "font": {
          "color": null,
          "family": null,
          "size": 0
        }
      },
      "hoverformat": ".2f"
    },
    "yaxis": {
      "domain": [0, 1],
      "automargin": true,
      "type": "linear",
      "autorange": false,
      "range": [-0.0206422018348624, 0.43348623853211],
      "tickmode": "array",
      "ticktext": ["0%", "10%", "20%", "30%", "40%"],
      "tickvals": [0, 0.1, 0.2, 0.3, 0.4],
      "categoryorder": "array",
      "categoryarray": ["0%", "10%", "20%", "30%", "40%"],
      "nticks": null,
      "ticks": "outside",
      "tickcolor": "rgba(0,0,0,1)",
      "ticklen": 4.64923204649232,
      "tickwidth": 0.66417600664176,
      "showticklabels": true,
      "tickfont": {
        "color": "rgba(0,0,0,1)",
        "family": "",
        "size": 15.9402241594022
      },
      "tickangle": -0,
      "showline": true,
      "linecolor": "rgba(0,0,0,1)",
      "linewidth": 0.66417600664176,
      "showgrid": false,
      "gridcolor": null,
      "gridwidth": 0,
      "zeroline": false,
      "anchor": "x",
      "title": {
        "text": "Percentage of tools",
        "font": {
          "color": "rgba(0,0,0,1)",
          "family": "",
          "size": 18.5969281859693
        }
      },
      "hoverformat": ".2f"
    },
    "shapes": [
      {
        "type": "rect",
        "fillcolor": null,
        "line": {
          "color": null,
          "width": 0,
          "linetype": []
        },
        "yref": "paper",
        "xref": "paper",
        "x0": 0,
        "x1": 1,
        "y0": 0,
        "y1": 1
      }
    ],
    "showlegend": false,
    "legend": {
      "bgcolor": null,
      "bordercolor": null,
      "borderwidth": 0,
      "font": {
        "color": "rgba(0,0,0,1)",
        "family": "",
        "size": 15.9402241594022
      }
    },