{
  "data": [
    {
      "orientation": "v",
      "width": [0.95, 0.95, 0.95, 0.95, 0.949999999999999, 0.949999999999999, 0.949999999999999, 0.949999999999999, 0.949999999999999, 0.949999999999999, 0.949999999999999, 0.949999999999999, 0.949999999999999, 0.949999999999999, 0.949999999999999, 0.950000000000001, 0.950000000000003, 0.950000000000003, 0.950000000000003, 0.950000000000003, 0.950000000000003, 0.950000000000003, 0.950000000000003, 0.950000000000003, 0.950000000000003, 0.950000000000003, 0.950000000000003, 0.950000000000003, 0.950000000000003, 0.950000000000003, 0.950000000000003, 0.950000000000003, 0.950000000000003],
      "base": [0, 0, 0, 0, 0, 0, 0, 0, 0, 0, 0, 0, 0, 0, 0, 0, 0, 0, 0, 0, 0, 0, 0, 0, 0, 0, 0, 0, 0, 0, 0, 0, 0],
      "x": [1, 2, 3, 4, 5, 6, 7, 8, 9, 10, 11, 12, 13, 14, 15, 16, 17, 18, 19, 20, 21, 22, 23, 24, 25, 26, 27, 28, 29, 30, 31, 32, 33],
      "y": [0.410634208840487, 0.248558616271621, 0.228058936579116, 0.153106982703395, 0.126201153106983, 0.120435618193466, 0.113388853299167, 0.101857783472133, 0.0980140935297886, 0.0967328635490071, 0.0832799487508008, 0.0755925688661115, 0.0679051889814222, 0.062780269058296, 0.062780269058296, 0.0621396540679052, 0.0602178090967329, 0.0467648942985266, 0.0403587443946188, 0.0345932094811019, 0.0345932094811019, 0.0294682895579757, 0.025624599615631, 0.0249839846252402, 0.0230621396540679, 0.0211402946828956, 0.0121716848174247, 0.00640614990390775, 0.00576553491351698, 0.0051249199231262, 0.00448430493273543, 0.00448430493273543, 0.00128122998078155],
      "text": ["Category: Visualisation<br />Count: 641<br />Percent: 41.1", "Category: Dimensionality Reduction<br />Count: 388<br />Percent: 24.9", "Category: Clustering<br />Count: 356<br />Percent: 22.8", "Category: Integration<br />Count: 239<br />Percent: 15.3", "Category: Gene Networks<br />Count: 197<br />Percent: 12.6", "Category: Classification<br />Count: 188<br />Percent: 12", "Category: Ordering<br />Count: 177<br />Percent: 11.3", "Category: Quality Control<br />Count: 159<br />Percent: 10.2", "Category: Normalisation<br />Count: 153<br />Percent: 9.8", "Category: Differential Expression<br />Count: 151<br />Percent: 9.7", "Category: Marker Genes<br />Count: 130<br />Percent: 8.3", "Category: Gene Sets<br />Count: 118<br />Percent: 7.6", "Category: Interactive<br />Count: 106<br />Percent: 6.8", "Category: Imputation<br />Count: 98<br />Percent: 6.3", "Category: Variable Genes<br />Count: 98<br />Percent: 6.3", "Category: Quantification<br />Count: 97<br />Percent: 6.2", "Category: Simulation<br />Count: 94<br />Percent: 6", "Category: Variants<br />Count: 73<br />Percent: 4.7", "Category: Gene Filtering<br />Count: 63<br />Percent: 4", "Category: Alignment<br />Count: 54<br />Percent: 3.5", "Category: UMIs<br />Count: 54<br />Percent: 3.5", "Category: Expression Patterns<br />Count: 46<br />Percent: 2.9", "Category: Alternative Splicing<br />Count: 40<br />Percent: 2.6", "Category: Immune<br />Count: 39<br />Percent: 2.5", "Category: Perturbations<br />Count: 36<br />Percent: 2.3", "Category: Cell Cycle<br />Count: 33<br />Percent: 2.1", "Category: Rare Cells<br />Count: 19<br />Percent: 1.2", "Category: Assembly<br />Count: 10<br />Percent: 0.6", "Category: Transformation<br />Count: 9<br />Percent: 0.6", "Category: Stem Cells<br />Count: 8<br />Percent: 0.5", "Category: Allele Specific<br />Count: 7<br />Percent: 0.4", "Category: Modality<br />Count: 7<br />Percent: 0.4", "Category: Haplotypes<br />Count: 2<br />Percent: 0.1"],
      "type": "bar",
      "textposition": "none",
      "marker": {
        "autocolorscale": false,
        "color": "rgba(122,82,199,1)",
        "line": {
          "width": 1.88976377952756,
          "color": "transparent"
        }
      },
      "showlegend": false,
      "xaxis": "x",
      "yaxis": "y",
      "hoverinfo": "text",
      "frame": null
    }
  ],
  "layout": {
    "margin": {
      "t": 50,
      "r": 30,
      "b": 50,
      "l": 70
    },
    "font": {
      "color": "rgba(0,0,0,1)",
      "family": "",
      "size": 18.5969281859693
    },
    "xaxis": {
      "domain": [0, 1],
      "automargin": true,
      "type": "linear",
      "autorange": false,
      "range": [0.4, 33.6],
      "tickmode": "array",
      "ticktext": ["Visualisation", "Dimensionality Reduction", "Clustering", "Integration", "Gene Networks", "Classification", "Ordering", "Quality Control", "Normalisation", "Differential Expression", "Marker Genes", "Gene Sets", "Interactive", "Imputation", "Variable Genes", "Quantification", "Simulation", "Variants", "Gene Filtering", "Alignment", "UMIs", "Expression Patterns", "Alternative Splicing", "Immune", "Perturbations", "Cell Cycle", "Rare Cells", "Assembly", "Transformation", "Stem Cells", "Allele Specific", "Modality", "Haplotypes"],
      "tickvals": [1, 2, 3, 4, 5, 6, 7, 8, 9, 10, 11, 12, 13, 14, 15, 16, 17, 18, 19, 20, 21, 22, 23, 24, 25, 26, 27, 28, 29, 30, 31, 32, 33],
      "categoryorder": "array",
      "categoryarray": ["Visualisation", "Dimensionality Reduction", "Clustering", "Integration", "Gene Networks", "Classification", "Ordering", "Quality Control", "Normalisation", "Differential Expression", "Marker Genes", "Gene Sets", "Interactive", "Imputation", "Variable Genes", "Quantification", "Simulation", "Variants", "Gene Filtering", "Alignment", "UMIs", "Expression Patterns", "Alternative Splicing", "Immune", "Perturbations", "Cell Cycle", "Rare Cells", "Assembly", "Transformation", "Stem Cells", "Allele Specific", "Modality", "Haplotypes"],
      "nticks": null,
      "ticks": "outside",
      "tickcolor": "rgba(0,0,0,1)",
      "ticklen": 4.64923204649232,
      "tickwidth": 0.66417600664176,
      "showticklabels": true,
      "tickfont": {
        "color": "rgba(0,0,0,1)",
        "family": "",
        "size": 15.9402241594022
      },
      "tickangle": -60,
      "showline": true,
      "linecolor": "rgba(0,0,0,1)",
      "linewidth": 0.66417600664176,
      "showgrid": false,
      "gridcolor": null,
      "gridwidth": 0,
      "zeroline": false,
      "anchor": "y",
      "title": {
        "text": "",
        "font": {
          "color": null,
          "family": null,
          "size": 0
        }
      },
      "hoverformat": ".2f"
    },
    "yaxis": {
      "domain": [0, 1],
      "automargin": true,
      "type": "linear",
      "autorange": false,
      "range": [-0.0205317104420243, 0.431165919282511],
      "tickmode": "array",
      "ticktext": ["0%", "10%", "20%", "30%", "40%"],
      "tickvals": [0, 0.1, 0.2, 0.3, 0.4],
      "categoryorder": "array",
      "categoryarray": ["0%", "10%", "20%", "30%", "40%"],
      "nticks": null,
      "ticks": "outside",
      "tickcolor": "rgba(0,0,0,1)",
      "ticklen": 4.64923204649232,
      "tickwidth": 0.66417600664176,
      "showticklabels": true,
      "tickfont": {
        "color": "rgba(0,0,0,1)",
        "family": "",
        "size": 15.9402241594022
      },
      "tickangle": -0,
      "showline": true,
      "linecolor": "rgba(0,0,0,1)",
      "linewidth": 0.66417600664176,
      "showgrid": false,
      "gridcolor": null,
      "gridwidth": 0,
      "zeroline": false,
      "anchor": "x",
      "title": {
        "text": "Percentage of tools",
        "font": {
          "color": "rgba(0,0,0,1)",
          "family": "",
          "size": 18.5969281859693
        }
      },
      "hoverformat": ".2f"
    },
    "shapes": [
      {
        "type": "rect",
        "fillcolor": null,
        "line": {
          "color": null,
          "width": 0,
          "linetype": []
        },
        "yref": "paper",
        "xref": "paper",
        "x0": 0,
        "x1": 1,
        "y0": 0,
        "y1": 1
      }
    ],
    "showlegend": false,
    "legend": {
      "bgcolor": null,
      "bordercolor": null,
      "borderwidth": 0,
      "font": {
        "color": "rgba(0,0,0,1)",
        "family": "",
        "size": 15.9402241594022
      }
    },