{
  "data": [
    {
      "orientation": "v",
      "width": [0.95, 0.95, 0.95, 0.95, 0.949999999999999, 0.949999999999999, 0.949999999999999, 0.949999999999999, 0.949999999999999, 0.949999999999999, 0.949999999999999, 0.949999999999999, 0.949999999999999, 0.949999999999999, 0.949999999999999, 0.950000000000001, 0.950000000000003, 0.950000000000003, 0.950000000000003, 0.950000000000003, 0.950000000000003, 0.950000000000003, 0.950000000000003, 0.950000000000003, 0.950000000000003, 0.950000000000003, 0.950000000000003, 0.950000000000003, 0.950000000000003, 0.950000000000003, 0.950000000000003, 0.950000000000003, 0.950000000000003],
      "base": [0, 0, 0, 0, 0, 0, 0, 0, 0, 0, 0, 0, 0, 0, 0, 0, 0, 0, 0, 0, 0, 0, 0, 0, 0, 0, 0, 0, 0, 0, 0, 0, 0],
      "x": [1, 2, 3, 4, 5, 6, 7, 8, 9, 10, 11, 12, 13, 14, 15, 16, 17, 18, 19, 20, 21, 22, 23, 24, 25, 26, 27, 28, 29, 30, 31, 32, 33],
      "y": [0.412017167381974, 0.238912732474964, 0.237482117310443, 0.146638054363376, 0.123748211731044, 0.11516452074392, 0.11516452074392, 0.100858369098712, 0.0994277539341917, 0.0987124463519313, 0.0829756795422032, 0.0693848354792561, 0.0693848354792561, 0.0650929899856938, 0.0636623748211731, 0.061516452074392, 0.0593705293276109, 0.0436337625178827, 0.0436337625178827, 0.036480686695279, 0.0357653791130186, 0.0329041487839771, 0.0264663805436338, 0.025035765379113, 0.0214592274678112, 0.0200286123032904, 0.0135908440629471, 0.00643776824034335, 0.00643776824034335, 0.00572246065808298, 0.0050071530758226, 0.00429184549356223, 0.00143061516452074],
      "text": ["Category: Visualisation<br />Prop: 0.412017167<br />Count: 576<br />Percent: 41.2", "Category: Dimensionality Reduction<br />Prop: 0.238912732<br />Count: 334<br />Percent: 23.9", "Category: Clustering<br />Prop: 0.237482117<br />Count: 332<br />Percent: 23.7", "Category: Integration<br />Prop: 0.146638054<br />Count: 205<br />Percent: 14.7", "Category: Gene Networks<br />Prop: 0.123748212<br />Count: 173<br />Percent: 12.4", "Category: Classification<br />Prop: 0.115164521<br />Count: 161<br />Percent: 11.5", "Category: Ordering<br />Prop: 0.115164521<br />Count: 161<br />Percent: 11.5", "Category: Quality Control<br />Prop: 0.100858369<br />Count: 141<br />Percent: 10.1", "Category: Differential Expression<br />Prop: 0.099427754<br />Count: 139<br />Percent: 9.9", "Category: Normalisation<br />Prop: 0.098712446<br />Count: 138<br />Percent: 9.9", "Category: Marker Genes<br />Prop: 0.082975680<br />Count: 116<br />Percent: 8.3", "Category: Gene Sets<br />Prop: 0.069384835<br />Count: 97<br />Percent: 6.9", "Category: Interactive<br />Prop: 0.069384835<br />Count: 97<br />Percent: 6.9", "Category: Imputation<br />Prop: 0.065092990<br />Count: 91<br />Percent: 6.5", "Category: Quantification<br />Prop: 0.063662375<br />Count: 89<br />Percent: 6.4", "Category: Simulation<br />Prop: 0.061516452<br />Count: 86<br />Percent: 6.2", "Category: Variable Genes<br />Prop: 0.059370529<br />Count: 83<br />Percent: 5.9", "Category: Gene Filtering<br />Prop: 0.043633763<br />Count: 61<br />Percent: 4.4", "Category: Variants<br />Prop: 0.043633763<br />Count: 61<br />Percent: 4.4", "Category: UMIs<br />Prop: 0.036480687<br />Count: 51<br />Percent: 3.6", "Category: Alignment<br />Prop: 0.035765379<br />Count: 50<br />Percent: 3.6", "Category: Expression Patterns<br />Prop: 0.032904149<br />Count: 46<br />Percent: 3.3", "Category: Alternative Splicing<br />Prop: 0.026466381<br />Count: 37<br />Percent: 2.6", "Category: Immune<br />Prop: 0.025035765<br />Count: 35<br />Percent: 2.5", "Category: Perturbations<br />Prop: 0.021459227<br />Count: 30<br />Percent: 2.1", "Category: Cell Cycle<br />Prop: 0.020028612<br />Count: 28<br />Percent: 2", "Category: Rare Cells<br />Prop: 0.013590844<br />Count: 19<br />Percent: 1.4", "Category: Assembly<br />Prop: 0.006437768<br />Count: 9<br />Percent: 0.6", "Category: Transformation<br />Prop: 0.006437768<br />Count: 9<br />Percent: 0.6", "Category: Stem Cells<br />Prop: 0.005722461<br />Count: 8<br />Percent: 0.6", "Category: Modality<br />Prop: 0.005007153<br />Count: 7<br />Percent: 0.5", "Category: Allele Specific<br />Prop: 0.004291845<br />Count: 6<br />Percent: 0.4", "Category: Haplotypes<br />Prop: 0.001430615<br />Count: 2<br />Percent: 0.1"],
      "type": "bar",
      "textposition": "none",
      "marker": {
        "autocolorscale": false,
        "color": "rgba(122,82,199,1)",
        "line": {
          "width": 1.88976377952756,
          "color": "transparent"
        }
      },
      "showlegend": false,
      "xaxis": "x",
      "yaxis": "y",
      "hoverinfo": "text",
      "frame": null
    }
  ],
  "layout": {
    "margin": {
      "t": 0,
      "r": 10,
      "b": 0,
      "l": 55
    },
    "font": {
      "color": "rgba(0,0,0,1)",
      "family": "",
      "size": 18.5969281859693
    },
    "xaxis": {
      "domain": [0, 1],
      "automargin": true,
      "type": "linear",
      "autorange": false,
      "range": [0.4, 33.6],
      "tickmode": "array",
      "ticktext": ["Visualisation", "Dimensionality Reduction", "Clustering", "Integration", "Gene Networks", "Classification", "Ordering", "Quality Control", "Differential Expression", "Normalisation", "Marker Genes", "Gene Sets", "Interactive", "Imputation", "Quantification", "Simulation", "Variable Genes", "Gene Filtering", "Variants", "UMIs", "Alignment", "Expression Patterns", "Alternative Splicing", "Immune", "Perturbations", "Cell Cycle", "Rare Cells", "Assembly", "Transformation", "Stem Cells", "Modality", "Allele Specific", "Haplotypes"],
      "tickvals": [1, 2, 3, 4, 5, 6, 7, 8, 9, 10, 11, 12, 13, 14, 15, 16, 17, 18, 19, 20, 21, 22, 23, 24, 25, 26, 27, 28, 29, 30, 31, 32, 33],
      "categoryorder": "array",
      "categoryarray": ["Visualisation", "Dimensionality Reduction", "Clustering", "Integration", "Gene Networks", "Classification", "Ordering", "Quality Control", "Differential Expression", "Normalisation", "Marker Genes", "Gene Sets", "Interactive", "Imputation", "Quantification", "Simulation", "Variable Genes", "Gene Filtering", "Variants", "UMIs", "Alignment", "Expression Patterns", "Alternative Splicing", "Immune", "Perturbations", "Cell Cycle", "Rare Cells", "Assembly", "Transformation", "Stem Cells", "Modality", "Allele Specific", "Haplotypes"],
      "nticks": null,
      "ticks": "outside",
      "tickcolor": "rgba(0,0,0,1)",
      "ticklen": 4.64923204649232,
      "tickwidth": 0.66417600664176,
      "showticklabels": true,
      "tickfont": {
        "color": "rgba(0,0,0,1)",
        "family": "",
        "size": 7
      },
      "tickangle": -60,
      "showline": true,
      "linecolor": "rgba(0,0,0,1)",
      "linewidth": 0.66417600664176,
      "showgrid": false,
      "gridcolor": null,
      "gridwidth": 0,
      "zeroline": false,
      "anchor": "y",
      "title": {
        "text": "",
        "font": {
          "color": null,
          "family": null,
          "size": 9
        }
      },
      "hoverformat": ".2f",
      "fixedrange": true
    },
    "yaxis": {
      "domain": [0, 1],
      "automargin": true,
      "type": "linear",
      "autorange": false,
      "range": [-0.0206008583690987, 0.432618025751073],
      "tickmode": "array",
      "ticktext": ["0%", "10%", "20%", "30%", "40%"],
      "tickvals": [0, 0.1, 0.2, 0.3, 0.4],
      "categoryorder": "array",
      "categoryarray": ["0%", "10%", "20%", "30%", "40%"],
      "nticks": null,
      "ticks": "outside",
      "tickcolor": "rgba(0,0,0,1)",
      "ticklen": 4.64923204649232,
      "tickwidth": 0.66417600664176,
      "showticklabels": true,
      "tickfont": {
        "color": "rgba(0,0,0,1)",
        "family": "",
        "size": 7
      },
      "tickangle": -0,
      "showline": true,
      "linecolor": "rgba(0,0,0,1)",
      "linewidth": 0.66417600664176,
      "showgrid": false,
      "gridcolor": null,
      "gridwidth": 0,
      "zeroline": false,
      "anchor": "x",