{
  "data": [
    {
      "orientation": "v",
      "width": [0.95, 0.95, 0.95, 0.95, 0.949999999999999, 0.949999999999999, 0.949999999999999, 0.949999999999999, 0.949999999999999, 0.949999999999999, 0.949999999999999, 0.949999999999999, 0.949999999999999, 0.949999999999999, 0.949999999999999, 0.950000000000001, 0.950000000000003, 0.950000000000003, 0.950000000000003, 0.950000000000003, 0.950000000000003, 0.950000000000003, 0.950000000000003, 0.950000000000003, 0.950000000000003, 0.950000000000003, 0.950000000000003, 0.950000000000003, 0.950000000000003, 0.950000000000003, 0.950000000000003, 0.950000000000003, 0.950000000000003],
      "base": [0, 0, 0, 0, 0, 0, 0, 0, 0, 0, 0, 0, 0, 0, 0, 0, 0, 0, 0, 0, 0, 0, 0, 0, 0, 0, 0, 0, 0, 0, 0, 0, 0],
      "x": [1, 2, 3, 4, 5, 6, 7, 8, 9, 10, 11, 12, 13, 14, 15, 16, 17, 18, 19, 20, 21, 22, 23, 24, 25, 26, 27, 28, 29, 30, 31, 32, 33],
      "y": [0.412473423104181, 0.23954642097803, 0.238837703756201, 0.147413182140326, 0.125442948263643, 0.115520907158044, 0.114812189936215, 0.0999291282778172, 0.0985116938341602, 0.0985116938341602, 0.0829199149539334, 0.070871722182849, 0.0687455705173636, 0.0652019844082211, 0.0630758327427356, 0.0609496810772502, 0.0588235294117647, 0.0439404677533664, 0.0439404677533664, 0.0368532955350815, 0.036144578313253, 0.0326009922041106, 0.0262225372076541, 0.0255138199858257, 0.0212615166548547, 0.0198440822111977, 0.0134656272147413, 0.0070871722182849, 0.00637845499645641, 0.00566973777462792, 0.00496102055279943, 0.00496102055279943, 0.00141743444365698],
      "text": ["Category: Visualisation<br />Prop: 0.412473423<br />Count: 582<br />Percent: 41.2", "Category: Dimensionality Reduction<br />Prop: 0.239546421<br />Count: 338<br />Percent: 24", "Category: Clustering<br />Prop: 0.238837704<br />Count: 337<br />Percent: 23.9", "Category: Integration<br />Prop: 0.147413182<br />Count: 208<br />Percent: 14.7", "Category: Gene Networks<br />Prop: 0.125442948<br />Count: 177<br />Percent: 12.5", "Category: Classification<br />Prop: 0.115520907<br />Count: 163<br />Percent: 11.6", "Category: Ordering<br />Prop: 0.114812190<br />Count: 162<br />Percent: 11.5", "Category: Quality Control<br />Prop: 0.099929128<br />Count: 141<br />Percent: 10", "Category: Differential Expression<br />Prop: 0.098511694<br />Count: 139<br />Percent: 9.9", "Category: Normalisation<br />Prop: 0.098511694<br />Count: 139<br />Percent: 9.9", "Category: Marker Genes<br />Prop: 0.082919915<br />Count: 117<br />Percent: 8.3", "Category: Gene Sets<br />Prop: 0.070871722<br />Count: 100<br />Percent: 7.1", "Category: Interactive<br />Prop: 0.068745571<br />Count: 97<br />Percent: 6.9", "Category: Imputation<br />Prop: 0.065201984<br />Count: 92<br />Percent: 6.5", "Category: Quantification<br />Prop: 0.063075833<br />Count: 89<br />Percent: 6.3", "Category: Simulation<br />Prop: 0.060949681<br />Count: 86<br />Percent: 6.1", "Category: Variable Genes<br />Prop: 0.058823529<br />Count: 83<br />Percent: 5.9", "Category: Gene Filtering<br />Prop: 0.043940468<br />Count: 62<br />Percent: 4.4", "Category: Variants<br />Prop: 0.043940468<br />Count: 62<br />Percent: 4.4", "Category: UMIs<br />Prop: 0.036853296<br />Count: 52<br />Percent: 3.7", "Category: Alignment<br />Prop: 0.036144578<br />Count: 51<br />Percent: 3.6", "Category: Expression Patterns<br />Prop: 0.032600992<br />Count: 46<br />Percent: 3.3", "Category: Alternative Splicing<br />Prop: 0.026222537<br />Count: 37<br />Percent: 2.6", "Category: Immune<br />Prop: 0.025513820<br />Count: 36<br />Percent: 2.6", "Category: Perturbations<br />Prop: 0.021261517<br />Count: 30<br />Percent: 2.1", "Category: Cell Cycle<br />Prop: 0.019844082<br />Count: 28<br />Percent: 2", "Category: Rare Cells<br />Prop: 0.013465627<br />Count: 19<br />Percent: 1.3", "Category: Assembly<br />Prop: 0.007087172<br />Count: 10<br />Percent: 0.7", "Category: Transformation<br />Prop: 0.006378455<br />Count: 9<br />Percent: 0.6", "Category: Stem Cells<br />Prop: 0.005669738<br />Count: 8<br />Percent: 0.6", "Category: Allele Specific<br />Prop: 0.004961021<br />Count: 7<br />Percent: 0.5", "Category: Modality<br />Prop: 0.004961021<br />Count: 7<br />Percent: 0.5", "Category: Haplotypes<br />Prop: 0.001417434<br />Count: 2<br />Percent: 0.1"],
      "type": "bar",
      "textposition": "none",
      "marker": {
        "autocolorscale": false,
        "color": "rgba(122,82,199,1)",
        "line": {
          "width": 1.88976377952756,
          "color": "transparent"
        }
      },
      "showlegend": false,
      "xaxis": "x",
      "yaxis": "y",
      "hoverinfo": "text",
      "frame": null
    }
  ],
  "layout": {
    "margin": {
      "t": 0,
      "r": 10,
      "b": 0,
      "l": 55
    },
    "font": {
      "color": "rgba(0,0,0,1)",
      "family": "",
      "size": 18.5969281859693
    },
    "xaxis": {
      "domain": [0, 1],
      "automargin": true,
      "type": "linear",
      "autorange": false,
      "range": [0.4, 33.6],
      "tickmode": "array",
      "ticktext": ["Visualisation", "Dimensionality Reduction", "Clustering", "Integration", "Gene Networks", "Classification", "Ordering", "Quality Control", "Differential Expression", "Normalisation", "Marker Genes", "Gene Sets", "Interactive", "Imputation", "Quantification", "Simulation", "Variable Genes", "Gene Filtering", "Variants", "UMIs", "Alignment", "Expression Patterns", "Alternative Splicing", "Immune", "Perturbations", "Cell Cycle", "Rare Cells", "Assembly", "Transformation", "Stem Cells", "Allele Specific", "Modality", "Haplotypes"],
      "tickvals": [1, 2, 3, 4, 5, 6, 7, 8, 9, 10, 11, 12, 13, 14, 15, 16, 17, 18, 19, 20, 21, 22, 23, 24, 25, 26, 27, 28, 29, 30, 31, 32, 33],
      "categoryorder": "array",
      "categoryarray": ["Visualisation", "Dimensionality Reduction", "Clustering", "Integration", "Gene Networks", "Classification", "Ordering", "Quality Control", "Differential Expression", "Normalisation", "Marker Genes", "Gene Sets", "Interactive", "Imputation", "Quantification", "Simulation", "Variable Genes", "Gene Filtering", "Variants", "UMIs", "Alignment", "Expression Patterns", "Alternative Splicing", "Immune", "Perturbations", "Cell Cycle", "Rare Cells", "Assembly", "Transformation", "Stem Cells", "Allele Specific", "Modality", "Haplotypes"],
      "nticks": null,
      "ticks": "outside",
      "tickcolor": "rgba(0,0,0,1)",
      "ticklen": 4.64923204649232,
      "tickwidth": 0.66417600664176,
      "showticklabels": true,
      "tickfont": {
        "color": "rgba(0,0,0,1)",
        "family": "",
        "size": 7
      },
      "tickangle": -60,
      "showline": true,
      "linecolor": "rgba(0,0,0,1)",
      "linewidth": 0.66417600664176,
      "showgrid": false,
      "gridcolor": null,
      "gridwidth": 0,
      "zeroline": false,
      "anchor": "y",
      "title": {
        "text": "",
        "font": {
          "color": null,
          "family": null,
          "size": 9
        }
      },
      "hoverformat": ".2f",
      "fixedrange": true
    },
    "yaxis": {
      "domain": [0, 1],
      "automargin": true,
      "type": "linear",
      "autorange": false,
      "range": [-0.0206236711552091, 0.433097094259391],
      "tickmode": "array",
      "ticktext": ["0%", "10%", "20%", "30%", "40%"],
      "tickvals": [0, 0.1, 0.2, 0.3, 0.4],
      "categoryorder": "array",
      "categoryarray": ["0%", "10%", "20%", "30%", "40%"],
      "nticks": null,
      "ticks": "outside",
      "tickcolor": "rgba(0,0,0,1)",
      "ticklen": 4.64923204649232,
      "tickwidth": 0.66417600664176,
      "showticklabels": true,
      "tickfont": {
        "color": "rgba(0,0,0,1)",
        "family": "",
        "size": 7
      },
      "tickangle": -0,
      "showline": true,
      "linecolor": "rgba(0,0,0,1)",
      "linewidth": 0.66417600664176,
      "showgrid": false,
      "gridcolor": null,
      "gridwidth": 0,
      "zeroline": false,
      "anchor": "x",