{
  "data": [
    {
      "orientation": "v",
      "width": [0.95, 0.95, 0.95, 0.95, 0.949999999999999, 0.949999999999999, 0.949999999999999, 0.949999999999999, 0.949999999999999, 0.949999999999999, 0.949999999999999, 0.949999999999999, 0.949999999999999, 0.949999999999999, 0.949999999999999, 0.950000000000001, 0.950000000000003, 0.950000000000003, 0.950000000000003, 0.950000000000003, 0.950000000000003, 0.950000000000003, 0.950000000000003, 0.950000000000003, 0.950000000000003, 0.950000000000003, 0.950000000000003, 0.950000000000003, 0.950000000000003, 0.950000000000003, 0.950000000000003, 0.950000000000003, 0.950000000000003],
      "base": [0, 0, 0, 0, 0, 0, 0, 0, 0, 0, 0, 0, 0, 0, 0, 0, 0, 0, 0, 0, 0, 0, 0, 0, 0, 0, 0, 0, 0, 0, 0, 0, 0],
      "x": [1, 2, 3, 4, 5, 6, 7, 8, 9, 10, 11, 12, 13, 14, 15, 16, 17, 18, 19, 20, 21, 22, 23, 24, 25, 26, 27, 28, 29, 30, 31, 32, 33],
      "y": [0.411095305832148, 0.239687055476529, 0.238975817923186, 0.14651493598862, 0.124466571834993, 0.115220483641536, 0.115220483641536, 0.100284495021337, 0.0988620199146515, 0.0981507823613087, 0.0832147937411095, 0.069701280227596, 0.0689900426742532, 0.0647226173541963, 0.0633001422475107, 0.0611664295874822, 0.0590327169274538, 0.0433854907539118, 0.0433854907539118, 0.0369843527738265, 0.0362731152204836, 0.0327169274537696, 0.0263157894736842, 0.0256045519203414, 0.0213371266002845, 0.0199146514935989, 0.0135135135135135, 0.00711237553342817, 0.00640113798008535, 0.00568990042674253, 0.00497866287339972, 0.00497866287339972, 0.00142247510668563],
      "text": ["Category: Visualisation<br />Prop: 0.411095306<br />Count: 578<br />Percent: 41.1", "Category: Dimensionality Reduction<br />Prop: 0.239687055<br />Count: 337<br />Percent: 24", "Category: Clustering<br />Prop: 0.238975818<br />Count: 336<br />Percent: 23.9", "Category: Integration<br />Prop: 0.146514936<br />Count: 206<br />Percent: 14.7", "Category: Gene Networks<br />Prop: 0.124466572<br />Count: 175<br />Percent: 12.4", "Category: Classification<br />Prop: 0.115220484<br />Count: 162<br />Percent: 11.5", "Category: Ordering<br />Prop: 0.115220484<br />Count: 162<br />Percent: 11.5", "Category: Quality Control<br />Prop: 0.100284495<br />Count: 141<br />Percent: 10", "Category: Differential Expression<br />Prop: 0.098862020<br />Count: 139<br />Percent: 9.9", "Category: Normalisation<br />Prop: 0.098150782<br />Count: 138<br />Percent: 9.8", "Category: Marker Genes<br />Prop: 0.083214794<br />Count: 117<br />Percent: 8.3", "Category: Gene Sets<br />Prop: 0.069701280<br />Count: 98<br />Percent: 7", "Category: Interactive<br />Prop: 0.068990043<br />Count: 97<br />Percent: 6.9", "Category: Imputation<br />Prop: 0.064722617<br />Count: 91<br />Percent: 6.5", "Category: Quantification<br />Prop: 0.063300142<br />Count: 89<br />Percent: 6.3", "Category: Simulation<br />Prop: 0.061166430<br />Count: 86<br />Percent: 6.1", "Category: Variable Genes<br />Prop: 0.059032717<br />Count: 83<br />Percent: 5.9", "Category: Gene Filtering<br />Prop: 0.043385491<br />Count: 61<br />Percent: 4.3", "Category: Variants<br />Prop: 0.043385491<br />Count: 61<br />Percent: 4.3", "Category: UMIs<br />Prop: 0.036984353<br />Count: 52<br />Percent: 3.7", "Category: Alignment<br />Prop: 0.036273115<br />Count: 51<br />Percent: 3.6", "Category: Expression Patterns<br />Prop: 0.032716927<br />Count: 46<br />Percent: 3.3", "Category: Alternative Splicing<br />Prop: 0.026315789<br />Count: 37<br />Percent: 2.6", "Category: Immune<br />Prop: 0.025604552<br />Count: 36<br />Percent: 2.6", "Category: Perturbations<br />Prop: 0.021337127<br />Count: 30<br />Percent: 2.1", "Category: Cell Cycle<br />Prop: 0.019914651<br />Count: 28<br />Percent: 2", "Category: Rare Cells<br />Prop: 0.013513514<br />Count: 19<br />Percent: 1.4", "Category: Assembly<br />Prop: 0.007112376<br />Count: 10<br />Percent: 0.7", "Category: Transformation<br />Prop: 0.006401138<br />Count: 9<br />Percent: 0.6", "Category: Stem Cells<br />Prop: 0.005689900<br />Count: 8<br />Percent: 0.6", "Category: Allele Specific<br />Prop: 0.004978663<br />Count: 7<br />Percent: 0.5", "Category: Modality<br />Prop: 0.004978663<br />Count: 7<br />Percent: 0.5", "Category: Haplotypes<br />Prop: 0.001422475<br />Count: 2<br />Percent: 0.1"],
      "type": "bar",
      "textposition": "none",
      "marker": {
        "autocolorscale": false,
        "color": "rgba(122,82,199,1)",
        "line": {
          "width": 1.88976377952756,
          "color": "transparent"
        }
      },
      "showlegend": false,
      "xaxis": "x",
      "yaxis": "y",
      "hoverinfo": "text",
      "frame": null
    }
  ],
  "layout": {
    "margin": {
      "t": 0,
      "r": 10,
      "b": 0,
      "l": 55
    },
    "font": {
      "color": "rgba(0,0,0,1)",
      "family": "",
      "size": 18.5969281859693
    },
    "xaxis": {
      "domain": [0, 1],
      "automargin": true,
      "type": "linear",
      "autorange": false,
      "range": [0.4, 33.6],
      "tickmode": "array",
      "ticktext": ["Visualisation", "Dimensionality Reduction", "Clustering", "Integration", "Gene Networks", "Classification", "Ordering", "Quality Control", "Differential Expression", "Normalisation", "Marker Genes", "Gene Sets", "Interactive", "Imputation", "Quantification", "Simulation", "Variable Genes", "Gene Filtering", "Variants", "UMIs", "Alignment", "Expression Patterns", "Alternative Splicing", "Immune", "Perturbations", "Cell Cycle", "Rare Cells", "Assembly", "Transformation", "Stem Cells", "Allele Specific", "Modality", "Haplotypes"],
      "tickvals": [1, 2, 3, 4, 5, 6, 7, 8, 9, 10, 11, 12, 13, 14, 15, 16, 17, 18, 19, 20, 21, 22, 23, 24, 25, 26, 27, 28, 29, 30, 31, 32, 33],
      "categoryorder": "array",
      "categoryarray": ["Visualisation", "Dimensionality Reduction", "Clustering", "Integration", "Gene Networks", "Classification", "Ordering", "Quality Control", "Differential Expression", "Normalisation", "Marker Genes", "Gene Sets", "Interactive", "Imputation", "Quantification", "Simulation", "Variable Genes", "Gene Filtering", "Variants", "UMIs", "Alignment", "Expression Patterns", "Alternative Splicing", "Immune", "Perturbations", "Cell Cycle", "Rare Cells", "Assembly", "Transformation", "Stem Cells", "Allele Specific", "Modality", "Haplotypes"],
      "nticks": null,
      "ticks": "outside",
      "tickcolor": "rgba(0,0,0,1)",
      "ticklen": 4.64923204649232,
      "tickwidth": 0.66417600664176,
      "showticklabels": true,
      "tickfont": {
        "color": "rgba(0,0,0,1)",
        "family": "",
        "size": 7
      },
      "tickangle": -60,
      "showline": true,
      "linecolor": "rgba(0,0,0,1)",
      "linewidth": 0.66417600664176,
      "showgrid": false,
      "gridcolor": null,
      "gridwidth": 0,
      "zeroline": false,
      "anchor": "y",
      "title": {
        "text": "",
        "font": {
          "color": null,
          "family": null,
          "size": 9
        }
      },
      "hoverformat": ".2f",
      "fixedrange": true
    },
    "yaxis": {
      "domain": [0, 1],
      "automargin": true,
      "type": "linear",
      "autorange": false,
      "range": [-0.0205547652916074, 0.431650071123755],
      "tickmode": "array",
      "ticktext": ["0%", "10%", "20%", "30%", "40%"],
      "tickvals": [0, 0.1, 0.2, 0.3, 0.4],
      "categoryorder": "array",
      "categoryarray": ["0%", "10%", "20%", "30%", "40%"],
      "nticks": null,
      "ticks": "outside",
      "tickcolor": "rgba(0,0,0,1)",
      "ticklen": 4.64923204649232,
      "tickwidth": 0.66417600664176,
      "showticklabels": true,
      "tickfont": {
        "color": "rgba(0,0,0,1)",
        "family": "",
        "size": 7
      },
      "tickangle": -0,
      "showline": true,
      "linecolor": "rgba(0,0,0,1)",
      "linewidth": 0.66417600664176,
      "showgrid": false,
      "gridcolor": null,
      "gridwidth": 0,
      "zeroline": false,
      "anchor": "x",