{
  "data": [
    {
      "orientation": "v",
      "width": [0.95, 0.95, 0.95, 0.95, 0.949999999999999, 0.949999999999999, 0.949999999999999, 0.949999999999999, 0.949999999999999, 0.949999999999999, 0.949999999999999, 0.949999999999999, 0.949999999999999, 0.949999999999999, 0.949999999999999, 0.950000000000001, 0.950000000000003, 0.950000000000003, 0.950000000000003, 0.950000000000003, 0.950000000000003, 0.950000000000003, 0.950000000000003, 0.950000000000003, 0.950000000000003, 0.950000000000003, 0.950000000000003, 0.950000000000003, 0.950000000000003, 0.950000000000003, 0.950000000000003, 0.950000000000003],
      "base": [0, 0, 0, 0, 0, 0, 0, 0, 0, 0, 0, 0, 0, 0, 0, 0, 0, 0, 0, 0, 0, 0, 0, 0, 0, 0, 0, 0, 0, 0, 0, 0],
      "x": [1, 2, 3, 4, 5, 6, 7, 8, 9, 10, 11, 12, 13, 14, 15, 16, 17, 18, 19, 20, 21, 22, 23, 24, 25, 26, 27, 28, 29, 30, 31, 32],
      "y": [0.44947209653092, 0.26395173453997, 0.250377073906486, 0.137254901960784, 0.135746606334842, 0.122171945701357, 0.116138763197587, 0.111613876319759, 0.110105580693816, 0.110105580693816, 0.102564102564103, 0.102564102564103, 0.0874811463046757, 0.0769230769230769, 0.0723981900452489, 0.0663650075414781, 0.0648567119155355, 0.0588235294117647, 0.0512820512820513, 0.0482654600301659, 0.0377073906485671, 0.0361990950226244, 0.0256410256410256, 0.0196078431372549, 0.0180995475113122, 0.0135746606334842, 0.00904977375565611, 0.00904977375565611, 0.00754147812971342, 0.00603318250377074, 0.00603318250377074, 0.00301659125188537],
      "text": ["Category: Visualisation<br />Prop: 0.449472097<br />Count: 298<br />Percent: 44.9", "Category: Clustering<br />Prop: 0.263951735<br />Count: 175<br />Percent: 26.4", "Category: Dimensionality Reduction<br />Prop: 0.250377074<br />Count: 166<br />Percent: 25", "Category: Ordering<br />Prop: 0.137254902<br />Count: 91<br />Percent: 13.7", "Category: Normalisation<br />Prop: 0.135746606<br />Count: 90<br />Percent: 13.6", "Category: Integration<br />Prop: 0.122171946<br />Count: 81<br />Percent: 12.2", "Category: Differential Expression<br />Prop: 0.116138763<br />Count: 77<br />Percent: 11.6", "Category: Quality Control<br />Prop: 0.111613876<br />Count: 74<br />Percent: 11.2", "Category: Gene Networks<br />Prop: 0.110105581<br />Count: 73<br />Percent: 11", "Category: Interactive<br />Prop: 0.110105581<br />Count: 73<br />Percent: 11", "Category: Classification<br />Prop: 0.102564103<br />Count: 68<br />Percent: 10.3", "Category: Marker Genes<br />Prop: 0.102564103<br />Count: 68<br />Percent: 10.3", "Category: Imputation<br />Prop: 0.087481146<br />Count: 58<br />Percent: 8.7", "Category: Simulation<br />Prop: 0.076923077<br />Count: 51<br />Percent: 7.7", "Category: Gene Sets<br />Prop: 0.072398190<br />Count: 48<br />Percent: 7.2", "Category: Variable Genes<br />Prop: 0.066365008<br />Count: 44<br />Percent: 6.6", "Category: Gene Filtering<br />Prop: 0.064856712<br />Count: 43<br />Percent: 6.5", "Category: Quantification<br />Prop: 0.058823529<br />Count: 39<br />Percent: 5.9", "Category: UMIs<br />Prop: 0.051282051<br />Count: 34<br />Percent: 5.1", "Category: Expression Patterns<br />Prop: 0.048265460<br />Count: 32<br />Percent: 4.8", "Category: Variants<br />Prop: 0.037707391<br />Count: 25<br />Percent: 3.8", "Category: Alignment<br />Prop: 0.036199095<br />Count: 24<br />Percent: 3.6", "Category: Cell Cycle<br />Prop: 0.025641026<br />Count: 17<br />Percent: 2.6", "Category: Immune<br />Prop: 0.019607843<br />Count: 13<br />Percent: 2", "Category: Alternative Splicing<br />Prop: 0.018099548<br />Count: 12<br />Percent: 1.8", "Category: Rare Cells<br />Prop: 0.013574661<br />Count: 9<br />Percent: 1.4", "Category: Allele Specific<br />Prop: 0.009049774<br />Count: 6<br />Percent: 0.9", "Category: Assembly<br />Prop: 0.009049774<br />Count: 6<br />Percent: 0.9", "Category: Stem Cells<br />Prop: 0.007541478<br />Count: 5<br />Percent: 0.8", "Category: Modality<br />Prop: 0.006033183<br />Count: 4<br />Percent: 0.6", "Category: Transformation<br />Prop: 0.006033183<br />Count: 4<br />Percent: 0.6", "Category: Haplotypes<br />Prop: 0.003016591<br />Count: 2<br />Percent: 0.3"],
      "type": "bar",
      "marker": {
        "autocolorscale": false,
        "color": "rgba(122,82,199,1)",
        "line": {
          "width": 1.88976377952756,
          "color": "transparent"
        }
      },
      "showlegend": false,
      "xaxis": "x",
      "yaxis": "y",
      "hoverinfo": "text",
      "frame": null
    }
  ],
  "layout": {
    "margin": {
      "t": 0,
      "r": 10,
      "b": 0,
      "l": 55
    },
    "font": {
      "color": "rgba(0,0,0,1)",
      "family": "",
      "size": 18.5969281859693
    },
    "xaxis": {
      "domain": [0, 1],
      "automargin": true,
      "type": "linear",
      "autorange": false,
      "range": [0.4, 32.6],
      "tickmode": "array",
      "ticktext": ["Visualisation", "Clustering", "Dimensionality Reduction", "Ordering", "Normalisation", "Integration", "Differential Expression", "Quality Control", "Gene Networks", "Interactive", "Classification", "Marker Genes", "Imputation", "Simulation", "Gene Sets", "Variable Genes", "Gene Filtering", "Quantification", "UMIs", "Expression Patterns", "Variants", "Alignment", "Cell Cycle", "Immune", "Alternative Splicing", "Rare Cells", "Allele Specific", "Assembly", "Stem Cells", "Modality", "Transformation", "Haplotypes"],
      "tickvals": [1, 2, 3, 4, 5, 6, 7, 8, 9, 10, 11, 12, 13, 14, 15, 16, 17, 18, 19, 20, 21, 22, 23, 24, 25, 26, 27, 28, 29, 30, 31, 32],
      "categoryorder": "array",
      "categoryarray": ["Visualisation", "Clustering", "Dimensionality Reduction", "Ordering", "Normalisation", "Integration", "Differential Expression", "Quality Control", "Gene Networks", "Interactive", "Classification", "Marker Genes", "Imputation", "Simulation", "Gene Sets", "Variable Genes", "Gene Filtering", "Quantification", "UMIs", "Expression Patterns", "Variants", "Alignment", "Cell Cycle", "Immune", "Alternative Splicing", "Rare Cells", "Allele Specific", "Assembly", "Stem Cells", "Modality", "Transformation", "Haplotypes"],
      "nticks": null,
      "ticks": "outside",
      "tickcolor": "rgba(0,0,0,1)",
      "ticklen": 4.64923204649232,
      "tickwidth": 0.66417600664176,
      "showticklabels": true,
      "tickfont": {
        "color": "rgba(0,0,0,1)",
        "family": "",
        "size": 7
      },
      "tickangle": -60,
      "showline": true,
      "linecolor": "rgba(0,0,0,1)",
      "linewidth": 0.66417600664176,
      "showgrid": false,
      "gridcolor": null,
      "gridwidth": 0,
      "zeroline": false,
      "anchor": "y",
      "title": {
        "text": "",
        "font": {
          "color": null,
          "family": null,
          "size": 9
        }
      },
      "hoverformat": ".2f",
      "fixedrange": true
    },
    "yaxis": {
      "domain": [0, 1],
      "automargin": true,
      "type": "linear",
      "autorange": false,
      "range": [-0.022473604826546, 0.471945701357466],
      "tickmode": "array",
      "ticktext": ["0.0%", "10.0%", "20.0%", "30.0%", "40.0%"],
      "tickvals": [0, 0.1, 0.2, 0.3, 0.4],
      "categoryorder": "array",
      "categoryarray": ["0.0%", "10.0%", "20.0%", "30.0%", "40.0%"],
      "nticks": null,
      "ticks": "outside",
      "tickcolor": "rgba(0,0,0,1)",
      "ticklen": 4.64923204649232,
      "tickwidth": 0.66417600664176,
      "showticklabels": true,
      "tickfont": {
        "color": "rgba(0,0,0,1)",
        "family": "",
        "size": 7
      },
      "tickangle": -0,
      "showline": true,
      "linecolor": "rgba(0,0,0,1)",
      "linewidth": 0.66417600664176,
      "showgrid": false,
      "gridcolor": null,
      "gridwidth": 0,
      "zeroline": false,
      "anchor": "x",
      "title": {
        "text": "Percentage of tools",
        "font": {
          "color": "rgba(0,0,0,1)",
          "family": "",
          "size": 9
        }
      },
      "hoverformat": ".2f",