{
  "data": [
    {
      "orientation": "v",
      "width": [0.95, 0.95, 0.95, 0.95, 0.949999999999999, 0.949999999999999, 0.949999999999999, 0.949999999999999, 0.949999999999999, 0.949999999999999, 0.949999999999999, 0.949999999999999, 0.949999999999999, 0.949999999999999, 0.949999999999999, 0.950000000000001, 0.950000000000003, 0.950000000000003, 0.950000000000003, 0.950000000000003, 0.950000000000003, 0.950000000000003, 0.950000000000003, 0.950000000000003, 0.950000000000003, 0.950000000000003, 0.950000000000003, 0.950000000000003, 0.950000000000003, 0.950000000000003, 0.950000000000003, 0.950000000000003, 0.950000000000003],
      "base": [0, 0, 0, 0, 0, 0, 0, 0, 0, 0, 0, 0, 0, 0, 0, 0, 0, 0, 0, 0, 0, 0, 0, 0, 0, 0, 0, 0, 0, 0, 0, 0, 0],
      "x": [1, 2, 3, 4, 5, 6, 7, 8, 9, 10, 11, 12, 13, 14, 15, 16, 17, 18, 19, 20, 21, 22, 23, 24, 25, 26, 27, 28, 29, 30, 31, 32, 33],
      "y": [0.408463661453542, 0.25114995400184, 0.247470101195952, 0.135234590616375, 0.119595216191352, 0.115915363385465, 0.112235510579577, 0.111315547378105, 0.103955841766329, 0.100275988960442, 0.0846366145354186, 0.0827966881324747, 0.0689972401103956, 0.0689972401103956, 0.0671573137074517, 0.0597976080956762, 0.0570377184912604, 0.0496780128794848, 0.0404783808647654, 0.0377184912603496, 0.0358785648574057, 0.0358785648574057, 0.0248390064397424, 0.0229990800367985, 0.0183992640294388, 0.015639374425023, 0.0128794848206072, 0.00735970561177553, 0.00643974241030359, 0.00643974241030359, 0.00551977920883165, 0.00551977920883165, 0.00183992640294388],
      "text": ["Category: Visualisation<br />Prop: 0.408463661<br />Count: 444<br />Percent: 40.8", "Category: Clustering<br />Prop: 0.251149954<br />Count: 273<br />Percent: 25.1", "Category: Dimensionality Reduction<br />Prop: 0.247470101<br />Count: 269<br />Percent: 24.7", "Category: Integration<br />Prop: 0.135234591<br />Count: 147<br />Percent: 13.5", "Category: Ordering<br />Prop: 0.119595216<br />Count: 130<br />Percent: 12", "Category: Gene Networks<br />Prop: 0.115915363<br />Count: 126<br />Percent: 11.6", "Category: Classification<br />Prop: 0.112235511<br />Count: 122<br />Percent: 11.2", "Category: Differential Expression<br />Prop: 0.111315547<br />Count: 121<br />Percent: 11.1", "Category: Normalisation<br />Prop: 0.103955842<br />Count: 113<br />Percent: 10.4", "Category: Quality Control<br />Prop: 0.100275989<br />Count: 109<br />Percent: 10", "Category: Marker Genes<br />Prop: 0.084636615<br />Count: 92<br />Percent: 8.5", "Category: Interactive<br />Prop: 0.082796688<br />Count: 90<br />Percent: 8.3", "Category: Gene Sets<br />Prop: 0.068997240<br />Count: 75<br />Percent: 6.9", "Category: Imputation<br />Prop: 0.068997240<br />Count: 75<br />Percent: 6.9", "Category: Simulation<br />Prop: 0.067157314<br />Count: 73<br />Percent: 6.7", "Category: Variable Genes<br />Prop: 0.059797608<br />Count: 65<br />Percent: 6", "Category: Quantification<br />Prop: 0.057037718<br />Count: 62<br />Percent: 5.7", "Category: Gene Filtering<br />Prop: 0.049678013<br />Count: 54<br />Percent: 5", "Category: Variants<br />Prop: 0.040478381<br />Count: 44<br />Percent: 4", "Category: UMIs<br />Prop: 0.037718491<br />Count: 41<br />Percent: 3.8", "Category: Alignment<br />Prop: 0.035878565<br />Count: 39<br />Percent: 3.6", "Category: Expression Patterns<br />Prop: 0.035878565<br />Count: 39<br />Percent: 3.6", "Category: Alternative Splicing<br />Prop: 0.024839006<br />Count: 27<br />Percent: 2.5", "Category: Cell Cycle<br />Prop: 0.022999080<br />Count: 25<br />Percent: 2.3", "Category: Immune<br />Prop: 0.018399264<br />Count: 20<br />Percent: 1.8", "Category: Perturbations<br />Prop: 0.015639374<br />Count: 17<br />Percent: 1.6", "Category: Rare Cells<br />Prop: 0.012879485<br />Count: 14<br />Percent: 1.3", "Category: Assembly<br />Prop: 0.007359706<br />Count: 8<br />Percent: 0.7", "Category: Modality<br />Prop: 0.006439742<br />Count: 7<br />Percent: 0.6", "Category: Transformation<br />Prop: 0.006439742<br />Count: 7<br />Percent: 0.6", "Category: Allele Specific<br />Prop: 0.005519779<br />Count: 6<br />Percent: 0.6", "Category: Stem Cells<br />Prop: 0.005519779<br />Count: 6<br />Percent: 0.6", "Category: Haplotypes<br />Prop: 0.001839926<br />Count: 2<br />Percent: 0.2"],
      "type": "bar",
      "marker": {
        "autocolorscale": false,
        "color": "rgba(122,82,199,1)",
        "line": {
          "width": 1.88976377952756,
          "color": "transparent"
        }
      },
      "showlegend": false,
      "xaxis": "x",
      "yaxis": "y",
      "hoverinfo": "text",
      "frame": null
    }
  ],
  "layout": {
    "margin": {
      "t": 0,
      "r": 10,
      "b": 0,
      "l": 55
    },
    "font": {
      "color": "rgba(0,0,0,1)",
      "family": "",
      "size": 18.5969281859693
    },
    "xaxis": {
      "domain": [0, 1],
      "automargin": true,
      "type": "linear",
      "autorange": false,
      "range": [0.4, 33.6],
      "tickmode": "array",
      "ticktext": ["Visualisation", "Clustering", "Dimensionality Reduction", "Integration", "Ordering", "Gene Networks", "Classification", "Differential Expression", "Normalisation", "Quality Control", "Marker Genes", "Interactive", "Gene Sets", "Imputation", "Simulation", "Variable Genes", "Quantification", "Gene Filtering", "Variants", "UMIs", "Alignment", "Expression Patterns", "Alternative Splicing", "Cell Cycle", "Immune", "Perturbations", "Rare Cells", "Assembly", "Modality", "Transformation", "Allele Specific", "Stem Cells", "Haplotypes"],
      "tickvals": [1, 2, 3, 4, 5, 6, 7, 8, 9, 10, 11, 12, 13, 14, 15, 16, 17, 18, 19, 20, 21, 22, 23, 24, 25, 26, 27, 28, 29, 30, 31, 32, 33],
      "categoryorder": "array",
      "categoryarray": ["Visualisation", "Clustering", "Dimensionality Reduction", "Integration", "Ordering", "Gene Networks", "Classification", "Differential Expression", "Normalisation", "Quality Control", "Marker Genes", "Interactive", "Gene Sets", "Imputation", "Simulation", "Variable Genes", "Quantification", "Gene Filtering", "Variants", "UMIs", "Alignment", "Expression Patterns", "Alternative Splicing", "Cell Cycle", "Immune", "Perturbations", "Rare Cells", "Assembly", "Modality", "Transformation", "Allele Specific", "Stem Cells", "Haplotypes"],
      "nticks": null,
      "ticks": "outside",
      "tickcolor": "rgba(0,0,0,1)",
      "ticklen": 4.64923204649232,
      "tickwidth": 0.66417600664176,
      "showticklabels": true,
      "tickfont": {
        "color": "rgba(0,0,0,1)",
        "family": "",
        "size": 7
      },
      "tickangle": -60,
      "showline": true,
      "linecolor": "rgba(0,0,0,1)",
      "linewidth": 0.66417600664176,
      "showgrid": false,
      "gridcolor": null,
      "gridwidth": 0,
      "zeroline": false,
      "anchor": "y",
      "title": {
        "text": "",
        "font": {
          "color": null,
          "family": null,
          "size": 9
        }
      },
      "hoverformat": ".2f",
      "fixedrange": true
    },
    "yaxis": {
      "domain": [0, 1],
      "automargin": true,
      "type": "linear",
      "autorange": false,
      "range": [-0.0204231830726771, 0.428886844526219],
      "tickmode": "array",
      "ticktext": ["0.0%", "10.0%", "20.0%", "30.0%", "40.0%"],
      "tickvals": [0, 0.1, 0.2, 0.3, 0.4],
      "categoryorder": "array",
      "categoryarray": ["0.0%", "10.0%", "20.0%", "30.0%", "40.0%"],
      "nticks": null,
      "ticks": "outside",
      "tickcolor": "rgba(0,0,0,1)",
      "ticklen": 4.64923204649232,
      "tickwidth": 0.66417600664176,
      "showticklabels": true,
      "tickfont": {
        "color": "rgba(0,0,0,1)",
        "family": "",
        "size": 7
      },
      "tickangle": -0,
      "showline": true,
      "linecolor": "rgba(0,0,0,1)",
      "linewidth": 0.66417600664176,
      "showgrid": false,
      "gridcolor": null,
      "gridwidth": 0,
      "zeroline": false,
      "anchor": "x",