{
  "data": [
    {
      "orientation": "v",
      "width": [0.95, 0.95, 0.95, 0.95, 0.949999999999999, 0.949999999999999, 0.949999999999999, 0.949999999999999, 0.949999999999999, 0.949999999999999, 0.949999999999999, 0.949999999999999, 0.949999999999999, 0.949999999999999, 0.949999999999999, 0.950000000000001, 0.950000000000003, 0.950000000000003, 0.950000000000003, 0.950000000000003, 0.950000000000003, 0.950000000000003, 0.950000000000003, 0.950000000000003, 0.950000000000003, 0.950000000000003, 0.950000000000003, 0.950000000000003, 0.950000000000003, 0.950000000000003, 0.950000000000003, 0.950000000000003],
      "base": [0, 0, 0, 0, 0, 0, 0, 0, 0, 0, 0, 0, 0, 0, 0, 0, 0, 0, 0, 0, 0, 0, 0, 0, 0, 0, 0, 0, 0, 0, 0, 0],
      "x": [1, 2, 3, 4, 5, 6, 7, 8, 9, 10, 11, 12, 13, 14, 15, 16, 17, 18, 19, 20, 21, 22, 23, 24, 25, 26, 27, 28, 29, 30, 31, 32],
      "y": [0.454844006568144, 0.266009852216749, 0.249589490968801, 0.146141215106732, 0.144499178981938, 0.118226600985222, 0.114942528735632, 0.114942528735632, 0.113300492610837, 0.108374384236453, 0.103448275862069, 0.0919540229885057, 0.0853858784893268, 0.0804597701149425, 0.0738916256157636, 0.0722495894909688, 0.0656814449917898, 0.0623973727422003, 0.0541871921182266, 0.0509031198686371, 0.0394088669950739, 0.0361247947454844, 0.0246305418719212, 0.0197044334975369, 0.0180623973727422, 0.0147783251231527, 0.00985221674876847, 0.00985221674876847, 0.00821018062397373, 0.00656814449917898, 0.00656814449917898, 0.00328407224958949],
      "text": ["Category: Visualisation<br />Prop: 0.454844007<br />Count: 277<br />Percent: 45.5", "Category: Clustering<br />Prop: 0.266009852<br />Count: 162<br />Percent: 26.6", "Category: Dimensionality Reduction<br />Prop: 0.249589491<br />Count: 152<br />Percent: 25", "Category: Ordering<br />Prop: 0.146141215<br />Count: 89<br />Percent: 14.6", "Category: Normalisation<br />Prop: 0.144499179<br />Count: 88<br />Percent: 14.4", "Category: Integration<br />Prop: 0.118226601<br />Count: 72<br />Percent: 11.8", "Category: Differential Expression<br />Prop: 0.114942529<br />Count: 70<br />Percent: 11.5", "Category: Quality Control<br />Prop: 0.114942529<br />Count: 70<br />Percent: 11.5", "Category: Interactive<br />Prop: 0.113300493<br />Count: 69<br />Percent: 11.3", "Category: Gene Networks<br />Prop: 0.108374384<br />Count: 66<br />Percent: 10.8", "Category: Marker Genes<br />Prop: 0.103448276<br />Count: 63<br />Percent: 10.3", "Category: Classification<br />Prop: 0.091954023<br />Count: 56<br />Percent: 9.2", "Category: Imputation<br />Prop: 0.085385878<br />Count: 52<br />Percent: 8.5", "Category: Simulation<br />Prop: 0.080459770<br />Count: 49<br />Percent: 8", "Category: Gene Sets<br />Prop: 0.073891626<br />Count: 45<br />Percent: 7.4", "Category: Variable Genes<br />Prop: 0.072249589<br />Count: 44<br />Percent: 7.2", "Category: Gene Filtering<br />Prop: 0.065681445<br />Count: 40<br />Percent: 6.6", "Category: Quantification<br />Prop: 0.062397373<br />Count: 38<br />Percent: 6.2", "Category: UMIs<br />Prop: 0.054187192<br />Count: 33<br />Percent: 5.4", "Category: Expression Patterns<br />Prop: 0.050903120<br />Count: 31<br />Percent: 5.1", "Category: Variants<br />Prop: 0.039408867<br />Count: 24<br />Percent: 3.9", "Category: Alignment<br />Prop: 0.036124795<br />Count: 22<br />Percent: 3.6", "Category: Cell Cycle<br />Prop: 0.024630542<br />Count: 15<br />Percent: 2.5", "Category: Alternative Splicing<br />Prop: 0.019704433<br />Count: 12<br />Percent: 2", "Category: Immune<br />Prop: 0.018062397<br />Count: 11<br />Percent: 1.8", "Category: Rare Cells<br />Prop: 0.014778325<br />Count: 9<br />Percent: 1.5", "Category: Allele Specific<br />Prop: 0.009852217<br />Count: 6<br />Percent: 1", "Category: Assembly<br />Prop: 0.009852217<br />Count: 6<br />Percent: 1", "Category: Stem Cells<br />Prop: 0.008210181<br />Count: 5<br />Percent: 0.8", "Category: Modality<br />Prop: 0.006568144<br />Count: 4<br />Percent: 0.7", "Category: Transformation<br />Prop: 0.006568144<br />Count: 4<br />Percent: 0.7", "Category: Haplotypes<br />Prop: 0.003284072<br />Count: 2<br />Percent: 0.3"],
      "type": "bar",
      "marker": {
        "autocolorscale": false,
        "color": "rgba(122,82,199,1)",
        "line": {
          "width": 1.88976377952756,
          "color": "transparent"
        }
      },
      "showlegend": false,
      "xaxis": "x",
      "yaxis": "y",
      "hoverinfo": "text",
      "frame": null
    }
  ],
  "layout": {
    "margin": {
      "t": 0,
      "r": 10,
      "b": 0,
      "l": 55
    },
    "font": {
      "color": "rgba(0,0,0,1)",
      "family": "",
      "size": 18.5969281859693
    },
    "xaxis": {
      "domain": [0, 1],
      "automargin": true,
      "type": "linear",
      "autorange": false,
      "range": [0.4, 32.6],
      "tickmode": "array",
      "ticktext": ["Visualisation", "Clustering", "Dimensionality Reduction", "Ordering", "Normalisation", "Integration", "Differential Expression", "Quality Control", "Interactive", "Gene Networks", "Marker Genes", "Classification", "Imputation", "Simulation", "Gene Sets", "Variable Genes", "Gene Filtering", "Quantification", "UMIs", "Expression Patterns", "Variants", "Alignment", "Cell Cycle", "Alternative Splicing", "Immune", "Rare Cells", "Allele Specific", "Assembly", "Stem Cells", "Modality", "Transformation", "Haplotypes"],
      "tickvals": [1, 2, 3, 4, 5, 6, 7, 8, 9, 10, 11, 12, 13, 14, 15, 16, 17, 18, 19, 20, 21, 22, 23, 24, 25, 26, 27, 28, 29, 30, 31, 32],
      "categoryorder": "array",
      "categoryarray": ["Visualisation", "Clustering", "Dimensionality Reduction", "Ordering", "Normalisation", "Integration", "Differential Expression", "Quality Control", "Interactive", "Gene Networks", "Marker Genes", "Classification", "Imputation", "Simulation", "Gene Sets", "Variable Genes", "Gene Filtering", "Quantification", "UMIs", "Expression Patterns", "Variants", "Alignment", "Cell Cycle", "Alternative Splicing", "Immune", "Rare Cells", "Allele Specific", "Assembly", "Stem Cells", "Modality", "Transformation", "Haplotypes"],
      "nticks": null,
      "ticks": "outside",
      "tickcolor": "rgba(0,0,0,1)",
      "ticklen": 4.64923204649232,
      "tickwidth": 0.66417600664176,
      "showticklabels": true,
      "tickfont": {
        "color": "rgba(0,0,0,1)",
        "family": "",
        "size": 7
      },
      "tickangle": -60,
      "showline": true,
      "linecolor": "rgba(0,0,0,1)",
      "linewidth": 0.66417600664176,
      "showgrid": false,
      "gridcolor": null,
      "gridwidth": 0,
      "zeroline": false,
      "anchor": "y",
      "title": {
        "text": "",
        "font": {
          "color": null,
          "family": null,
          "size": 9
        }
      },
      "hoverformat": ".2f",
      "fixedrange": true
    },
    "yaxis": {
      "domain": [0, 1],
      "automargin": true,
      "type": "linear",
      "autorange": false,
      "range": [-0.0227422003284072, 0.477586206896552],
      "tickmode": "array",
      "ticktext": ["0.0%", "10.0%", "20.0%", "30.0%", "40.0%"],
      "tickvals": [0, 0.1, 0.2, 0.3, 0.4],
      "categoryorder": "array",
      "categoryarray": ["0.0%", "10.0%", "20.0%", "30.0%", "40.0%"],
      "nticks": null,
      "ticks": "outside",
      "tickcolor": "rgba(0,0,0,1)",
      "ticklen": 4.64923204649232,
      "tickwidth": 0.66417600664176,
      "showticklabels": true,
      "tickfont": {
        "color": "rgba(0,0,0,1)",
        "family": "",
        "size": 7
      },
      "tickangle": -0,
      "showline": true,
      "linecolor": "rgba(0,0,0,1)",
      "linewidth": 0.66417600664176,
      "showgrid": false,
      "gridcolor": null,
      "gridwidth": 0,
      "zeroline": false,
      "anchor": "x",
      "title": {
        "text": "Percentage of tools",
        "font": {
          "color": "rgba(0,0,0,1)",
          "family": "",
          "size": 9
        }
      },
      "hoverformat": ".2f",