{
  "data": [
    {
      "orientation": "v",
      "width": [0.95, 0.95, 0.95, 0.95, 0.949999999999999, 0.949999999999999, 0.949999999999999, 0.949999999999999, 0.949999999999999, 0.949999999999999, 0.949999999999999, 0.949999999999999, 0.949999999999999, 0.949999999999999, 0.949999999999999, 0.950000000000001, 0.950000000000003, 0.950000000000003, 0.950000000000003, 0.950000000000003, 0.950000000000003, 0.950000000000003, 0.950000000000003, 0.950000000000003, 0.950000000000003, 0.950000000000003, 0.950000000000003, 0.950000000000003, 0.950000000000003, 0.950000000000003, 0.950000000000003, 0.950000000000003],
      "base": [0, 0, 0, 0, 0, 0, 0, 0, 0, 0, 0, 0, 0, 0, 0, 0, 0, 0, 0, 0, 0, 0, 0, 0, 0, 0, 0, 0, 0, 0, 0, 0],
      "x": [1, 2, 3, 4, 5, 6, 7, 8, 9, 10, 11, 12, 13, 14, 15, 16, 17, 18, 19, 20, 21, 22, 23, 24, 25, 26, 27, 28, 29, 30, 31, 32],
      "y": [0.453004622496148, 0.26502311248074, 0.254237288135593, 0.140215716486903, 0.138674884437596, 0.120184899845917, 0.117103235747304, 0.112480739599384, 0.110939907550077, 0.10939907550077, 0.103235747303544, 0.101694915254237, 0.0893682588597843, 0.0770416024653313, 0.0724191063174114, 0.0677966101694915, 0.0662557781201849, 0.0600924499229584, 0.0508474576271186, 0.049306625577812, 0.0385208012326656, 0.036979969183359, 0.0261941448382126, 0.0200308166409861, 0.0184899845916795, 0.0138674884437596, 0.00924499229583975, 0.00924499229583975, 0.00770416024653313, 0.0061633281972265, 0.0061633281972265, 0.00308166409861325],
      "text": ["Category: Visualisation<br />Prop: 0.453004622<br />Count: 294<br />Percent: 45.3", "Category: Clustering<br />Prop: 0.265023112<br />Count: 172<br />Percent: 26.5", "Category: Dimensionality Reduction<br />Prop: 0.254237288<br />Count: 165<br />Percent: 25.4", "Category: Ordering<br />Prop: 0.140215716<br />Count: 91<br />Percent: 14", "Category: Normalisation<br />Prop: 0.138674884<br />Count: 90<br />Percent: 13.9", "Category: Integration<br />Prop: 0.120184900<br />Count: 78<br />Percent: 12", "Category: Differential Expression<br />Prop: 0.117103236<br />Count: 76<br />Percent: 11.7", "Category: Quality Control<br />Prop: 0.112480740<br />Count: 73<br />Percent: 11.2", "Category: Interactive<br />Prop: 0.110939908<br />Count: 72<br />Percent: 11.1", "Category: Gene Networks<br />Prop: 0.109399076<br />Count: 71<br />Percent: 10.9", "Category: Marker Genes<br />Prop: 0.103235747<br />Count: 67<br />Percent: 10.3", "Category: Classification<br />Prop: 0.101694915<br />Count: 66<br />Percent: 10.2", "Category: Imputation<br />Prop: 0.089368259<br />Count: 58<br />Percent: 8.9", "Category: Simulation<br />Prop: 0.077041602<br />Count: 50<br />Percent: 7.7", "Category: Gene Sets<br />Prop: 0.072419106<br />Count: 47<br />Percent: 7.2", "Category: Variable Genes<br />Prop: 0.067796610<br />Count: 44<br />Percent: 6.8", "Category: Gene Filtering<br />Prop: 0.066255778<br />Count: 43<br />Percent: 6.6", "Category: Quantification<br />Prop: 0.060092450<br />Count: 39<br />Percent: 6", "Category: UMIs<br />Prop: 0.050847458<br />Count: 33<br />Percent: 5.1", "Category: Expression Patterns<br />Prop: 0.049306626<br />Count: 32<br />Percent: 4.9", "Category: Variants<br />Prop: 0.038520801<br />Count: 25<br />Percent: 3.9", "Category: Alignment<br />Prop: 0.036979969<br />Count: 24<br />Percent: 3.7", "Category: Cell Cycle<br />Prop: 0.026194145<br />Count: 17<br />Percent: 2.6", "Category: Immune<br />Prop: 0.020030817<br />Count: 13<br />Percent: 2", "Category: Alternative Splicing<br />Prop: 0.018489985<br />Count: 12<br />Percent: 1.8", "Category: Rare Cells<br />Prop: 0.013867488<br />Count: 9<br />Percent: 1.4", "Category: Allele Specific<br />Prop: 0.009244992<br />Count: 6<br />Percent: 0.9", "Category: Assembly<br />Prop: 0.009244992<br />Count: 6<br />Percent: 0.9", "Category: Stem Cells<br />Prop: 0.007704160<br />Count: 5<br />Percent: 0.8", "Category: Modality<br />Prop: 0.006163328<br />Count: 4<br />Percent: 0.6", "Category: Transformation<br />Prop: 0.006163328<br />Count: 4<br />Percent: 0.6", "Category: Haplotypes<br />Prop: 0.003081664<br />Count: 2<br />Percent: 0.3"],
      "type": "bar",
      "marker": {
        "autocolorscale": false,
        "color": "rgba(122,82,199,1)",
        "line": {
          "width": 1.88976377952756,
          "color": "transparent"
        }
      },
      "showlegend": false,
      "xaxis": "x",
      "yaxis": "y",
      "hoverinfo": "text",
      "frame": null
    }
  ],
  "layout": {
    "margin": {
      "t": 0,
      "r": 10,
      "b": 0,
      "l": 55
    },
    "font": {
      "color": "rgba(0,0,0,1)",
      "family": "",
      "size": 18.5969281859693
    },
    "xaxis": {
      "domain": [0, 1],
      "automargin": true,
      "type": "linear",
      "autorange": false,
      "range": [0.4, 32.6],
      "tickmode": "array",
      "ticktext": ["Visualisation", "Clustering", "Dimensionality Reduction", "Ordering", "Normalisation", "Integration", "Differential Expression", "Quality Control", "Interactive", "Gene Networks", "Marker Genes", "Classification", "Imputation", "Simulation", "Gene Sets", "Variable Genes", "Gene Filtering", "Quantification", "UMIs", "Expression Patterns", "Variants", "Alignment", "Cell Cycle", "Immune", "Alternative Splicing", "Rare Cells", "Allele Specific", "Assembly", "Stem Cells", "Modality", "Transformation", "Haplotypes"],
      "tickvals": [1, 2, 3, 4, 5, 6, 7, 8, 9, 10, 11, 12, 13, 14, 15, 16, 17, 18, 19, 20, 21, 22, 23, 24, 25, 26, 27, 28, 29, 30, 31, 32],
      "categoryorder": "array",
      "categoryarray": ["Visualisation", "Clustering", "Dimensionality Reduction", "Ordering", "Normalisation", "Integration", "Differential Expression", "Quality Control", "Interactive", "Gene Networks", "Marker Genes", "Classification", "Imputation", "Simulation", "Gene Sets", "Variable Genes", "Gene Filtering", "Quantification", "UMIs", "Expression Patterns", "Variants", "Alignment", "Cell Cycle", "Immune", "Alternative Splicing", "Rare Cells", "Allele Specific", "Assembly", "Stem Cells", "Modality", "Transformation", "Haplotypes"],
      "nticks": null,
      "ticks": "outside",
      "tickcolor": "rgba(0,0,0,1)",
      "ticklen": 4.64923204649232,
      "tickwidth": 0.66417600664176,
      "showticklabels": true,
      "tickfont": {
        "color": "rgba(0,0,0,1)",
        "family": "",
        "size": 7
      },
      "tickangle": -60,
      "showline": true,
      "linecolor": "rgba(0,0,0,1)",
      "linewidth": 0.66417600664176,
      "showgrid": false,
      "gridcolor": null,
      "gridwidth": 0,
      "zeroline": false,
      "anchor": "y",
      "title": {
        "text": "",
        "font": {
          "color": null,
          "family": null,
          "size": 9
        }
      },
      "hoverformat": ".2f",
      "fixedrange": true
    },
    "yaxis": {
      "domain": [0, 1],
      "automargin": true,
      "type": "linear",
      "autorange": false,
      "range": [-0.0226502311248074, 0.475654853620955],
      "tickmode": "array",
      "ticktext": ["0.0%", "10.0%", "20.0%", "30.0%", "40.0%"],
      "tickvals": [0, 0.1, 0.2, 0.3, 0.4],
      "categoryorder": "array",
      "categoryarray": ["0.0%", "10.0%", "20.0%", "30.0%", "40.0%"],
      "nticks": null,
      "ticks": "outside",
      "tickcolor": "rgba(0,0,0,1)",
      "ticklen": 4.64923204649232,
      "tickwidth": 0.66417600664176,
      "showticklabels": true,
      "tickfont": {
        "color": "rgba(0,0,0,1)",
        "family": "",
        "size": 7
      },
      "tickangle": -0,
      "showline": true,
      "linecolor": "rgba(0,0,0,1)",
      "linewidth": 0.66417600664176,
      "showgrid": false,
      "gridcolor": null,
      "gridwidth": 0,
      "zeroline": false,
      "anchor": "x",
      "title": {
        "text": "Percentage of tools",
        "font": {
          "color": "rgba(0,0,0,1)",
          "family": "",
          "size": 9
        }
      },
      "hoverformat": ".2f",