{
  "data": [
    {
      "orientation": "v",
      "width": [0.95, 0.95, 0.95, 0.95, 0.949999999999999, 0.949999999999999, 0.949999999999999, 0.949999999999999, 0.949999999999999, 0.949999999999999, 0.949999999999999, 0.949999999999999, 0.949999999999999, 0.949999999999999, 0.949999999999999, 0.950000000000001, 0.950000000000003, 0.950000000000003, 0.950000000000003, 0.950000000000003, 0.950000000000003, 0.950000000000003, 0.950000000000003, 0.950000000000003, 0.950000000000003, 0.950000000000003, 0.950000000000003, 0.950000000000003, 0.950000000000003, 0.950000000000003, 0.950000000000003, 0.950000000000003],
      "base": [0, 0, 0, 0, 0, 0, 0, 0, 0, 0, 0, 0, 0, 0, 0, 0, 0, 0, 0, 0, 0, 0, 0, 0, 0, 0, 0, 0, 0, 0, 0, 0],
      "x": [1, 2, 3, 4, 5, 6, 7, 8, 9, 10, 11, 12, 13, 14, 15, 16, 17, 18, 19, 20, 21, 22, 23, 24, 25, 26, 27, 28, 29, 30, 31, 32],
      "y": [0.438157894736842, 0.256578947368421, 0.248684210526316, 0.134210526315789, 0.132894736842105, 0.123684210526316, 0.111842105263158, 0.109210526315789, 0.109210526315789, 0.103947368421053, 0.102631578947368, 0.0921052631578947, 0.0842105263157895, 0.0723684210526316, 0.068421052631579, 0.0657894736842105, 0.0618421052631579, 0.0565789473684211, 0.0473684210526316, 0.0447368421052632, 0.0355263157894737, 0.0355263157894737, 0.0236842105263158, 0.0197368421052632, 0.0171052631578947, 0.0118421052631579, 0.00789473684210526, 0.00789473684210526, 0.00657894736842105, 0.00526315789473684, 0.00526315789473684, 0.00263157894736842],
      "text": ["Category: Visualisation<br />Prop: 0.438157895<br />Count: 333<br />Percent: 43.8", "Category: Clustering<br />Prop: 0.256578947<br />Count: 195<br />Percent: 25.7", "Category: Dimensionality Reduction<br />Prop: 0.248684211<br />Count: 189<br />Percent: 24.9", "Category: Ordering<br />Prop: 0.134210526<br />Count: 102<br />Percent: 13.4", "Category: Integration<br />Prop: 0.132894737<br />Count: 101<br />Percent: 13.3", "Category: Normalisation<br />Prop: 0.123684211<br />Count: 94<br />Percent: 12.4", "Category: Differential Expression<br />Prop: 0.111842105<br />Count: 85<br />Percent: 11.2", "Category: Classification<br />Prop: 0.109210526<br />Count: 83<br />Percent: 10.9", "Category: Quality Control<br />Prop: 0.109210526<br />Count: 83<br />Percent: 10.9", "Category: Gene Networks<br />Prop: 0.103947368<br />Count: 79<br />Percent: 10.4", "Category: Interactive<br />Prop: 0.102631579<br />Count: 78<br />Percent: 10.3", "Category: Marker Genes<br />Prop: 0.092105263<br />Count: 70<br />Percent: 9.2", "Category: Imputation<br />Prop: 0.084210526<br />Count: 64<br />Percent: 8.4", "Category: Gene Sets<br />Prop: 0.072368421<br />Count: 55<br />Percent: 7.2", "Category: Simulation<br />Prop: 0.068421053<br />Count: 52<br />Percent: 6.8", "Category: Variable Genes<br />Prop: 0.065789474<br />Count: 50<br />Percent: 6.6", "Category: Gene Filtering<br />Prop: 0.061842105<br />Count: 47<br />Percent: 6.2", "Category: Quantification<br />Prop: 0.056578947<br />Count: 43<br />Percent: 5.7", "Category: UMIs<br />Prop: 0.047368421<br />Count: 36<br />Percent: 4.7", "Category: Expression Patterns<br />Prop: 0.044736842<br />Count: 34<br />Percent: 4.5", "Category: Alignment<br />Prop: 0.035526316<br />Count: 27<br />Percent: 3.6", "Category: Variants<br />Prop: 0.035526316<br />Count: 27<br />Percent: 3.6", "Category: Cell Cycle<br />Prop: 0.023684211<br />Count: 18<br />Percent: 2.4", "Category: Immune<br />Prop: 0.019736842<br />Count: 15<br />Percent: 2", "Category: Alternative Splicing<br />Prop: 0.017105263<br />Count: 13<br />Percent: 1.7", "Category: Rare Cells<br />Prop: 0.011842105<br />Count: 9<br />Percent: 1.2", "Category: Allele Specific<br />Prop: 0.007894737<br />Count: 6<br />Percent: 0.8", "Category: Assembly<br />Prop: 0.007894737<br />Count: 6<br />Percent: 0.8", "Category: Stem Cells<br />Prop: 0.006578947<br />Count: 5<br />Percent: 0.7", "Category: Modality<br />Prop: 0.005263158<br />Count: 4<br />Percent: 0.5", "Category: Transformation<br />Prop: 0.005263158<br />Count: 4<br />Percent: 0.5", "Category: Haplotypes<br />Prop: 0.002631579<br />Count: 2<br />Percent: 0.3"],
      "type": "bar",
      "marker": {
        "autocolorscale": false,
        "color": "rgba(122,82,199,1)",
        "line": {
          "width": 1.88976377952756,
          "color": "transparent"
        }
      },
      "showlegend": false,
      "xaxis": "x",
      "yaxis": "y",
      "hoverinfo": "text",
      "frame": null
    }
  ],
  "layout": {
    "margin": {
      "t": 0,
      "r": 10,
      "b": 0,
      "l": 55
    },
    "font": {
      "color": "rgba(0,0,0,1)",
      "family": "",
      "size": 18.5969281859693
    },
    "xaxis": {
      "domain": [0, 1],
      "automargin": true,
      "type": "linear",
      "autorange": false,
      "range": [0.4, 32.6],
      "tickmode": "array",
      "ticktext": ["Visualisation", "Clustering", "Dimensionality Reduction", "Ordering", "Integration", "Normalisation", "Differential Expression", "Classification", "Quality Control", "Gene Networks", "Interactive", "Marker Genes", "Imputation", "Gene Sets", "Simulation", "Variable Genes", "Gene Filtering", "Quantification", "UMIs", "Expression Patterns", "Alignment", "Variants", "Cell Cycle", "Immune", "Alternative Splicing", "Rare Cells", "Allele Specific", "Assembly", "Stem Cells", "Modality", "Transformation", "Haplotypes"],
      "tickvals": [1, 2, 3, 4, 5, 6, 7, 8, 9, 10, 11, 12, 13, 14, 15, 16, 17, 18, 19, 20, 21, 22, 23, 24, 25, 26, 27, 28, 29, 30, 31, 32],
      "categoryorder": "array",
      "categoryarray": ["Visualisation", "Clustering", "Dimensionality Reduction", "Ordering", "Integration", "Normalisation", "Differential Expression", "Classification", "Quality Control", "Gene Networks", "Interactive", "Marker Genes", "Imputation", "Gene Sets", "Simulation", "Variable Genes", "Gene Filtering", "Quantification", "UMIs", "Expression Patterns", "Alignment", "Variants", "Cell Cycle", "Immune", "Alternative Splicing", "Rare Cells", "Allele Specific", "Assembly", "Stem Cells", "Modality", "Transformation", "Haplotypes"],
      "nticks": null,
      "ticks": "outside",
      "tickcolor": "rgba(0,0,0,1)",
      "ticklen": 4.64923204649232,
      "tickwidth": 0.66417600664176,
      "showticklabels": true,
      "tickfont": {
        "color": "rgba(0,0,0,1)",
        "family": "",
        "size": 7
      },
      "tickangle": -60,
      "showline": true,
      "linecolor": "rgba(0,0,0,1)",
      "linewidth": 0.66417600664176,
      "showgrid": false,
      "gridcolor": null,
      "gridwidth": 0,
      "zeroline": false,
      "anchor": "y",
      "title": {
        "text": "",
        "font": {
          "color": null,
          "family": null,
          "size": 9
        }
      },
      "hoverformat": ".2f",
      "fixedrange": true
    },
    "yaxis": {
      "domain": [0, 1],
      "automargin": true,
      "type": "linear",
      "autorange": false,
      "range": [-0.0219078947368421, 0.460065789473684],
      "tickmode": "array",
      "ticktext": ["0.0%", "10.0%", "20.0%", "30.0%", "40.0%"],
      "tickvals": [0, 0.1, 0.2, 0.3, 0.4],
      "categoryorder": "array",
      "categoryarray": ["0.0%", "10.0%", "20.0%", "30.0%", "40.0%"],
      "nticks": null,
      "ticks": "outside",
      "tickcolor": "rgba(0,0,0,1)",
      "ticklen": 4.64923204649232,
      "tickwidth": 0.66417600664176,
      "showticklabels": true,
      "tickfont": {
        "color": "rgba(0,0,0,1)",
        "family": "",
        "size": 7
      },
      "tickangle": -0,
      "showline": true,
      "linecolor": "rgba(0,0,0,1)",
      "linewidth": 0.66417600664176,
      "showgrid": false,
      "gridcolor": null,
      "gridwidth": 0,
      "zeroline": false,
      "anchor": "x",
      "title": {
        "text": "Percentage of tools",
        "font": {
          "color": "rgba(0,0,0,1)",
          "family": "",
          "size": 9
        }
      },
      "hoverformat": ".2f",