{
  "data": [
    {
      "orientation": "v",
      "width": [0.95, 0.95, 0.95, 0.95, 0.949999999999999, 0.949999999999999, 0.949999999999999, 0.949999999999999, 0.949999999999999, 0.949999999999999, 0.949999999999999, 0.949999999999999, 0.949999999999999, 0.949999999999999, 0.949999999999999, 0.950000000000001, 0.950000000000003, 0.950000000000003, 0.950000000000003, 0.950000000000003, 0.950000000000003, 0.950000000000003, 0.950000000000003, 0.950000000000003, 0.950000000000003, 0.950000000000003, 0.950000000000003, 0.950000000000003, 0.950000000000003, 0.950000000000003, 0.950000000000003, 0.950000000000003, 0.950000000000003],
      "base": [0, 0, 0, 0, 0, 0, 0, 0, 0, 0, 0, 0, 0, 0, 0, 0, 0, 0, 0, 0, 0, 0, 0, 0, 0, 0, 0, 0, 0, 0, 0, 0, 0],
      "x": [1, 2, 3, 4, 5, 6, 7, 8, 9, 10, 11, 12, 13, 14, 15, 16, 17, 18, 19, 20, 21, 22, 23, 24, 25, 26, 27, 28, 29, 30, 31, 32, 33],
      "y": [0.412709497206704, 0.240223463687151, 0.238128491620112, 0.149441340782123, 0.127793296089385, 0.115921787709497, 0.114525139664804, 0.101256983240223, 0.098463687150838, 0.0970670391061453, 0.0837988826815642, 0.0712290502793296, 0.0684357541899441, 0.0649441340782123, 0.0628491620111732, 0.0600558659217877, 0.0579608938547486, 0.0446927374301676, 0.0432960893854749, 0.0370111731843575, 0.0363128491620112, 0.032122905027933, 0.026536312849162, 0.0258379888268156, 0.0209497206703911, 0.0202513966480447, 0.013268156424581, 0.00698324022346369, 0.00628491620111732, 0.00558659217877095, 0.00488826815642458, 0.00488826815642458, 0.00139664804469274],
      "text": ["Category: Visualisation<br />Count: 591<br />Percent: 41.3", "Category: Dimensionality Reduction<br />Count: 344<br />Percent: 24", "Category: Clustering<br />Count: 341<br />Percent: 23.8", "Category: Integration<br />Count: 214<br />Percent: 14.9", "Category: Gene Networks<br />Count: 183<br />Percent: 12.8", "Category: Classification<br />Count: 166<br />Percent: 11.6", "Category: Ordering<br />Count: 164<br />Percent: 11.5", "Category: Quality Control<br />Count: 145<br />Percent: 10.1", "Category: Differential Expression<br />Count: 141<br />Percent: 9.8", "Category: Normalisation<br />Count: 139<br />Percent: 9.7", "Category: Marker Genes<br />Count: 120<br />Percent: 8.4", "Category: Gene Sets<br />Count: 102<br />Percent: 7.1", "Category: Interactive<br />Count: 98<br />Percent: 6.8", "Category: Imputation<br />Count: 93<br />Percent: 6.5", "Category: Quantification<br />Count: 90<br />Percent: 6.3", "Category: Simulation<br />Count: 86<br />Percent: 6", "Category: Variable Genes<br />Count: 83<br />Percent: 5.8", "Category: Variants<br />Count: 64<br />Percent: 4.5", "Category: Gene Filtering<br />Count: 62<br />Percent: 4.3", "Category: UMIs<br />Count: 53<br />Percent: 3.7", "Category: Alignment<br />Count: 52<br />Percent: 3.6", "Category: Expression Patterns<br />Count: 46<br />Percent: 3.2", "Category: Alternative Splicing<br />Count: 38<br />Percent: 2.7", "Category: Immune<br />Count: 37<br />Percent: 2.6", "Category: Perturbations<br />Count: 30<br />Percent: 2.1", "Category: Cell Cycle<br />Count: 29<br />Percent: 2", "Category: Rare Cells<br />Count: 19<br />Percent: 1.3", "Category: Assembly<br />Count: 10<br />Percent: 0.7", "Category: Transformation<br />Count: 9<br />Percent: 0.6", "Category: Stem Cells<br />Count: 8<br />Percent: 0.6", "Category: Allele Specific<br />Count: 7<br />Percent: 0.5", "Category: Modality<br />Count: 7<br />Percent: 0.5", "Category: Haplotypes<br />Count: 2<br />Percent: 0.1"],
      "type": "bar",
      "textposition": "none",
      "marker": {
        "autocolorscale": false,
        "color": "rgba(122,82,199,1)",
        "line": {
          "width": 1.88976377952756,
          "color": "transparent"
        }
      },
      "showlegend": false,
      "xaxis": "x",
      "yaxis": "y",
      "hoverinfo": "text",
      "frame": null
    }
  ],
  "layout": {
    "margin": {
      "t": 50,
      "r": 30,
      "b": 50,
      "l": 70
    },
    "font": {
      "color": "rgba(0,0,0,1)",
      "family": "",
      "size": 18.5969281859693
    },
    "xaxis": {
      "domain": [0, 1],
      "automargin": true,
      "type": "linear",
      "autorange": false,
      "range": [0.4, 33.6],
      "tickmode": "array",
      "ticktext": ["Visualisation", "Dimensionality Reduction", "Clustering", "Integration", "Gene Networks", "Classification", "Ordering", "Quality Control", "Differential Expression", "Normalisation", "Marker Genes", "Gene Sets", "Interactive", "Imputation", "Quantification", "Simulation", "Variable Genes", "Variants", "Gene Filtering", "UMIs", "Alignment", "Expression Patterns", "Alternative Splicing", "Immune", "Perturbations", "Cell Cycle", "Rare Cells", "Assembly", "Transformation", "Stem Cells", "Allele Specific", "Modality", "Haplotypes"],
      "tickvals": [1, 2, 3, 4, 5, 6, 7, 8, 9, 10, 11, 12, 13, 14, 15, 16, 17, 18, 19, 20, 21, 22, 23, 24, 25, 26, 27, 28, 29, 30, 31, 32, 33],
      "categoryorder": "array",
      "categoryarray": ["Visualisation", "Dimensionality Reduction", "Clustering", "Integration", "Gene Networks", "Classification", "Ordering", "Quality Control", "Differential Expression", "Normalisation", "Marker Genes", "Gene Sets", "Interactive", "Imputation", "Quantification", "Simulation", "Variable Genes", "Variants", "Gene Filtering", "UMIs", "Alignment", "Expression Patterns", "Alternative Splicing", "Immune", "Perturbations", "Cell Cycle", "Rare Cells", "Assembly", "Transformation", "Stem Cells", "Allele Specific", "Modality", "Haplotypes"],
      "nticks": null,
      "ticks": "outside",
      "tickcolor": "rgba(0,0,0,1)",
      "ticklen": 4.64923204649232,
      "tickwidth": 0.66417600664176,
      "showticklabels": true,
      "tickfont": {
        "color": "rgba(0,0,0,1)",
        "family": "",
        "size": 15.9402241594022
      },
      "tickangle": -60,
      "showline": true,
      "linecolor": "rgba(0,0,0,1)",
      "linewidth": 0.66417600664176,
      "showgrid": false,
      "gridcolor": null,
      "gridwidth": 0,
      "zeroline": false,
      "anchor": "y",
      "title": {
        "text": "",
        "font": {
          "color": null,
          "family": null,
          "size": 0
        }
      },
      "hoverformat": ".2f"
    },
    "yaxis": {
      "domain": [0, 1],
      "automargin": true,
      "type": "linear",
      "autorange": false,
      "range": [-0.0206354748603352, 0.433344972067039],
      "tickmode": "array",
      "ticktext": ["0%", "10%", "20%", "30%", "40%"],
      "tickvals": [0, 0.1, 0.2, 0.3, 0.4],
      "categoryorder": "array",
      "categoryarray": ["0%", "10%", "20%", "30%", "40%"],
      "nticks": null,
      "ticks": "outside",
      "tickcolor": "rgba(0,0,0,1)",
      "ticklen": 4.64923204649232,
      "tickwidth": 0.66417600664176,
      "showticklabels": true,
      "tickfont": {
        "color": "rgba(0,0,0,1)",
        "family": "",
        "size": 15.9402241594022
      },
      "tickangle": -0,
      "showline": true,
      "linecolor": "rgba(0,0,0,1)",
      "linewidth": 0.66417600664176,
      "showgrid": false,
      "gridcolor": null,
      "gridwidth": 0,
      "zeroline": false,
      "anchor": "x",
      "title": {
        "text": "Percentage of tools",
        "font": {
          "color": "rgba(0,0,0,1)",
          "family": "",
          "size": 18.5969281859693
        }
      },
      "hoverformat": ".2f"
    },
    "shapes": [
      {
        "type": "rect",
        "fillcolor": null,
        "line": {
          "color": null,
          "width": 0,
          "linetype": []
        },
        "yref": "paper",
        "xref": "paper",
        "x0": 0,
        "x1": 1,
        "y0": 0,
        "y1": 1
      }
    ],
    "showlegend": false,
    "legend": {
      "bgcolor": null,
      "bordercolor": null,
      "borderwidth": 0,
      "font": {
        "color": "rgba(0,0,0,1)",
        "family": "",
        "size": 15.9402241594022
      }
    },