{
  "data": [
    {
      "orientation": "v",
      "width": [0.95, 0.95, 0.95, 0.95, 0.949999999999999, 0.949999999999999, 0.949999999999999, 0.949999999999999, 0.949999999999999, 0.949999999999999, 0.949999999999999, 0.949999999999999, 0.949999999999999, 0.949999999999999, 0.949999999999999, 0.950000000000001, 0.950000000000003, 0.950000000000003, 0.950000000000003, 0.950000000000003, 0.950000000000003, 0.950000000000003, 0.950000000000003, 0.950000000000003, 0.950000000000003, 0.950000000000003, 0.950000000000003, 0.950000000000003, 0.950000000000003, 0.950000000000003, 0.950000000000003, 0.950000000000003, 0.950000000000003],
      "base": [0, 0, 0, 0, 0, 0, 0, 0, 0, 0, 0, 0, 0, 0, 0, 0, 0, 0, 0, 0, 0, 0, 0, 0, 0, 0, 0, 0, 0, 0, 0, 0, 0],
      "x": [1, 2, 3, 4, 5, 6, 7, 8, 9, 10, 11, 12, 13, 14, 15, 16, 17, 18, 19, 20, 21, 22, 23, 24, 25, 26, 27, 28, 29, 30, 31, 32, 33],
      "y": [0.408208541320022, 0.252911813643927, 0.217970049916805, 0.160843039378813, 0.132002218524681, 0.119800332778702, 0.111480865224626, 0.0987243483083749, 0.0948419301164725, 0.093732667775929, 0.0837493067110372, 0.0787576261785912, 0.0637825845812535, 0.0626733222407099, 0.0615640599001664, 0.0604547975596229, 0.0599001663893511, 0.0488075429839157, 0.0382695507487521, 0.0327232390460344, 0.0321686078757626, 0.0305047143649473, 0.0293954520244038, 0.0266222961730449, 0.0244037714919578, 0.0210759844703272, 0.0110926234054354, 0.00665557404326123, 0.00554631170271769, 0.00554631170271769, 0.00443704936217415, 0.00388241819190238, 0.00110926234054354],
      "text": ["Category: Visualisation<br />Prop: 0.408208541<br />Count: 736<br />Percent: 40.8", "Category: Dimensionality Reduction<br />Prop: 0.252911814<br />Count: 456<br />Percent: 25.3", "Category: Clustering<br />Prop: 0.217970050<br />Count: 393<br />Percent: 21.8", "Category: Integration<br />Prop: 0.160843039<br />Count: 290<br />Percent: 16.1", "Category: Gene Networks<br />Prop: 0.132002219<br />Count: 238<br />Percent: 13.2", "Category: Classification<br />Prop: 0.119800333<br />Count: 216<br />Percent: 12", "Category: Ordering<br />Prop: 0.111480865<br />Count: 201<br />Percent: 11.1", "Category: Quality Control<br />Prop: 0.098724348<br />Count: 178<br />Percent: 9.9", "Category: Normalisation<br />Prop: 0.094841930<br />Count: 171<br />Percent: 9.5", "Category: Differential Expression<br />Prop: 0.093732668<br />Count: 169<br />Percent: 9.4", "Category: Marker Genes<br />Prop: 0.083749307<br />Count: 151<br />Percent: 8.4", "Category: Gene Sets<br />Prop: 0.078757626<br />Count: 142<br />Percent: 7.9", "Category: Interactive<br />Prop: 0.063782585<br />Count: 115<br />Percent: 6.4", "Category: Quantification<br />Prop: 0.062673322<br />Count: 113<br />Percent: 6.3", "Category: Imputation<br />Prop: 0.061564060<br />Count: 111<br />Percent: 6.2", "Category: Variable Genes<br />Prop: 0.060454798<br />Count: 109<br />Percent: 6", "Category: Simulation<br />Prop: 0.059900166<br />Count: 108<br />Percent: 6", "Category: Variants<br />Prop: 0.048807543<br />Count: 88<br />Percent: 4.9", "Category: Gene Filtering<br />Prop: 0.038269551<br />Count: 69<br />Percent: 3.8", "Category: UMIs<br />Prop: 0.032723239<br />Count: 59<br />Percent: 3.3", "Category: Alignment<br />Prop: 0.032168608<br />Count: 58<br />Percent: 3.2", "Category: Expression Patterns<br />Prop: 0.030504714<br />Count: 55<br />Percent: 3.1", "Category: Perturbations<br />Prop: 0.029395452<br />Count: 53<br />Percent: 2.9", "Category: Alternative Splicing<br />Prop: 0.026622296<br />Count: 48<br />Percent: 2.7", "Category: Immune<br />Prop: 0.024403771<br />Count: 44<br />Percent: 2.4", "Category: Cell Cycle<br />Prop: 0.021075984<br />Count: 38<br />Percent: 2.1", "Category: Rare Cells<br />Prop: 0.011092623<br />Count: 20<br />Percent: 1.1", "Category: Transformation<br />Prop: 0.006655574<br />Count: 12<br />Percent: 0.7", "Category: Assembly<br />Prop: 0.005546312<br />Count: 10<br />Percent: 0.6", "Category: Stem Cells<br />Prop: 0.005546312<br />Count: 10<br />Percent: 0.6", "Category: Modality<br />Prop: 0.004437049<br />Count: 8<br />Percent: 0.4", "Category: Allele Specific<br />Prop: 0.003882418<br />Count: 7<br />Percent: 0.4", "Category: Haplotypes<br />Prop: 0.001109262<br />Count: 2<br />Percent: 0.1"],
      "type": "bar",
      "textposition": "none",
      "marker": {
        "autocolorscale": false,
        "color": "rgba(122,82,199,1)",
        "line": {
          "width": 1.88976377952756,
          "color": "transparent"
        }
      },
      "showlegend": false,
      "xaxis": "x",
      "yaxis": "y",
      "hoverinfo": "text",
      "frame": null
    }
  ],
  "layout": {
    "margin": {
      "t": 0,
      "r": 10,
      "b": 0,
      "l": 55
    },
    "font": {
      "color": "rgba(0,0,0,1)",
      "family": "",
      "size": 18.5969281859693
    },
    "xaxis": {
      "domain": [0, 1],
      "automargin": true,
      "type": "linear",
      "autorange": false,
      "range": [0.4, 33.6],
      "tickmode": "array",
      "ticktext": ["Visualisation", "Dimensionality Reduction", "Clustering", "Integration", "Gene Networks", "Classification", "Ordering", "Quality Control", "Normalisation", "Differential Expression", "Marker Genes", "Gene Sets", "Interactive", "Quantification", "Imputation", "Variable Genes", "Simulation", "Variants", "Gene Filtering", "UMIs", "Alignment", "Expression Patterns", "Perturbations", "Alternative Splicing", "Immune", "Cell Cycle", "Rare Cells", "Transformation", "Assembly", "Stem Cells", "Modality", "Allele Specific", "Haplotypes"],
      "tickvals": [1, 2, 3, 4, 5, 6, 7, 8, 9, 10, 11, 12, 13, 14, 15, 16, 17, 18, 19, 20, 21, 22, 23, 24, 25, 26, 27, 28, 29, 30, 31, 32, 33],
      "categoryorder": "array",
      "categoryarray": ["Visualisation", "Dimensionality Reduction", "Clustering", "Integration", "Gene Networks", "Classification", "Ordering", "Quality Control", "Normalisation", "Differential Expression", "Marker Genes", "Gene Sets", "Interactive", "Quantification", "Imputation", "Variable Genes", "Simulation", "Variants", "Gene Filtering", "UMIs", "Alignment", "Expression Patterns", "Perturbations", "Alternative Splicing", "Immune", "Cell Cycle", "Rare Cells", "Transformation", "Assembly", "Stem Cells", "Modality", "Allele Specific", "Haplotypes"],
      "nticks": null,
      "ticks": "outside",
      "tickcolor": "rgba(0,0,0,1)",
      "ticklen": 4.64923204649232,
      "tickwidth": 0.66417600664176,
      "showticklabels": true,
      "tickfont": {
        "color": "rgba(0,0,0,1)",
        "family": "",
        "size": 7
      },
      "tickangle": -60,
      "showline": true,
      "linecolor": "rgba(0,0,0,1)",
      "linewidth": 0.66417600664176,
      "showgrid": false,
      "gridcolor": null,
      "gridwidth": 0,
      "zeroline": false,
      "anchor": "y",
      "title": {
        "text": "",
        "font": {
          "color": null,
          "family": null,
          "size": 9
        }
      },
      "hoverformat": ".2f",
      "fixedrange": true
    },
    "yaxis": {
      "domain": [0, 1],
      "automargin": true,
      "type": "linear",
      "autorange": false,
      "range": [-0.0204104270660011, 0.428618968386023],
      "tickmode": "array",
      "ticktext": ["0%", "10%", "20%", "30%", "40%"],
      "tickvals": [0, 0.1, 0.2, 0.3, 0.4],
      "categoryorder": "array",
      "categoryarray": ["0%", "10%", "20%", "30%", "40%"],
      "nticks": null,
      "ticks": "outside",
      "tickcolor": "rgba(0,0,0,1)",
      "ticklen": 4.64923204649232,
      "tickwidth": 0.66417600664176,
      "showticklabels": true,
      "tickfont": {
        "color": "rgba(0,0,0,1)",
        "family": "",
        "size": 7
      },
      "tickangle": -0,
      "showline": true,
      "linecolor": "rgba(0,0,0,1)",
      "linewidth": 0.66417600664176,
      "showgrid": false,
      "gridcolor": null,
      "gridwidth": 0,
      "zeroline": false,
      "anchor": "x",