{
  "data": [
    {
      "orientation": "v",
      "width": [0.95, 0.95, 0.95, 0.95, 0.949999999999999, 0.949999999999999, 0.949999999999999, 0.949999999999999, 0.949999999999999, 0.949999999999999, 0.949999999999999, 0.949999999999999, 0.949999999999999, 0.949999999999999, 0.949999999999999, 0.950000000000001, 0.950000000000003, 0.950000000000003, 0.950000000000003, 0.950000000000003, 0.950000000000003, 0.950000000000003, 0.950000000000003, 0.950000000000003, 0.950000000000003, 0.950000000000003, 0.950000000000003, 0.950000000000003, 0.950000000000003, 0.950000000000003, 0.950000000000003, 0.950000000000003],
      "base": [0, 0, 0, 0, 0, 0, 0, 0, 0, 0, 0, 0, 0, 0, 0, 0, 0, 0, 0, 0, 0, 0, 0, 0, 0, 0, 0, 0, 0, 0, 0, 0],
      "x": [1, 2, 3, 4, 5, 6, 7, 8, 9, 10, 11, 12, 13, 14, 15, 16, 17, 18, 19, 20, 21, 22, 23, 24, 25, 26, 27, 28, 29, 30, 31, 32],
      "y": [0.433249370277078, 0.251889168765743, 0.249370277078086, 0.132241813602015, 0.129722921914358, 0.120906801007557, 0.112090680100756, 0.10831234256927, 0.10831234256927, 0.105793450881612, 0.0994962216624685, 0.0919395465994962, 0.0806045340050378, 0.0717884130982368, 0.0717884130982368, 0.0654911838790932, 0.0591939546599496, 0.0554156171284635, 0.0453400503778338, 0.044080604534005, 0.0365239294710327, 0.0340050377833753, 0.0226700251889169, 0.0201511335012594, 0.017632241813602, 0.0113350125944584, 0.00881612090680101, 0.00755667506297229, 0.00629722921914358, 0.00503778337531486, 0.00503778337531486, 0.00251889168765743],
      "text": ["Category: Visualisation<br />Prop: 0.433249370<br />Count: 344<br />Percent: 43.3", "Category: Clustering<br />Prop: 0.251889169<br />Count: 200<br />Percent: 25.2", "Category: Dimensionality Reduction<br />Prop: 0.249370277<br />Count: 198<br />Percent: 24.9", "Category: Integration<br />Prop: 0.132241814<br />Count: 105<br />Percent: 13.2", "Category: Ordering<br />Prop: 0.129722922<br />Count: 103<br />Percent: 13", "Category: Normalisation<br />Prop: 0.120906801<br />Count: 96<br />Percent: 12.1", "Category: Differential Expression<br />Prop: 0.112090680<br />Count: 89<br />Percent: 11.2", "Category: Classification<br />Prop: 0.108312343<br />Count: 86<br />Percent: 10.8", "Category: Quality Control<br />Prop: 0.108312343<br />Count: 86<br />Percent: 10.8", "Category: Gene Networks<br />Prop: 0.105793451<br />Count: 84<br />Percent: 10.6", "Category: Interactive<br />Prop: 0.099496222<br />Count: 79<br />Percent: 9.9", "Category: Marker Genes<br />Prop: 0.091939547<br />Count: 73<br />Percent: 9.2", "Category: Imputation<br />Prop: 0.080604534<br />Count: 64<br />Percent: 8.1", "Category: Gene Sets<br />Prop: 0.071788413<br />Count: 57<br />Percent: 7.2", "Category: Simulation<br />Prop: 0.071788413<br />Count: 57<br />Percent: 7.2", "Category: Variable Genes<br />Prop: 0.065491184<br />Count: 52<br />Percent: 6.5", "Category: Gene Filtering<br />Prop: 0.059193955<br />Count: 47<br />Percent: 5.9", "Category: Quantification<br />Prop: 0.055415617<br />Count: 44<br />Percent: 5.5", "Category: UMIs<br />Prop: 0.045340050<br />Count: 36<br />Percent: 4.5", "Category: Expression Patterns<br />Prop: 0.044080605<br />Count: 35<br />Percent: 4.4", "Category: Variants<br />Prop: 0.036523929<br />Count: 29<br />Percent: 3.7", "Category: Alignment<br />Prop: 0.034005038<br />Count: 27<br />Percent: 3.4", "Category: Cell Cycle<br />Prop: 0.022670025<br />Count: 18<br />Percent: 2.3", "Category: Immune<br />Prop: 0.020151134<br />Count: 16<br />Percent: 2", "Category: Alternative Splicing<br />Prop: 0.017632242<br />Count: 14<br />Percent: 1.8", "Category: Rare Cells<br />Prop: 0.011335013<br />Count: 9<br />Percent: 1.1", "Category: Assembly<br />Prop: 0.008816121<br />Count: 7<br />Percent: 0.9", "Category: Allele Specific<br />Prop: 0.007556675<br />Count: 6<br />Percent: 0.8", "Category: Stem Cells<br />Prop: 0.006297229<br />Count: 5<br />Percent: 0.6", "Category: Modality<br />Prop: 0.005037783<br />Count: 4<br />Percent: 0.5", "Category: Transformation<br />Prop: 0.005037783<br />Count: 4<br />Percent: 0.5", "Category: Haplotypes<br />Prop: 0.002518892<br />Count: 2<br />Percent: 0.3"],
      "type": "bar",
      "marker": {
        "autocolorscale": false,
        "color": "rgba(122,82,199,1)",
        "line": {
          "width": 1.88976377952756,
          "color": "transparent"
        }
      },
      "showlegend": false,
      "xaxis": "x",
      "yaxis": "y",
      "hoverinfo": "text",
      "frame": null
    }
  ],
  "layout": {
    "margin": {
      "t": 0,
      "r": 10,
      "b": 0,
      "l": 55
    },
    "font": {
      "color": "rgba(0,0,0,1)",
      "family": "",
      "size": 18.5969281859693
    },
    "xaxis": {
      "domain": [0, 1],
      "automargin": true,
      "type": "linear",
      "autorange": false,
      "range": [0.4, 32.6],
      "tickmode": "array",
      "ticktext": ["Visualisation", "Clustering", "Dimensionality Reduction", "Integration", "Ordering", "Normalisation", "Differential Expression", "Classification", "Quality Control", "Gene Networks", "Interactive", "Marker Genes", "Imputation", "Gene Sets", "Simulation", "Variable Genes", "Gene Filtering", "Quantification", "UMIs", "Expression Patterns", "Variants", "Alignment", "Cell Cycle", "Immune", "Alternative Splicing", "Rare Cells", "Assembly", "Allele Specific", "Stem Cells", "Modality", "Transformation", "Haplotypes"],
      "tickvals": [1, 2, 3, 4, 5, 6, 7, 8, 9, 10, 11, 12, 13, 14, 15, 16, 17, 18, 19, 20, 21, 22, 23, 24, 25, 26, 27, 28, 29, 30, 31, 32],
      "categoryorder": "array",
      "categoryarray": ["Visualisation", "Clustering", "Dimensionality Reduction", "Integration", "Ordering", "Normalisation", "Differential Expression", "Classification", "Quality Control", "Gene Networks", "Interactive", "Marker Genes", "Imputation", "Gene Sets", "Simulation", "Variable Genes", "Gene Filtering", "Quantification", "UMIs", "Expression Patterns", "Variants", "Alignment", "Cell Cycle", "Immune", "Alternative Splicing", "Rare Cells", "Assembly", "Allele Specific", "Stem Cells", "Modality", "Transformation", "Haplotypes"],
      "nticks": null,
      "ticks": "outside",
      "tickcolor": "rgba(0,0,0,1)",
      "ticklen": 4.64923204649232,
      "tickwidth": 0.66417600664176,
      "showticklabels": true,
      "tickfont": {
        "color": "rgba(0,0,0,1)",
        "family": "",
        "size": 7
      },
      "tickangle": -60,
      "showline": true,
      "linecolor": "rgba(0,0,0,1)",
      "linewidth": 0.66417600664176,
      "showgrid": false,
      "gridcolor": null,
      "gridwidth": 0,
      "zeroline": false,
      "anchor": "y",
      "title": {
        "text": "",
        "font": {
          "color": null,
          "family": null,
          "size": 9
        }
      },
      "hoverformat": ".2f",
      "fixedrange": true
    },
    "yaxis": {
      "domain": [0, 1],
      "automargin": true,
      "type": "linear",
      "autorange": false,
      "range": [-0.0216624685138539, 0.454911838790932],
      "tickmode": "array",
      "ticktext": ["0.0%", "10.0%", "20.0%", "30.0%", "40.0%"],
      "tickvals": [0, 0.1, 0.2, 0.3, 0.4],
      "categoryorder": "array",
      "categoryarray": ["0.0%", "10.0%", "20.0%", "30.0%", "40.0%"],
      "nticks": null,
      "ticks": "outside",
      "tickcolor": "rgba(0,0,0,1)",
      "ticklen": 4.64923204649232,
      "tickwidth": 0.66417600664176,
      "showticklabels": true,
      "tickfont": {
        "color": "rgba(0,0,0,1)",
        "family": "",
        "size": 7
      },
      "tickangle": -0,
      "showline": true,
      "linecolor": "rgba(0,0,0,1)",
      "linewidth": 0.66417600664176,
      "showgrid": false,
      "gridcolor": null,
      "gridwidth": 0,
      "zeroline": false,
      "anchor": "x",
      "title": {
        "text": "Percentage of tools",
        "font": {
          "color": "rgba(0,0,0,1)",
          "family": "",
          "size": 9
        }
      },
      "hoverformat": ".2f",