{
  "data": [
    {
      "orientation": "v",
      "width": [0.95, 0.95, 0.95, 0.95, 0.949999999999999, 0.949999999999999, 0.949999999999999, 0.949999999999999, 0.949999999999999, 0.949999999999999, 0.949999999999999, 0.949999999999999, 0.949999999999999, 0.949999999999999, 0.949999999999999, 0.950000000000001, 0.950000000000003, 0.950000000000003, 0.950000000000003, 0.950000000000003, 0.950000000000003, 0.950000000000003, 0.950000000000003, 0.950000000000003, 0.950000000000003, 0.950000000000003, 0.950000000000003, 0.950000000000003, 0.950000000000003, 0.950000000000003, 0.950000000000003, 0.950000000000003, 0.950000000000003],
      "base": [0, 0, 0, 0, 0, 0, 0, 0, 0, 0, 0, 0, 0, 0, 0, 0, 0, 0, 0, 0, 0, 0, 0, 0, 0, 0, 0, 0, 0, 0, 0, 0, 0],
      "x": [1, 2, 3, 4, 5, 6, 7, 8, 9, 10, 11, 12, 13, 14, 15, 16, 17, 18, 19, 20, 21, 22, 23, 24, 25, 26, 27, 28, 29, 30, 31, 32, 33],
      "y": [0.412448700410397, 0.243502051983584, 0.23734610123119, 0.150478796169631, 0.127906976744186, 0.114227086183311, 0.114227086183311, 0.101915184678523, 0.0991792065663475, 0.0984952120383037, 0.0834473324213406, 0.073187414500684, 0.0677154582763338, 0.0649794801641587, 0.0622435020519836, 0.0595075239398085, 0.0595075239398085, 0.045827633378933, 0.0424076607387141, 0.0362517099863201, 0.0362517099863201, 0.0314637482900137, 0.0259917920656635, 0.0259917920656635, 0.021203830369357, 0.0205198358413133, 0.0129958960328317, 0.00683994528043776, 0.00615595075239398, 0.00547195622435021, 0.00478796169630643, 0.00478796169630643, 0.00136798905608755],
      "text": ["Category: Visualisation<br />Count: 603<br />Percent: 41.2", "Category: Dimensionality Reduction<br />Count: 356<br />Percent: 24.4", "Category: Clustering<br />Count: 347<br />Percent: 23.7", "Category: Integration<br />Count: 220<br />Percent: 15", "Category: Gene Networks<br />Count: 187<br />Percent: 12.8", "Category: Classification<br />Count: 167<br />Percent: 11.4", "Category: Ordering<br />Count: 167<br />Percent: 11.4", "Category: Quality Control<br />Count: 149<br />Percent: 10.2", "Category: Normalisation<br />Count: 145<br />Percent: 9.9", "Category: Differential Expression<br />Count: 144<br />Percent: 9.8", "Category: Marker Genes<br />Count: 122<br />Percent: 8.3", "Category: Gene Sets<br />Count: 107<br />Percent: 7.3", "Category: Interactive<br />Count: 99<br />Percent: 6.8", "Category: Imputation<br />Count: 95<br />Percent: 6.5", "Category: Quantification<br />Count: 91<br />Percent: 6.2", "Category: Simulation<br />Count: 87<br />Percent: 6", "Category: Variable Genes<br />Count: 87<br />Percent: 6", "Category: Variants<br />Count: 67<br />Percent: 4.6", "Category: Gene Filtering<br />Count: 62<br />Percent: 4.2", "Category: Alignment<br />Count: 53<br />Percent: 3.6", "Category: UMIs<br />Count: 53<br />Percent: 3.6", "Category: Expression Patterns<br />Count: 46<br />Percent: 3.1", "Category: Alternative Splicing<br />Count: 38<br />Percent: 2.6", "Category: Immune<br />Count: 38<br />Percent: 2.6", "Category: Perturbations<br />Count: 31<br />Percent: 2.1", "Category: Cell Cycle<br />Count: 30<br />Percent: 2.1", "Category: Rare Cells<br />Count: 19<br />Percent: 1.3", "Category: Assembly<br />Count: 10<br />Percent: 0.7", "Category: Transformation<br />Count: 9<br />Percent: 0.6", "Category: Stem Cells<br />Count: 8<br />Percent: 0.5", "Category: Allele Specific<br />Count: 7<br />Percent: 0.5", "Category: Modality<br />Count: 7<br />Percent: 0.5", "Category: Haplotypes<br />Count: 2<br />Percent: 0.1"],
      "type": "bar",
      "textposition": "none",
      "marker": {
        "autocolorscale": false,
        "color": "rgba(122,82,199,1)",
        "line": {
          "width": 1.88976377952756,
          "color": "transparent"
        }
      },
      "showlegend": false,
      "xaxis": "x",
      "yaxis": "y",
      "hoverinfo": "text",
      "frame": null
    }
  ],
  "layout": {
    "margin": {
      "t": 50,
      "r": 30,
      "b": 50,
      "l": 70
    },
    "font": {
      "color": "rgba(0,0,0,1)",
      "family": "",
      "size": 18.5969281859693
    },
    "xaxis": {
      "domain": [0, 1],
      "automargin": true,
      "type": "linear",
      "autorange": false,
      "range": [0.4, 33.6],
      "tickmode": "array",
      "ticktext": ["Visualisation", "Dimensionality Reduction", "Clustering", "Integration", "Gene Networks", "Classification", "Ordering", "Quality Control", "Normalisation", "Differential Expression", "Marker Genes", "Gene Sets", "Interactive", "Imputation", "Quantification", "Simulation", "Variable Genes", "Variants", "Gene Filtering", "Alignment", "UMIs", "Expression Patterns", "Alternative Splicing", "Immune", "Perturbations", "Cell Cycle", "Rare Cells", "Assembly", "Transformation", "Stem Cells", "Allele Specific", "Modality", "Haplotypes"],
      "tickvals": [1, 2, 3, 4, 5, 6, 7, 8, 9, 10, 11, 12, 13, 14, 15, 16, 17, 18, 19, 20, 21, 22, 23, 24, 25, 26, 27, 28, 29, 30, 31, 32, 33],
      "categoryorder": "array",
      "categoryarray": ["Visualisation", "Dimensionality Reduction", "Clustering", "Integration", "Gene Networks", "Classification", "Ordering", "Quality Control", "Normalisation", "Differential Expression", "Marker Genes", "Gene Sets", "Interactive", "Imputation", "Quantification", "Simulation", "Variable Genes", "Variants", "Gene Filtering", "Alignment", "UMIs", "Expression Patterns", "Alternative Splicing", "Immune", "Perturbations", "Cell Cycle", "Rare Cells", "Assembly", "Transformation", "Stem Cells", "Allele Specific", "Modality", "Haplotypes"],
      "nticks": null,
      "ticks": "outside",
      "tickcolor": "rgba(0,0,0,1)",
      "ticklen": 4.64923204649232,
      "tickwidth": 0.66417600664176,
      "showticklabels": true,
      "tickfont": {
        "color": "rgba(0,0,0,1)",
        "family": "",
        "size": 15.9402241594022
      },
      "tickangle": -60,
      "showline": true,
      "linecolor": "rgba(0,0,0,1)",
      "linewidth": 0.66417600664176,
      "showgrid": false,
      "gridcolor": null,
      "gridwidth": 0,
      "zeroline": false,
      "anchor": "y",
      "title": {
        "text": "",
        "font": {
          "color": null,
          "family": null,
          "size": 0
        }
      },
      "hoverformat": ".2f"
    },
    "yaxis": {
      "domain": [0, 1],
      "automargin": true,
      "type": "linear",
      "autorange": false,
      "range": [-0.0206224350205198, 0.433071135430917],
      "tickmode": "array",
      "ticktext": ["0%", "10%", "20%", "30%", "40%"],
      "tickvals": [0, 0.1, 0.2, 0.3, 0.4],
      "categoryorder": "array",
      "categoryarray": ["0%", "10%", "20%", "30%", "40%"],
      "nticks": null,
      "ticks": "outside",
      "tickcolor": "rgba(0,0,0,1)",
      "ticklen": 4.64923204649232,
      "tickwidth": 0.66417600664176,
      "showticklabels": true,
      "tickfont": {
        "color": "rgba(0,0,0,1)",
        "family": "",
        "size": 15.9402241594022
      },
      "tickangle": -0,
      "showline": true,
      "linecolor": "rgba(0,0,0,1)",
      "linewidth": 0.66417600664176,
      "showgrid": false,
      "gridcolor": null,
      "gridwidth": 0,
      "zeroline": false,
      "anchor": "x",
      "title": {
        "text": "Percentage of tools",
        "font": {
          "color": "rgba(0,0,0,1)",
          "family": "",
          "size": 18.5969281859693
        }
      },
      "hoverformat": ".2f"
    },
    "shapes": [
      {
        "type": "rect",
        "fillcolor": null,
        "line": {
          "color": null,
          "width": 0,
          "linetype": []
        },
        "yref": "paper",
        "xref": "paper",
        "x0": 0,
        "x1": 1,
        "y0": 0,
        "y1": 1
      }
    ],
    "showlegend": false,
    "legend": {
      "bgcolor": null,
      "bordercolor": null,
      "borderwidth": 0,
      "font": {
        "color": "rgba(0,0,0,1)",
        "family": "",
        "size": 15.9402241594022
      }
    },