{
  "data": [
    {
      "orientation": "v",
      "width": [0.95, 0.95, 0.95, 0.95, 0.949999999999999, 0.949999999999999, 0.949999999999999, 0.949999999999999, 0.949999999999999, 0.949999999999999, 0.949999999999999, 0.949999999999999, 0.949999999999999, 0.949999999999999, 0.949999999999999, 0.950000000000001, 0.950000000000003, 0.950000000000003, 0.950000000000003, 0.950000000000003, 0.950000000000003, 0.950000000000003, 0.950000000000003, 0.950000000000003, 0.950000000000003, 0.950000000000003, 0.950000000000003, 0.950000000000003, 0.950000000000003, 0.950000000000003, 0.950000000000003, 0.950000000000003],
      "base": [0, 0, 0, 0, 0, 0, 0, 0, 0, 0, 0, 0, 0, 0, 0, 0, 0, 0, 0, 0, 0, 0, 0, 0, 0, 0, 0, 0, 0, 0, 0, 0],
      "x": [1, 2, 3, 4, 5, 6, 7, 8, 9, 10, 11, 12, 13, 14, 15, 16, 17, 18, 19, 20, 21, 22, 23, 24, 25, 26, 27, 28, 29, 30, 31, 32],
      "y": [0.435162094763092, 0.251870324189526, 0.248129675810474, 0.133416458852868, 0.128428927680798, 0.119700748129676, 0.112219451371571, 0.110972568578554, 0.107231920199501, 0.104738154613466, 0.0985037406483791, 0.0922693266832918, 0.0810473815461347, 0.0723192019950125, 0.071072319201995, 0.0660847880299252, 0.0586034912718204, 0.0548628428927681, 0.0448877805486284, 0.043640897755611, 0.0361596009975062, 0.0336658354114713, 0.0224438902743142, 0.0199501246882793, 0.0174563591022444, 0.0112219451371571, 0.00872817955112219, 0.00748129675810474, 0.00748129675810474, 0.00498753117206983, 0.00498753117206983, 0.00249376558603491],
      "text": ["Category: Visualisation<br />Prop: 0.435162095<br />Count: 349<br />Percent: 43.5", "Category: Clustering<br />Prop: 0.251870324<br />Count: 202<br />Percent: 25.2", "Category: Dimensionality Reduction<br />Prop: 0.248129676<br />Count: 199<br />Percent: 24.8", "Category: Integration<br />Prop: 0.133416459<br />Count: 107<br />Percent: 13.3", "Category: Ordering<br />Prop: 0.128428928<br />Count: 103<br />Percent: 12.8", "Category: Normalisation<br />Prop: 0.119700748<br />Count: 96<br />Percent: 12", "Category: Differential Expression<br />Prop: 0.112219451<br />Count: 90<br />Percent: 11.2", "Category: Classification<br />Prop: 0.110972569<br />Count: 89<br />Percent: 11.1", "Category: Quality Control<br />Prop: 0.107231920<br />Count: 86<br />Percent: 10.7", "Category: Gene Networks<br />Prop: 0.104738155<br />Count: 84<br />Percent: 10.5", "Category: Interactive<br />Prop: 0.098503741<br />Count: 79<br />Percent: 9.9", "Category: Marker Genes<br />Prop: 0.092269327<br />Count: 74<br />Percent: 9.2", "Category: Imputation<br />Prop: 0.081047382<br />Count: 65<br />Percent: 8.1", "Category: Gene Sets<br />Prop: 0.072319202<br />Count: 58<br />Percent: 7.2", "Category: Simulation<br />Prop: 0.071072319<br />Count: 57<br />Percent: 7.1", "Category: Variable Genes<br />Prop: 0.066084788<br />Count: 53<br />Percent: 6.6", "Category: Gene Filtering<br />Prop: 0.058603491<br />Count: 47<br />Percent: 5.9", "Category: Quantification<br />Prop: 0.054862843<br />Count: 44<br />Percent: 5.5", "Category: UMIs<br />Prop: 0.044887781<br />Count: 36<br />Percent: 4.5", "Category: Expression Patterns<br />Prop: 0.043640898<br />Count: 35<br />Percent: 4.4", "Category: Variants<br />Prop: 0.036159601<br />Count: 29<br />Percent: 3.6", "Category: Alignment<br />Prop: 0.033665835<br />Count: 27<br />Percent: 3.4", "Category: Cell Cycle<br />Prop: 0.022443890<br />Count: 18<br />Percent: 2.2", "Category: Immune<br />Prop: 0.019950125<br />Count: 16<br />Percent: 2", "Category: Alternative Splicing<br />Prop: 0.017456359<br />Count: 14<br />Percent: 1.7", "Category: Rare Cells<br />Prop: 0.011221945<br />Count: 9<br />Percent: 1.1", "Category: Assembly<br />Prop: 0.008728180<br />Count: 7<br />Percent: 0.9", "Category: Allele Specific<br />Prop: 0.007481297<br />Count: 6<br />Percent: 0.7", "Category: Stem Cells<br />Prop: 0.007481297<br />Count: 6<br />Percent: 0.7", "Category: Modality<br />Prop: 0.004987531<br />Count: 4<br />Percent: 0.5", "Category: Transformation<br />Prop: 0.004987531<br />Count: 4<br />Percent: 0.5", "Category: Haplotypes<br />Prop: 0.002493766<br />Count: 2<br />Percent: 0.2"],
      "type": "bar",
      "marker": {
        "autocolorscale": false,
        "color": "rgba(122,82,199,1)",
        "line": {
          "width": 1.88976377952756,
          "color": "transparent"
        }
      },
      "showlegend": false,
      "xaxis": "x",
      "yaxis": "y",
      "hoverinfo": "text",
      "frame": null
    }
  ],
  "layout": {
    "margin": {
      "t": 0,
      "r": 10,
      "b": 0,
      "l": 55
    },
    "font": {
      "color": "rgba(0,0,0,1)",
      "family": "",
      "size": 18.5969281859693
    },
    "xaxis": {
      "domain": [0, 1],
      "automargin": true,
      "type": "linear",
      "autorange": false,
      "range": [0.4, 32.6],
      "tickmode": "array",
      "ticktext": ["Visualisation", "Clustering", "Dimensionality Reduction", "Integration", "Ordering", "Normalisation", "Differential Expression", "Classification", "Quality Control", "Gene Networks", "Interactive", "Marker Genes", "Imputation", "Gene Sets", "Simulation", "Variable Genes", "Gene Filtering", "Quantification", "UMIs", "Expression Patterns", "Variants", "Alignment", "Cell Cycle", "Immune", "Alternative Splicing", "Rare Cells", "Assembly", "Allele Specific", "Stem Cells", "Modality", "Transformation", "Haplotypes"],
      "tickvals": [1, 2, 3, 4, 5, 6, 7, 8, 9, 10, 11, 12, 13, 14, 15, 16, 17, 18, 19, 20, 21, 22, 23, 24, 25, 26, 27, 28, 29, 30, 31, 32],
      "categoryorder": "array",
      "categoryarray": ["Visualisation", "Clustering", "Dimensionality Reduction", "Integration", "Ordering", "Normalisation", "Differential Expression", "Classification", "Quality Control", "Gene Networks", "Interactive", "Marker Genes", "Imputation", "Gene Sets", "Simulation", "Variable Genes", "Gene Filtering", "Quantification", "UMIs", "Expression Patterns", "Variants", "Alignment", "Cell Cycle", "Immune", "Alternative Splicing", "Rare Cells", "Assembly", "Allele Specific", "Stem Cells", "Modality", "Transformation", "Haplotypes"],
      "nticks": null,
      "ticks": "outside",
      "tickcolor": "rgba(0,0,0,1)",
      "ticklen": 4.64923204649232,
      "tickwidth": 0.66417600664176,
      "showticklabels": true,
      "tickfont": {
        "color": "rgba(0,0,0,1)",
        "family": "",
        "size": 7
      },
      "tickangle": -60,
      "showline": true,
      "linecolor": "rgba(0,0,0,1)",
      "linewidth": 0.66417600664176,
      "showgrid": false,
      "gridcolor": null,
      "gridwidth": 0,
      "zeroline": false,
      "anchor": "y",
      "title": {
        "text": "",
        "font": {
          "color": null,
          "family": null,
          "size": 9
        }
      },
      "hoverformat": ".2f",
      "fixedrange": true
    },
    "yaxis": {
      "domain": [0, 1],
      "automargin": true,
      "type": "linear",
      "autorange": false,
      "range": [-0.0217581047381546, 0.456920199501247],
      "tickmode": "array",
      "ticktext": ["0.0%", "10.0%", "20.0%", "30.0%", "40.0%"],
      "tickvals": [0, 0.1, 0.2, 0.3, 0.4],
      "categoryorder": "array",
      "categoryarray": ["0.0%", "10.0%", "20.0%", "30.0%", "40.0%"],
      "nticks": null,
      "ticks": "outside",
      "tickcolor": "rgba(0,0,0,1)",
      "ticklen": 4.64923204649232,
      "tickwidth": 0.66417600664176,
      "showticklabels": true,
      "tickfont": {
        "color": "rgba(0,0,0,1)",
        "family": "",
        "size": 7
      },
      "tickangle": -0,
      "showline": true,
      "linecolor": "rgba(0,0,0,1)",
      "linewidth": 0.66417600664176,
      "showgrid": false,
      "gridcolor": null,
      "gridwidth": 0,
      "zeroline": false,
      "anchor": "x",
      "title": {
        "text": "Percentage of tools",
        "font": {
          "color": "rgba(0,0,0,1)",
          "family": "",
          "size": 9
        }
      },
      "hoverformat": ".2f",