{
  "data": [
    {
      "orientation": "v",
      "width": [0.95, 0.95, 0.95, 0.95, 0.949999999999999, 0.949999999999999, 0.949999999999999, 0.949999999999999, 0.949999999999999, 0.949999999999999, 0.949999999999999, 0.949999999999999, 0.949999999999999, 0.949999999999999, 0.949999999999999, 0.950000000000001, 0.950000000000003, 0.950000000000003, 0.950000000000003, 0.950000000000003, 0.950000000000003, 0.950000000000003, 0.950000000000003, 0.950000000000003, 0.950000000000003, 0.950000000000003, 0.950000000000003, 0.950000000000003, 0.950000000000003, 0.950000000000003, 0.950000000000003, 0.950000000000003, 0.950000000000003],
      "base": [0, 0, 0, 0, 0, 0, 0, 0, 0, 0, 0, 0, 0, 0, 0, 0, 0, 0, 0, 0, 0, 0, 0, 0, 0, 0, 0, 0, 0, 0, 0, 0, 0],
      "x": [1, 2, 3, 4, 5, 6, 7, 8, 9, 10, 11, 12, 13, 14, 15, 16, 17, 18, 19, 20, 21, 22, 23, 24, 25, 26, 27, 28, 29, 30, 31, 32, 33],
      "y": [0.41991341991342, 0.257575757575758, 0.254329004329004, 0.137445887445887, 0.128787878787879, 0.115800865800866, 0.111471861471861, 0.108225108225108, 0.107142857142857, 0.103896103896104, 0.0909090909090909, 0.0865800865800866, 0.0735930735930736, 0.0692640692640693, 0.0681818181818182, 0.0606060606060606, 0.0573593073593074, 0.0541125541125541, 0.0411255411255411, 0.04004329004329, 0.04004329004329, 0.0367965367965368, 0.0227272727272727, 0.0227272727272727, 0.0194805194805195, 0.0151515151515152, 0.0119047619047619, 0.00757575757575758, 0.00649350649350649, 0.00649350649350649, 0.00541125541125541, 0.00432900432900433, 0.00216450216450216],
      "text": ["Category: Visualisation<br />Count: 388<br />Percent: 42", "Category: Clustering<br />Count: 238<br />Percent: 25.8", "Category: Dimensionality Reduction<br />Count: 235<br />Percent: 25.4", "Category: Integration<br />Count: 127<br />Percent: 13.7", "Category: Ordering<br />Count: 119<br />Percent: 12.9", "Category: Differential Expression<br />Count: 107<br />Percent: 11.6", "Category: Normalisation<br />Count: 103<br />Percent: 11.1", "Category: Classification<br />Count: 100<br />Percent: 10.8", "Category: Gene Networks<br />Count: 99<br />Percent: 10.7", "Category: Quality Control<br />Count: 96<br />Percent: 10.4", "Category: Interactive<br />Count: 84<br />Percent: 9.1", "Category: Marker Genes<br />Count: 80<br />Percent: 8.7", "Category: Imputation<br />Count: 68<br />Percent: 7.4", "Category: Simulation<br />Count: 64<br />Percent: 6.9", "Category: Gene Sets<br />Count: 63<br />Percent: 6.8", "Category: Variable Genes<br />Count: 56<br />Percent: 6.1", "Category: Quantification<br />Count: 53<br />Percent: 5.7", "Category: Gene Filtering<br />Count: 50<br />Percent: 5.4", "Category: UMIs<br />Count: 38<br />Percent: 4.1", "Category: Expression Patterns<br />Count: 37<br />Percent: 4", "Category: Variants<br />Count: 37<br />Percent: 4", "Category: Alignment<br />Count: 34<br />Percent: 3.7", "Category: Alternative Splicing<br />Count: 21<br />Percent: 2.3", "Category: Cell Cycle<br />Count: 21<br />Percent: 2.3", "Category: Immune<br />Count: 18<br />Percent: 1.9", "Category: Perturbations<br />Count: 14<br />Percent: 1.5", "Category: Rare Cells<br />Count: 11<br />Percent: 1.2", "Category: Assembly<br />Count: 7<br />Percent: 0.8", "Category: Allele Specific<br />Count: 6<br />Percent: 0.6", "Category: Stem Cells<br />Count: 6<br />Percent: 0.6", "Category: Modality<br />Count: 5<br />Percent: 0.5", "Category: Transformation<br />Count: 4<br />Percent: 0.4", "Category: Haplotypes<br />Count: 2<br />Percent: 0.2"],
      "type": "bar",
      "marker": {
        "autocolorscale": false,
        "color": "rgba(122,82,199,1)",
        "line": {
          "width": 1.88976377952756,
          "color": "transparent"
        }
      },
      "showlegend": false,
      "xaxis": "x",
      "yaxis": "y",
      "hoverinfo": "text",
      "frame": null
    }
  ],
  "layout": {
    "margin": {
      "t": 50,
      "r": 30,
      "b": 50,
      "l": 70
    },
    "font": {
      "color": "rgba(0,0,0,1)",
      "family": "",
      "size": 18.5969281859693
    },
    "xaxis": {
      "domain": [0, 1],
      "automargin": true,
      "type": "linear",
      "autorange": false,
      "range": [0.4, 33.6],
      "tickmode": "array",
      "ticktext": ["Visualisation", "Clustering", "Dimensionality Reduction", "Integration", "Ordering", "Differential Expression", "Normalisation", "Classification", "Gene Networks", "Quality Control", "Interactive", "Marker Genes", "Imputation", "Simulation", "Gene Sets", "Variable Genes", "Quantification", "Gene Filtering", "UMIs", "Expression Patterns", "Variants", "Alignment", "Alternative Splicing", "Cell Cycle", "Immune", "Perturbations", "Rare Cells", "Assembly", "Allele Specific", "Stem Cells", "Modality", "Transformation", "Haplotypes"],
      "tickvals": [1, 2, 3, 4, 5, 6, 7, 8, 9, 10, 11, 12, 13, 14, 15, 16, 17, 18, 19, 20, 21, 22, 23, 24, 25, 26, 27, 28, 29, 30, 31, 32, 33],
      "categoryorder": "array",
      "categoryarray": ["Visualisation", "Clustering", "Dimensionality Reduction", "Integration", "Ordering", "Differential Expression", "Normalisation", "Classification", "Gene Networks", "Quality Control", "Interactive", "Marker Genes", "Imputation", "Simulation", "Gene Sets", "Variable Genes", "Quantification", "Gene Filtering", "UMIs", "Expression Patterns", "Variants", "Alignment", "Alternative Splicing", "Cell Cycle", "Immune", "Perturbations", "Rare Cells", "Assembly", "Allele Specific", "Stem Cells", "Modality", "Transformation", "Haplotypes"],
      "nticks": null,
      "ticks": "outside",
      "tickcolor": "rgba(0,0,0,1)",
      "ticklen": 4.64923204649232,
      "tickwidth": 0.66417600664176,
      "showticklabels": true,
      "tickfont": {
        "color": "rgba(0,0,0,1)",
        "family": "",
        "size": 15.9402241594022
      },
      "tickangle": -60,
      "showline": true,
      "linecolor": "rgba(0,0,0,1)",
      "linewidth": 0.66417600664176,
      "showgrid": false,
      "gridcolor": null,
      "gridwidth": 0,
      "zeroline": false,
      "anchor": "y",
      "title": {
        "text": "",
        "font": {
          "color": null,
          "family": null,
          "size": 0
        }
      },
      "hoverformat": ".2f"
    },
    "yaxis": {
      "domain": [0, 1],
      "automargin": true,
      "type": "linear",
      "autorange": false,
      "range": [-0.020995670995671, 0.440909090909091],
      "tickmode": "array",
      "ticktext": ["0.0%", "10.0%", "20.0%", "30.0%", "40.0%"],
      "tickvals": [0, 0.1, 0.2, 0.3, 0.4],
      "categoryorder": "array",
      "categoryarray": ["0.0%", "10.0%", "20.0%", "30.0%", "40.0%"],
      "nticks": null,
      "ticks": "outside",
      "tickcolor": "rgba(0,0,0,1)",
      "ticklen": 4.64923204649232,
      "tickwidth": 0.66417600664176,
      "showticklabels": true,
      "tickfont": {
        "color": "rgba(0,0,0,1)",
        "family": "",
        "size": 15.9402241594022
      },
      "tickangle": -0,
      "showline": true,
      "linecolor": "rgba(0,0,0,1)",
      "linewidth": 0.66417600664176,
      "showgrid": false,
      "gridcolor": null,
      "gridwidth": 0,
      "zeroline": false,
      "anchor": "x",
      "title": {
        "text": "Percentage of tools",
        "font": {
          "color": "rgba(0,0,0,1)",
          "family": "",
          "size": 18.5969281859693
        }
      },
      "hoverformat": ".2f"
    },
    "shapes": [
      {
        "type": "rect",
        "fillcolor": null,
        "line": {
          "color": null,
          "width": 0,
          "linetype": []
        },
        "yref": "paper",
        "xref": "paper",
        "x0": 0,
        "x1": 1,
        "y0": 0,
        "y1": 1
      }
    ],
    "showlegend": false,
    "legend": {
      "bgcolor": null,
      "bordercolor": null,
      "borderwidth": 0,
      "font": {
        "color": "rgba(0,0,0,1)",
        "family": "",
        "size": 15.9402241594022
      }
    },
    "hovermode": "closest",