{
  "data": [
    {
      "orientation": "v",
      "width": [0.95, 0.95, 0.95, 0.95, 0.949999999999999, 0.949999999999999, 0.949999999999999, 0.949999999999999, 0.949999999999999, 0.949999999999999, 0.949999999999999, 0.949999999999999, 0.949999999999999, 0.949999999999999, 0.949999999999999, 0.950000000000001, 0.950000000000003, 0.950000000000003, 0.950000000000003, 0.950000000000003, 0.950000000000003, 0.950000000000003, 0.950000000000003, 0.950000000000003, 0.950000000000003, 0.950000000000003, 0.950000000000003, 0.950000000000003, 0.950000000000003, 0.950000000000003, 0.950000000000003, 0.950000000000003, 0.950000000000003],
      "base": [0, 0, 0, 0, 0, 0, 0, 0, 0, 0, 0, 0, 0, 0, 0, 0, 0, 0, 0, 0, 0, 0, 0, 0, 0, 0, 0, 0, 0, 0, 0, 0, 0],
      "x": [1, 2, 3, 4, 5, 6, 7, 8, 9, 10, 11, 12, 13, 14, 15, 16, 17, 18, 19, 20, 21, 22, 23, 24, 25, 26, 27, 28, 29, 30, 31, 32, 33],
      "y": [0.411985018726592, 0.240449438202247, 0.238951310861423, 0.143071161048689, 0.122846441947566, 0.117602996254682, 0.116104868913858, 0.10187265917603, 0.10187265917603, 0.098876404494382, 0.0846441947565543, 0.0719101123595506, 0.0696629213483146, 0.0651685393258427, 0.0629213483146067, 0.0621722846441948, 0.0599250936329588, 0.0449438202247191, 0.0419475655430712, 0.0352059925093633, 0.0352059925093633, 0.0322097378277154, 0.0262172284644195, 0.0224719101123595, 0.0209737827715356, 0.0202247191011236, 0.0134831460674157, 0.00674157303370787, 0.00599250936329588, 0.00599250936329588, 0.0052434456928839, 0.00449438202247191, 0.00149812734082397],
      "text": ["Category: Visualisation<br />Prop: 0.411985019<br />Count: 550<br />Percent: 41.2", "Category: Clustering<br />Prop: 0.240449438<br />Count: 321<br />Percent: 24", "Category: Dimensionality Reduction<br />Prop: 0.238951311<br />Count: 319<br />Percent: 23.9", "Category: Integration<br />Prop: 0.143071161<br />Count: 191<br />Percent: 14.3", "Category: Gene Networks<br />Prop: 0.122846442<br />Count: 164<br />Percent: 12.3", "Category: Classification<br />Prop: 0.117602996<br />Count: 157<br />Percent: 11.8", "Category: Ordering<br />Prop: 0.116104869<br />Count: 155<br />Percent: 11.6", "Category: Differential Expression<br />Prop: 0.101872659<br />Count: 136<br />Percent: 10.2", "Category: Quality Control<br />Prop: 0.101872659<br />Count: 136<br />Percent: 10.2", "Category: Normalisation<br />Prop: 0.098876404<br />Count: 132<br />Percent: 9.9", "Category: Marker Genes<br />Prop: 0.084644195<br />Count: 113<br />Percent: 8.5", "Category: Interactive<br />Prop: 0.071910112<br />Count: 96<br />Percent: 7.2", "Category: Gene Sets<br />Prop: 0.069662921<br />Count: 93<br />Percent: 7", "Category: Imputation<br />Prop: 0.065168539<br />Count: 87<br />Percent: 6.5", "Category: Quantification<br />Prop: 0.062921348<br />Count: 84<br />Percent: 6.3", "Category: Simulation<br />Prop: 0.062172285<br />Count: 83<br />Percent: 6.2", "Category: Variable Genes<br />Prop: 0.059925094<br />Count: 80<br />Percent: 6", "Category: Gene Filtering<br />Prop: 0.044943820<br />Count: 60<br />Percent: 4.5", "Category: Variants<br />Prop: 0.041947566<br />Count: 56<br />Percent: 4.2", "Category: Alignment<br />Prop: 0.035205993<br />Count: 47<br />Percent: 3.5", "Category: UMIs<br />Prop: 0.035205993<br />Count: 47<br />Percent: 3.5", "Category: Expression Patterns<br />Prop: 0.032209738<br />Count: 43<br />Percent: 3.2", "Category: Alternative Splicing<br />Prop: 0.026217228<br />Count: 35<br />Percent: 2.6", "Category: Immune<br />Prop: 0.022471910<br />Count: 30<br />Percent: 2.2", "Category: Cell Cycle<br />Prop: 0.020973783<br />Count: 28<br />Percent: 2.1", "Category: Perturbations<br />Prop: 0.020224719<br />Count: 27<br />Percent: 2", "Category: Rare Cells<br />Prop: 0.013483146<br />Count: 18<br />Percent: 1.3", "Category: Assembly<br />Prop: 0.006741573<br />Count: 9<br />Percent: 0.7", "Category: Stem Cells<br />Prop: 0.005992509<br />Count: 8<br />Percent: 0.6", "Category: Transformation<br />Prop: 0.005992509<br />Count: 8<br />Percent: 0.6", "Category: Modality<br />Prop: 0.005243446<br />Count: 7<br />Percent: 0.5", "Category: Allele Specific<br />Prop: 0.004494382<br />Count: 6<br />Percent: 0.4", "Category: Haplotypes<br />Prop: 0.001498127<br />Count: 2<br />Percent: 0.1"],
      "type": "bar",
      "textposition": "none",
      "marker": {
        "autocolorscale": false,
        "color": "rgba(122,82,199,1)",
        "line": {
          "width": 1.88976377952756,
          "color": "transparent"
        }
      },
      "showlegend": false,
      "xaxis": "x",
      "yaxis": "y",
      "hoverinfo": "text",
      "frame": null
    }
  ],
  "layout": {
    "margin": {
      "t": 0,
      "r": 10,
      "b": 0,
      "l": 55
    },
    "font": {
      "color": "rgba(0,0,0,1)",
      "family": "",
      "size": 18.5969281859693
    },
    "xaxis": {
      "domain": [0, 1],
      "automargin": true,
      "type": "linear",
      "autorange": false,
      "range": [0.4, 33.6],
      "tickmode": "array",
      "ticktext": ["Visualisation", "Clustering", "Dimensionality Reduction", "Integration", "Gene Networks", "Classification", "Ordering", "Differential Expression", "Quality Control", "Normalisation", "Marker Genes", "Interactive", "Gene Sets", "Imputation", "Quantification", "Simulation", "Variable Genes", "Gene Filtering", "Variants", "Alignment", "UMIs", "Expression Patterns", "Alternative Splicing", "Immune", "Cell Cycle", "Perturbations", "Rare Cells", "Assembly", "Stem Cells", "Transformation", "Modality", "Allele Specific", "Haplotypes"],
      "tickvals": [1, 2, 3, 4, 5, 6, 7, 8, 9, 10, 11, 12, 13, 14, 15, 16, 17, 18, 19, 20, 21, 22, 23, 24, 25, 26, 27, 28, 29, 30, 31, 32, 33],
      "categoryorder": "array",
      "categoryarray": ["Visualisation", "Clustering", "Dimensionality Reduction", "Integration", "Gene Networks", "Classification", "Ordering", "Differential Expression", "Quality Control", "Normalisation", "Marker Genes", "Interactive", "Gene Sets", "Imputation", "Quantification", "Simulation", "Variable Genes", "Gene Filtering", "Variants", "Alignment", "UMIs", "Expression Patterns", "Alternative Splicing", "Immune", "Cell Cycle", "Perturbations", "Rare Cells", "Assembly", "Stem Cells", "Transformation", "Modality", "Allele Specific", "Haplotypes"],
      "nticks": null,
      "ticks": "outside",
      "tickcolor": "rgba(0,0,0,1)",
      "ticklen": 4.64923204649232,
      "tickwidth": 0.66417600664176,
      "showticklabels": true,
      "tickfont": {
        "color": "rgba(0,0,0,1)",
        "family": "",
        "size": 7
      },
      "tickangle": -60,
      "showline": true,
      "linecolor": "rgba(0,0,0,1)",
      "linewidth": 0.66417600664176,
      "showgrid": false,
      "gridcolor": null,
      "gridwidth": 0,
      "zeroline": false,
      "anchor": "y",
      "title": {
        "text": "",
        "font": {
          "color": null,
          "family": null,
          "size": 9
        }
      },
      "hoverformat": ".2f",
      "fixedrange": true
    },
    "yaxis": {
      "domain": [0, 1],
      "automargin": true,
      "type": "linear",
      "autorange": false,
      "range": [-0.0205992509363296, 0.432584269662921],
      "tickmode": "array",
      "ticktext": ["0%", "10%", "20%", "30%", "40%"],
      "tickvals": [0, 0.1, 0.2, 0.3, 0.4],
      "categoryorder": "array",
      "categoryarray": ["0%", "10%", "20%", "30%", "40%"],
      "nticks": null,
      "ticks": "outside",
      "tickcolor": "rgba(0,0,0,1)",
      "ticklen": 4.64923204649232,
      "tickwidth": 0.66417600664176,
      "showticklabels": true,
      "tickfont": {
        "color": "rgba(0,0,0,1)",
        "family": "",
        "size": 7
      },
      "tickangle": -0,
      "showline": true,
      "linecolor": "rgba(0,0,0,1)",
      "linewidth": 0.66417600664176,
      "showgrid": false,
      "gridcolor": null,
      "gridwidth": 0,
      "zeroline": false,
      "anchor": "x",