{
  "data": [
    {
      "orientation": "v",
      "width": [0.95, 0.95, 0.95, 0.95, 0.949999999999999, 0.949999999999999, 0.949999999999999, 0.949999999999999, 0.949999999999999, 0.949999999999999, 0.949999999999999, 0.949999999999999, 0.949999999999999, 0.949999999999999, 0.949999999999999, 0.950000000000001, 0.950000000000003, 0.950000000000003, 0.950000000000003, 0.950000000000003, 0.950000000000003, 0.950000000000003, 0.950000000000003, 0.950000000000003, 0.950000000000003, 0.950000000000003, 0.950000000000003, 0.950000000000003, 0.950000000000003, 0.950000000000003, 0.950000000000003, 0.950000000000003, 0.950000000000003],
      "base": [0, 0, 0, 0, 0, 0, 0, 0, 0, 0, 0, 0, 0, 0, 0, 0, 0, 0, 0, 0, 0, 0, 0, 0, 0, 0, 0, 0, 0, 0, 0, 0, 0],
      "x": [1, 2, 3, 4, 5, 6, 7, 8, 9, 10, 11, 12, 13, 14, 15, 16, 17, 18, 19, 20, 21, 22, 23, 24, 25, 26, 27, 28, 29, 30, 31, 32, 33],
      "y": [0.409488139825218, 0.248439450686642, 0.225343320848939, 0.154806491885144, 0.125468164794007, 0.119850187265918, 0.112983770287141, 0.099250936329588, 0.0967540574282147, 0.0961298377028714, 0.083645443196005, 0.0761548064918851, 0.0674157303370786, 0.0624219725343321, 0.0624219725343321, 0.0617977528089888, 0.0605493133583021, 0.0468164794007491, 0.0399500624219725, 0.0343320848938826, 0.0337078651685393, 0.0299625468164794, 0.0262172284644195, 0.0249687890137328, 0.0237203495630462, 0.0212234706616729, 0.0118601747815231, 0.00624219725343321, 0.00561797752808989, 0.00561797752808989, 0.00499375780274657, 0.00436953807740325, 0.00124843945068664],
      "text": ["Category: Visualisation<br />Prop: 0.409488140<br />Count: 656<br />Percent: 40.9", "Category: Dimensionality Reduction<br />Prop: 0.248439451<br />Count: 398<br />Percent: 24.8", "Category: Clustering<br />Prop: 0.225343321<br />Count: 361<br />Percent: 22.5", "Category: Integration<br />Prop: 0.154806492<br />Count: 248<br />Percent: 15.5", "Category: Gene Networks<br />Prop: 0.125468165<br />Count: 201<br />Percent: 12.5", "Category: Classification<br />Prop: 0.119850187<br />Count: 192<br />Percent: 12", "Category: Ordering<br />Prop: 0.112983770<br />Count: 181<br />Percent: 11.3", "Category: Quality Control<br />Prop: 0.099250936<br />Count: 159<br />Percent: 9.9", "Category: Normalisation<br />Prop: 0.096754057<br />Count: 155<br />Percent: 9.7", "Category: Differential Expression<br />Prop: 0.096129838<br />Count: 154<br />Percent: 9.6", "Category: Marker Genes<br />Prop: 0.083645443<br />Count: 134<br />Percent: 8.4", "Category: Gene Sets<br />Prop: 0.076154806<br />Count: 122<br />Percent: 7.6", "Category: Interactive<br />Prop: 0.067415730<br />Count: 108<br />Percent: 6.7", "Category: Imputation<br />Prop: 0.062421973<br />Count: 100<br />Percent: 6.2", "Category: Quantification<br />Prop: 0.062421973<br />Count: 100<br />Percent: 6.2", "Category: Variable Genes<br />Prop: 0.061797753<br />Count: 99<br />Percent: 6.2", "Category: Simulation<br />Prop: 0.060549313<br />Count: 97<br />Percent: 6.1", "Category: Variants<br />Prop: 0.046816479<br />Count: 75<br />Percent: 4.7", "Category: Gene Filtering<br />Prop: 0.039950062<br />Count: 64<br />Percent: 4", "Category: UMIs<br />Prop: 0.034332085<br />Count: 55<br />Percent: 3.4", "Category: Alignment<br />Prop: 0.033707865<br />Count: 54<br />Percent: 3.4", "Category: Expression Patterns<br />Prop: 0.029962547<br />Count: 48<br />Percent: 3", "Category: Alternative Splicing<br />Prop: 0.026217228<br />Count: 42<br />Percent: 2.6", "Category: Immune<br />Prop: 0.024968789<br />Count: 40<br />Percent: 2.5", "Category: Perturbations<br />Prop: 0.023720350<br />Count: 38<br />Percent: 2.4", "Category: Cell Cycle<br />Prop: 0.021223471<br />Count: 34<br />Percent: 2.1", "Category: Rare Cells<br />Prop: 0.011860175<br />Count: 19<br />Percent: 1.2", "Category: Assembly<br />Prop: 0.006242197<br />Count: 10<br />Percent: 0.6", "Category: Stem Cells<br />Prop: 0.005617978<br />Count: 9<br />Percent: 0.6", "Category: Transformation<br />Prop: 0.005617978<br />Count: 9<br />Percent: 0.6", "Category: Modality<br />Prop: 0.004993758<br />Count: 8<br />Percent: 0.5", "Category: Allele Specific<br />Prop: 0.004369538<br />Count: 7<br />Percent: 0.4", "Category: Haplotypes<br />Prop: 0.001248439<br />Count: 2<br />Percent: 0.1"],
      "type": "bar",
      "textposition": "none",
      "marker": {
        "autocolorscale": false,
        "color": "rgba(122,82,199,1)",
        "line": {
          "width": 1.88976377952756,
          "color": "transparent"
        }
      },
      "showlegend": false,
      "xaxis": "x",
      "yaxis": "y",
      "hoverinfo": "text",
      "frame": null
    }
  ],
  "layout": {
    "margin": {
      "t": 0,
      "r": 10,
      "b": 0,
      "l": 55
    },
    "font": {
      "color": "rgba(0,0,0,1)",
      "family": "",
      "size": 18.5969281859693
    },
    "xaxis": {
      "domain": [0, 1],
      "automargin": true,
      "type": "linear",
      "autorange": false,
      "range": [0.4, 33.6],
      "tickmode": "array",
      "ticktext": ["Visualisation", "Dimensionality Reduction", "Clustering", "Integration", "Gene Networks", "Classification", "Ordering", "Quality Control", "Normalisation", "Differential Expression", "Marker Genes", "Gene Sets", "Interactive", "Imputation", "Quantification", "Variable Genes", "Simulation", "Variants", "Gene Filtering", "UMIs", "Alignment", "Expression Patterns", "Alternative Splicing", "Immune", "Perturbations", "Cell Cycle", "Rare Cells", "Assembly", "Stem Cells", "Transformation", "Modality", "Allele Specific", "Haplotypes"],
      "tickvals": [1, 2, 3, 4, 5, 6, 7, 8, 9, 10, 11, 12, 13, 14, 15, 16, 17, 18, 19, 20, 21, 22, 23, 24, 25, 26, 27, 28, 29, 30, 31, 32, 33],
      "categoryorder": "array",
      "categoryarray": ["Visualisation", "Dimensionality Reduction", "Clustering", "Integration", "Gene Networks", "Classification", "Ordering", "Quality Control", "Normalisation", "Differential Expression", "Marker Genes", "Gene Sets", "Interactive", "Imputation", "Quantification", "Variable Genes", "Simulation", "Variants", "Gene Filtering", "UMIs", "Alignment", "Expression Patterns", "Alternative Splicing", "Immune", "Perturbations", "Cell Cycle", "Rare Cells", "Assembly", "Stem Cells", "Transformation", "Modality", "Allele Specific", "Haplotypes"],
      "nticks": null,
      "ticks": "outside",
      "tickcolor": "rgba(0,0,0,1)",
      "ticklen": 4.64923204649232,
      "tickwidth": 0.66417600664176,
      "showticklabels": true,
      "tickfont": {
        "color": "rgba(0,0,0,1)",
        "family": "",
        "size": 7
      },
      "tickangle": -60,
      "showline": true,
      "linecolor": "rgba(0,0,0,1)",
      "linewidth": 0.66417600664176,
      "showgrid": false,
      "gridcolor": null,
      "gridwidth": 0,
      "zeroline": false,
      "anchor": "y",
      "title": {
        "text": "",
        "font": {
          "color": null,
          "family": null,
          "size": 9
        }
      },
      "hoverformat": ".2f",
      "fixedrange": true
    },
    "yaxis": {
      "domain": [0, 1],
      "automargin": true,
      "type": "linear",
      "autorange": false,
      "range": [-0.0204744069912609, 0.429962546816479],
      "tickmode": "array",
      "ticktext": ["0%", "10%", "20%", "30%", "40%"],
      "tickvals": [0, 0.1, 0.2, 0.3, 0.4],
      "categoryorder": "array",
      "categoryarray": ["0%", "10%", "20%", "30%", "40%"],
      "nticks": null,
      "ticks": "outside",
      "tickcolor": "rgba(0,0,0,1)",
      "ticklen": 4.64923204649232,
      "tickwidth": 0.66417600664176,
      "showticklabels": true,
      "tickfont": {
        "color": "rgba(0,0,0,1)",
        "family": "",
        "size": 7
      },
      "tickangle": -0,
      "showline": true,
      "linecolor": "rgba(0,0,0,1)",
      "linewidth": 0.66417600664176,
      "showgrid": false,
      "gridcolor": null,
      "gridwidth": 0,
      "zeroline": false,
      "anchor": "x",