{
  "data": [
    {
      "orientation": "v",
      "width": [0.95, 0.95, 0.95, 0.95, 0.949999999999999, 0.949999999999999, 0.949999999999999, 0.949999999999999, 0.949999999999999, 0.949999999999999, 0.949999999999999, 0.949999999999999, 0.949999999999999, 0.949999999999999, 0.949999999999999, 0.950000000000001, 0.950000000000003, 0.950000000000003, 0.950000000000003, 0.950000000000003, 0.950000000000003, 0.950000000000003, 0.950000000000003, 0.950000000000003, 0.950000000000003, 0.950000000000003, 0.950000000000003, 0.950000000000003, 0.950000000000003, 0.950000000000003, 0.950000000000003, 0.950000000000003, 0.950000000000003],
      "base": [0, 0, 0, 0, 0, 0, 0, 0, 0, 0, 0, 0, 0, 0, 0, 0, 0, 0, 0, 0, 0, 0, 0, 0, 0, 0, 0, 0, 0, 0, 0, 0, 0],
      "x": [1, 2, 3, 4, 5, 6, 7, 8, 9, 10, 11, 12, 13, 14, 15, 16, 17, 18, 19, 20, 21, 22, 23, 24, 25, 26, 27, 28, 29, 30, 31, 32, 33],
      "y": [0.413359148112294, 0.253630203291384, 0.249757986447241, 0.137463697967086, 0.124878993223621, 0.115198451113262, 0.112294288480155, 0.107454017424976, 0.107454017424976, 0.100677637947725, 0.085188770571152, 0.085188770571152, 0.0706679574056147, 0.0677637947725073, 0.0667957405614714, 0.0600193610842207, 0.0590513068731849, 0.0503388189738625, 0.0396902226524685, 0.0396902226524685, 0.0377541142303969, 0.0367860600193611, 0.0251694094869313, 0.0242013552758954, 0.0183930300096805, 0.0154888673765731, 0.0135527589545015, 0.00774443368828654, 0.00580832526621491, 0.00580832526621491, 0.00580832526621491, 0.00484027105517909, 0.00193610842207164],
      "text": ["Category: Visualisation<br />Count: 427<br />Percent: 41.3", "Category: Clustering<br />Count: 262<br />Percent: 25.4", "Category: Dimensionality Reduction<br />Count: 258<br />Percent: 25", "Category: Integration<br />Count: 142<br />Percent: 13.7", "Category: Ordering<br />Count: 129<br />Percent: 12.5", "Category: Gene Networks<br />Count: 119<br />Percent: 11.5", "Category: Differential Expression<br />Count: 116<br />Percent: 11.2", "Category: Classification<br />Count: 111<br />Percent: 10.7", "Category: Normalisation<br />Count: 111<br />Percent: 10.7", "Category: Quality Control<br />Count: 104<br />Percent: 10.1", "Category: Interactive<br />Count: 88<br />Percent: 8.5", "Category: Marker Genes<br />Count: 88<br />Percent: 8.5", "Category: Imputation<br />Count: 73<br />Percent: 7.1", "Category: Gene Sets<br />Count: 70<br />Percent: 6.8", "Category: Simulation<br />Count: 69<br />Percent: 6.7", "Category: Variable Genes<br />Count: 62<br />Percent: 6", "Category: Quantification<br />Count: 61<br />Percent: 5.9", "Category: Gene Filtering<br />Count: 52<br />Percent: 5", "Category: UMIs<br />Count: 41<br />Percent: 4", "Category: Variants<br />Count: 41<br />Percent: 4", "Category: Expression Patterns<br />Count: 39<br />Percent: 3.8", "Category: Alignment<br />Count: 38<br />Percent: 3.7", "Category: Alternative Splicing<br />Count: 26<br />Percent: 2.5", "Category: Cell Cycle<br />Count: 25<br />Percent: 2.4", "Category: Immune<br />Count: 19<br />Percent: 1.8", "Category: Perturbations<br />Count: 16<br />Percent: 1.5", "Category: Rare Cells<br />Count: 14<br />Percent: 1.4", "Category: Assembly<br />Count: 8<br />Percent: 0.8", "Category: Allele Specific<br />Count: 6<br />Percent: 0.6", "Category: Modality<br />Count: 6<br />Percent: 0.6", "Category: Stem Cells<br />Count: 6<br />Percent: 0.6", "Category: Transformation<br />Count: 5<br />Percent: 0.5", "Category: Haplotypes<br />Count: 2<br />Percent: 0.2"],
      "type": "bar",
      "marker": {
        "autocolorscale": false,
        "color": "rgba(122,82,199,1)",
        "line": {
          "width": 1.88976377952756,
          "color": "transparent"
        }
      },
      "showlegend": false,
      "xaxis": "x",
      "yaxis": "y",
      "hoverinfo": "text",
      "frame": null
    }
  ],
  "layout": {
    "margin": {
      "t": 50,
      "r": 30,
      "b": 50,
      "l": 70
    },
    "font": {
      "color": "rgba(0,0,0,1)",
      "family": "",
      "size": 18.5969281859693
    },
    "xaxis": {
      "domain": [0, 1],
      "automargin": true,
      "type": "linear",
      "autorange": false,
      "range": [0.4, 33.6],
      "tickmode": "array",
      "ticktext": ["Visualisation", "Clustering", "Dimensionality Reduction", "Integration", "Ordering", "Gene Networks", "Differential Expression", "Classification", "Normalisation", "Quality Control", "Interactive", "Marker Genes", "Imputation", "Gene Sets", "Simulation", "Variable Genes", "Quantification", "Gene Filtering", "UMIs", "Variants", "Expression Patterns", "Alignment", "Alternative Splicing", "Cell Cycle", "Immune", "Perturbations", "Rare Cells", "Assembly", "Allele Specific", "Modality", "Stem Cells", "Transformation", "Haplotypes"],
      "tickvals": [1, 2, 3, 4, 5, 6, 7, 8, 9, 10, 11, 12, 13, 14, 15, 16, 17, 18, 19, 20, 21, 22, 23, 24, 25, 26, 27, 28, 29, 30, 31, 32, 33],
      "categoryorder": "array",
      "categoryarray": ["Visualisation", "Clustering", "Dimensionality Reduction", "Integration", "Ordering", "Gene Networks", "Differential Expression", "Classification", "Normalisation", "Quality Control", "Interactive", "Marker Genes", "Imputation", "Gene Sets", "Simulation", "Variable Genes", "Quantification", "Gene Filtering", "UMIs", "Variants", "Expression Patterns", "Alignment", "Alternative Splicing", "Cell Cycle", "Immune", "Perturbations", "Rare Cells", "Assembly", "Allele Specific", "Modality", "Stem Cells", "Transformation", "Haplotypes"],
      "nticks": null,
      "ticks": "outside",
      "tickcolor": "rgba(0,0,0,1)",
      "ticklen": 4.64923204649232,
      "tickwidth": 0.66417600664176,
      "showticklabels": true,
      "tickfont": {
        "color": "rgba(0,0,0,1)",
        "family": "",
        "size": 15.9402241594022
      },
      "tickangle": -60,
      "showline": true,
      "linecolor": "rgba(0,0,0,1)",
      "linewidth": 0.66417600664176,
      "showgrid": false,
      "gridcolor": null,
      "gridwidth": 0,
      "zeroline": false,
      "anchor": "y",
      "title": {
        "text": "",
        "font": {
          "color": null,
          "family": null,
          "size": 0
        }
      },
      "hoverformat": ".2f"
    },
    "yaxis": {
      "domain": [0, 1],
      "automargin": true,
      "type": "linear",
      "autorange": false,
      "range": [-0.0206679574056147, 0.434027105517909],
      "tickmode": "array",
      "ticktext": ["0.0%", "10.0%", "20.0%", "30.0%", "40.0%"],
      "tickvals": [0, 0.1, 0.2, 0.3, 0.4],
      "categoryorder": "array",
      "categoryarray": ["0.0%", "10.0%", "20.0%", "30.0%", "40.0%"],
      "nticks": null,
      "ticks": "outside",
      "tickcolor": "rgba(0,0,0,1)",
      "ticklen": 4.64923204649232,
      "tickwidth": 0.66417600664176,
      "showticklabels": true,
      "tickfont": {
        "color": "rgba(0,0,0,1)",
        "family": "",
        "size": 15.9402241594022
      },
      "tickangle": -0,
      "showline": true,
      "linecolor": "rgba(0,0,0,1)",
      "linewidth": 0.66417600664176,
      "showgrid": false,
      "gridcolor": null,
      "gridwidth": 0,
      "zeroline": false,
      "anchor": "x",
      "title": {
        "text": "Percentage of tools",
        "font": {
          "color": "rgba(0,0,0,1)",
          "family": "",
          "size": 18.5969281859693
        }
      },
      "hoverformat": ".2f"
    },
    "shapes": [
      {
        "type": "rect",
        "fillcolor": null,
        "line": {
          "color": null,
          "width": 0,
          "linetype": []
        },
        "yref": "paper",
        "xref": "paper",
        "x0": 0,
        "x1": 1,
        "y0": 0,
        "y1": 1
      }
    ],
    "showlegend": false,
    "legend": {
      "bgcolor": null,
      "bordercolor": null,
      "borderwidth": 0,
      "font": {
        "color": "rgba(0,0,0,1)",
        "family": "",
        "size": 15.9402241594022
      }
    },
    "hovermode": "closest",