{
  "data": [
    {
      "orientation": "v",
      "width": [0.95, 0.95, 0.95, 0.95, 0.949999999999999, 0.949999999999999, 0.949999999999999, 0.949999999999999, 0.949999999999999, 0.949999999999999, 0.949999999999999, 0.949999999999999, 0.949999999999999, 0.949999999999999, 0.949999999999999, 0.950000000000001, 0.950000000000003, 0.950000000000003, 0.950000000000003, 0.950000000000003, 0.950000000000003, 0.950000000000003, 0.950000000000003, 0.950000000000003, 0.950000000000003, 0.950000000000003, 0.950000000000003, 0.950000000000003, 0.950000000000003, 0.950000000000003, 0.950000000000003, 0.950000000000003],
      "base": [0, 0, 0, 0, 0, 0, 0, 0, 0, 0, 0, 0, 0, 0, 0, 0, 0, 0, 0, 0, 0, 0, 0, 0, 0, 0, 0, 0, 0, 0, 0, 0],
      "x": [1, 2, 3, 4, 5, 6, 7, 8, 9, 10, 11, 12, 13, 14, 15, 16, 17, 18, 19, 20, 21, 22, 23, 24, 25, 26, 27, 28, 29, 30, 31, 32],
      "y": [0.45959595959596, 0.264309764309764, 0.249158249158249, 0.148148148148148, 0.146464646464646, 0.117845117845118, 0.117845117845118, 0.116161616161616, 0.111111111111111, 0.111111111111111, 0.104377104377104, 0.0892255892255892, 0.0858585858585859, 0.0791245791245791, 0.0723905723905724, 0.0723905723905724, 0.0673400673400673, 0.063973063973064, 0.0538720538720539, 0.0521885521885522, 0.0387205387205387, 0.037037037037037, 0.0252525252525253, 0.0185185185185185, 0.0185185185185185, 0.0151515151515152, 0.0101010101010101, 0.00841750841750842, 0.00841750841750842, 0.00673400673400673, 0.00673400673400673, 0.00336700336700337],
      "text": ["Category: Visualisation<br />Prop: 0.459595960<br />Count: 273<br />Percent: 46", "Category: Clustering<br />Prop: 0.264309764<br />Count: 157<br />Percent: 26.4", "Category: Dimensionality Reduction<br />Prop: 0.249158249<br />Count: 148<br />Percent: 24.9", "Category: Normalisation<br />Prop: 0.148148148<br />Count: 88<br />Percent: 14.8", "Category: Ordering<br />Prop: 0.146464646<br />Count: 87<br />Percent: 14.6", "Category: Differential Expression<br />Prop: 0.117845118<br />Count: 70<br />Percent: 11.8", "Category: Quality Control<br />Prop: 0.117845118<br />Count: 70<br />Percent: 11.8", "Category: Interactive<br />Prop: 0.116161616<br />Count: 69<br />Percent: 11.6", "Category: Gene Networks<br />Prop: 0.111111111<br />Count: 66<br />Percent: 11.1", "Category: Integration<br />Prop: 0.111111111<br />Count: 66<br />Percent: 11.1", "Category: Marker Genes<br />Prop: 0.104377104<br />Count: 62<br />Percent: 10.4", "Category: Classification<br />Prop: 0.089225589<br />Count: 53<br />Percent: 8.9", "Category: Imputation<br />Prop: 0.085858586<br />Count: 51<br />Percent: 8.6", "Category: Simulation<br />Prop: 0.079124579<br />Count: 47<br />Percent: 7.9", "Category: Gene Sets<br />Prop: 0.072390572<br />Count: 43<br />Percent: 7.2", "Category: Variable Genes<br />Prop: 0.072390572<br />Count: 43<br />Percent: 7.2", "Category: Gene Filtering<br />Prop: 0.067340067<br />Count: 40<br />Percent: 6.7", "Category: Quantification<br />Prop: 0.063973064<br />Count: 38<br />Percent: 6.4", "Category: UMIs<br />Prop: 0.053872054<br />Count: 32<br />Percent: 5.4", "Category: Expression Patterns<br />Prop: 0.052188552<br />Count: 31<br />Percent: 5.2", "Category: Variants<br />Prop: 0.038720539<br />Count: 23<br />Percent: 3.9", "Category: Alignment<br />Prop: 0.037037037<br />Count: 22<br />Percent: 3.7", "Category: Cell Cycle<br />Prop: 0.025252525<br />Count: 15<br />Percent: 2.5", "Category: Alternative Splicing<br />Prop: 0.018518519<br />Count: 11<br />Percent: 1.9", "Category: Immune<br />Prop: 0.018518519<br />Count: 11<br />Percent: 1.9", "Category: Rare Cells<br />Prop: 0.015151515<br />Count: 9<br />Percent: 1.5", "Category: Assembly<br />Prop: 0.010101010<br />Count: 6<br />Percent: 1", "Category: Allele Specific<br />Prop: 0.008417508<br />Count: 5<br />Percent: 0.8", "Category: Stem Cells<br />Prop: 0.008417508<br />Count: 5<br />Percent: 0.8", "Category: Modality<br />Prop: 0.006734007<br />Count: 4<br />Percent: 0.7", "Category: Transformation<br />Prop: 0.006734007<br />Count: 4<br />Percent: 0.7", "Category: Haplotypes<br />Prop: 0.003367003<br />Count: 2<br />Percent: 0.3"],
      "type": "bar",
      "marker": {
        "autocolorscale": false,
        "color": "rgba(122,82,199,1)",
        "line": {
          "width": 1.88976377952756,
          "color": "transparent"
        }
      },
      "showlegend": false,
      "xaxis": "x",
      "yaxis": "y",
      "hoverinfo": "text",
      "frame": null
    }
  ],
  "layout": {
    "margin": {
      "t": 0,
      "r": 10,
      "b": 0,
      "l": 55
    },
    "font": {
      "color": "rgba(0,0,0,1)",
      "family": "",
      "size": 18.5969281859693
    },
    "xaxis": {
      "domain": [0, 1],
      "automargin": true,
      "type": "linear",
      "autorange": false,
      "range": [0.4, 32.6],
      "tickmode": "array",
      "ticktext": ["Visualisation", "Clustering", "Dimensionality Reduction", "Normalisation", "Ordering", "Differential Expression", "Quality Control", "Interactive", "Gene Networks", "Integration", "Marker Genes", "Classification", "Imputation", "Simulation", "Gene Sets", "Variable Genes", "Gene Filtering", "Quantification", "UMIs", "Expression Patterns", "Variants", "Alignment", "Cell Cycle", "Alternative Splicing", "Immune", "Rare Cells", "Assembly", "Allele Specific", "Stem Cells", "Modality", "Transformation", "Haplotypes"],
      "tickvals": [1, 2, 3, 4, 5, 6, 7, 8, 9, 10, 11, 12, 13, 14, 15, 16, 17, 18, 19, 20, 21, 22, 23, 24, 25, 26, 27, 28, 29, 30, 31, 32],
      "categoryorder": "array",
      "categoryarray": ["Visualisation", "Clustering", "Dimensionality Reduction", "Normalisation", "Ordering", "Differential Expression", "Quality Control", "Interactive", "Gene Networks", "Integration", "Marker Genes", "Classification", "Imputation", "Simulation", "Gene Sets", "Variable Genes", "Gene Filtering", "Quantification", "UMIs", "Expression Patterns", "Variants", "Alignment", "Cell Cycle", "Alternative Splicing", "Immune", "Rare Cells", "Assembly", "Allele Specific", "Stem Cells", "Modality", "Transformation", "Haplotypes"],
      "nticks": null,
      "ticks": "outside",
      "tickcolor": "rgba(0,0,0,1)",
      "ticklen": 4.64923204649232,
      "tickwidth": 0.66417600664176,
      "showticklabels": true,
      "tickfont": {
        "color": "rgba(0,0,0,1)",
        "family": "",
        "size": 7
      },
      "tickangle": -60,
      "showline": true,
      "linecolor": "rgba(0,0,0,1)",
      "linewidth": 0.66417600664176,
      "showgrid": false,
      "gridcolor": null,
      "gridwidth": 0,
      "zeroline": false,
      "anchor": "y",
      "title": {
        "text": "",
        "font": {
          "color": null,
          "family": null,
          "size": 9
        }
      },
      "hoverformat": ".2f",
      "fixedrange": true
    },
    "yaxis": {
      "domain": [0, 1],
      "automargin": true,
      "type": "linear",
      "autorange": false,
      "range": [-0.022979797979798, 0.482575757575758],
      "tickmode": "array",
      "ticktext": ["0.0%", "10.0%", "20.0%", "30.0%", "40.0%"],
      "tickvals": [0, 0.1, 0.2, 0.3, 0.4],
      "categoryorder": "array",
      "categoryarray": ["0.0%", "10.0%", "20.0%", "30.0%", "40.0%"],
      "nticks": null,
      "ticks": "outside",
      "tickcolor": "rgba(0,0,0,1)",
      "ticklen": 4.64923204649232,
      "tickwidth": 0.66417600664176,
      "showticklabels": true,
      "tickfont": {
        "color": "rgba(0,0,0,1)",
        "family": "",
        "size": 7
      },
      "tickangle": -0,
      "showline": true,
      "linecolor": "rgba(0,0,0,1)",
      "linewidth": 0.66417600664176,
      "showgrid": false,
      "gridcolor": null,
      "gridwidth": 0,
      "zeroline": false,
      "anchor": "x",
      "title": {
        "text": "Percentage of tools",
        "font": {
          "color": "rgba(0,0,0,1)",
          "family": "",
          "size": 9
        }
      },
      "hoverformat": ".2f",