{
  "data": [
    {
      "orientation": "v",
      "width": [0.95, 0.95, 0.95, 0.95, 0.949999999999999, 0.949999999999999, 0.949999999999999, 0.949999999999999, 0.949999999999999, 0.949999999999999, 0.949999999999999, 0.949999999999999, 0.949999999999999, 0.949999999999999, 0.949999999999999, 0.950000000000001, 0.950000000000003, 0.950000000000003, 0.950000000000003, 0.950000000000003, 0.950000000000003, 0.950000000000003, 0.950000000000003, 0.950000000000003, 0.950000000000003, 0.950000000000003, 0.950000000000003, 0.950000000000003, 0.950000000000003, 0.950000000000003, 0.950000000000003, 0.950000000000003],
      "base": [0, 0, 0, 0, 0, 0, 0, 0, 0, 0, 0, 0, 0, 0, 0, 0, 0, 0, 0, 0, 0, 0, 0, 0, 0, 0, 0, 0, 0, 0, 0, 0],
      "x": [1, 2, 3, 4, 5, 6, 7, 8, 9, 10, 11, 12, 13, 14, 15, 16, 17, 18, 19, 20, 21, 22, 23, 24, 25, 26, 27, 28, 29, 30, 31, 32],
      "y": [0.449275362318841, 0.265700483091787, 0.247987117552335, 0.143317230273752, 0.143317230273752, 0.120772946859903, 0.115942028985507, 0.114331723027375, 0.112721417069243, 0.109500805152979, 0.103059581320451, 0.0933977455716586, 0.0885668276972625, 0.0805152979066023, 0.0740740740740741, 0.07085346215781, 0.0644122383252818, 0.0611916264090177, 0.0531400966183575, 0.0499194847020934, 0.0386473429951691, 0.035426731078905, 0.0257648953301127, 0.0193236714975845, 0.0193236714975845, 0.0144927536231884, 0.00966183574879227, 0.00966183574879227, 0.00805152979066022, 0.00644122383252818, 0.00644122383252818, 0.00322061191626409],
      "text": ["Category: Visualisation<br />Prop: 0.449275362<br />Count: 279<br />Percent: 44.9", "Category: Clustering<br />Prop: 0.265700483<br />Count: 165<br />Percent: 26.6", "Category: Dimensionality Reduction<br />Prop: 0.247987118<br />Count: 154<br />Percent: 24.8", "Category: Normalisation<br />Prop: 0.143317230<br />Count: 89<br />Percent: 14.3", "Category: Ordering<br />Prop: 0.143317230<br />Count: 89<br />Percent: 14.3", "Category: Integration<br />Prop: 0.120772947<br />Count: 75<br />Percent: 12.1", "Category: Differential Expression<br />Prop: 0.115942029<br />Count: 72<br />Percent: 11.6", "Category: Quality Control<br />Prop: 0.114331723<br />Count: 71<br />Percent: 11.4", "Category: Interactive<br />Prop: 0.112721417<br />Count: 70<br />Percent: 11.3", "Category: Gene Networks<br />Prop: 0.109500805<br />Count: 68<br />Percent: 11", "Category: Marker Genes<br />Prop: 0.103059581<br />Count: 64<br />Percent: 10.3", "Category: Classification<br />Prop: 0.093397746<br />Count: 58<br />Percent: 9.3", "Category: Imputation<br />Prop: 0.088566828<br />Count: 55<br />Percent: 8.9", "Category: Simulation<br />Prop: 0.080515298<br />Count: 50<br />Percent: 8.1", "Category: Gene Sets<br />Prop: 0.074074074<br />Count: 46<br />Percent: 7.4", "Category: Variable Genes<br />Prop: 0.070853462<br />Count: 44<br />Percent: 7.1", "Category: Gene Filtering<br />Prop: 0.064412238<br />Count: 40<br />Percent: 6.4", "Category: Quantification<br />Prop: 0.061191626<br />Count: 38<br />Percent: 6.1", "Category: UMIs<br />Prop: 0.053140097<br />Count: 33<br />Percent: 5.3", "Category: Expression Patterns<br />Prop: 0.049919485<br />Count: 31<br />Percent: 5", "Category: Variants<br />Prop: 0.038647343<br />Count: 24<br />Percent: 3.9", "Category: Alignment<br />Prop: 0.035426731<br />Count: 22<br />Percent: 3.5", "Category: Cell Cycle<br />Prop: 0.025764895<br />Count: 16<br />Percent: 2.6", "Category: Alternative Splicing<br />Prop: 0.019323671<br />Count: 12<br />Percent: 1.9", "Category: Immune<br />Prop: 0.019323671<br />Count: 12<br />Percent: 1.9", "Category: Rare Cells<br />Prop: 0.014492754<br />Count: 9<br />Percent: 1.4", "Category: Allele Specific<br />Prop: 0.009661836<br />Count: 6<br />Percent: 1", "Category: Assembly<br />Prop: 0.009661836<br />Count: 6<br />Percent: 1", "Category: Stem Cells<br />Prop: 0.008051530<br />Count: 5<br />Percent: 0.8", "Category: Modality<br />Prop: 0.006441224<br />Count: 4<br />Percent: 0.6", "Category: Transformation<br />Prop: 0.006441224<br />Count: 4<br />Percent: 0.6", "Category: Haplotypes<br />Prop: 0.003220612<br />Count: 2<br />Percent: 0.3"],
      "type": "bar",
      "marker": {
        "autocolorscale": false,
        "color": "rgba(122,82,199,1)",
        "line": {
          "width": 1.88976377952756,
          "color": "transparent"
        }
      },
      "showlegend": false,
      "xaxis": "x",
      "yaxis": "y",
      "hoverinfo": "text",
      "frame": null
    }
  ],
  "layout": {
    "margin": {
      "t": 0,
      "r": 10,
      "b": 0,
      "l": 55
    },
    "font": {
      "color": "rgba(0,0,0,1)",
      "family": "",
      "size": 18.5969281859693
    },
    "xaxis": {
      "domain": [0, 1],
      "automargin": true,
      "type": "linear",
      "autorange": false,
      "range": [0.4, 32.6],
      "tickmode": "array",
      "ticktext": ["Visualisation", "Clustering", "Dimensionality Reduction", "Normalisation", "Ordering", "Integration", "Differential Expression", "Quality Control", "Interactive", "Gene Networks", "Marker Genes", "Classification", "Imputation", "Simulation", "Gene Sets", "Variable Genes", "Gene Filtering", "Quantification", "UMIs", "Expression Patterns", "Variants", "Alignment", "Cell Cycle", "Alternative Splicing", "Immune", "Rare Cells", "Allele Specific", "Assembly", "Stem Cells", "Modality", "Transformation", "Haplotypes"],
      "tickvals": [1, 2, 3, 4, 5, 6, 7, 8, 9, 10, 11, 12, 13, 14, 15, 16, 17, 18, 19, 20, 21, 22, 23, 24, 25, 26, 27, 28, 29, 30, 31, 32],
      "categoryorder": "array",
      "categoryarray": ["Visualisation", "Clustering", "Dimensionality Reduction", "Normalisation", "Ordering", "Integration", "Differential Expression", "Quality Control", "Interactive", "Gene Networks", "Marker Genes", "Classification", "Imputation", "Simulation", "Gene Sets", "Variable Genes", "Gene Filtering", "Quantification", "UMIs", "Expression Patterns", "Variants", "Alignment", "Cell Cycle", "Alternative Splicing", "Immune", "Rare Cells", "Allele Specific", "Assembly", "Stem Cells", "Modality", "Transformation", "Haplotypes"],
      "nticks": null,
      "ticks": "outside",
      "tickcolor": "rgba(0,0,0,1)",
      "ticklen": 4.64923204649232,
      "tickwidth": 0.66417600664176,
      "showticklabels": true,
      "tickfont": {
        "color": "rgba(0,0,0,1)",
        "family": "",
        "size": 7
      },
      "tickangle": -60,
      "showline": true,
      "linecolor": "rgba(0,0,0,1)",
      "linewidth": 0.66417600664176,
      "showgrid": false,
      "gridcolor": null,
      "gridwidth": 0,
      "zeroline": false,
      "anchor": "y",
      "title": {
        "text": "",
        "font": {
          "color": null,
          "family": null,
          "size": 9
        }
      },
      "hoverformat": ".2f",
      "fixedrange": true
    },
    "yaxis": {
      "domain": [0, 1],
      "automargin": true,
      "type": "linear",
      "autorange": false,
      "range": [-0.022463768115942, 0.471739130434783],
      "tickmode": "array",
      "ticktext": ["0.0%", "10.0%", "20.0%", "30.0%", "40.0%"],
      "tickvals": [0, 0.1, 0.2, 0.3, 0.4],
      "categoryorder": "array",
      "categoryarray": ["0.0%", "10.0%", "20.0%", "30.0%", "40.0%"],
      "nticks": null,
      "ticks": "outside",
      "tickcolor": "rgba(0,0,0,1)",
      "ticklen": 4.64923204649232,
      "tickwidth": 0.66417600664176,
      "showticklabels": true,
      "tickfont": {
        "color": "rgba(0,0,0,1)",
        "family": "",
        "size": 7
      },
      "tickangle": -0,
      "showline": true,
      "linecolor": "rgba(0,0,0,1)",
      "linewidth": 0.66417600664176,
      "showgrid": false,
      "gridcolor": null,
      "gridwidth": 0,
      "zeroline": false,
      "anchor": "x",
      "title": {
        "text": "Percentage of tools",
        "font": {
          "color": "rgba(0,0,0,1)",
          "family": "",
          "size": 9
        }
      },
      "hoverformat": ".2f",