{
  "data": [
    {
      "orientation": "v",
      "width": [0.95, 0.95, 0.95, 0.95, 0.949999999999999, 0.949999999999999, 0.949999999999999, 0.949999999999999, 0.949999999999999, 0.949999999999999, 0.949999999999999, 0.949999999999999, 0.949999999999999, 0.949999999999999, 0.949999999999999, 0.950000000000001, 0.950000000000003, 0.950000000000003, 0.950000000000003, 0.950000000000003, 0.950000000000003, 0.950000000000003, 0.950000000000003, 0.950000000000003, 0.950000000000003, 0.950000000000003, 0.950000000000003, 0.950000000000003, 0.950000000000003, 0.950000000000003, 0.950000000000003, 0.950000000000003, 0.950000000000003],
      "base": [0, 0, 0, 0, 0, 0, 0, 0, 0, 0, 0, 0, 0, 0, 0, 0, 0, 0, 0, 0, 0, 0, 0, 0, 0, 0, 0, 0, 0, 0, 0, 0, 0],
      "x": [1, 2, 3, 4, 5, 6, 7, 8, 9, 10, 11, 12, 13, 14, 15, 16, 17, 18, 19, 20, 21, 22, 23, 24, 25, 26, 27, 28, 29, 30, 31, 32, 33],
      "y": [0.414119359534207, 0.240174672489083, 0.239446870451237, 0.147016011644833, 0.124454148471616, 0.117176128093159, 0.114992721979622, 0.101892285298399, 0.101164483260553, 0.098981077147016, 0.0844250363901019, 0.0698689956331878, 0.0691411935953421, 0.0662299854439592, 0.0633187772925764, 0.0611353711790393, 0.0596797671033479, 0.0436681222707424, 0.0422125181950509, 0.0363901018922853, 0.0356622998544396, 0.0327510917030568, 0.0254730713245997, 0.024745269286754, 0.0203784570596798, 0.0203784570596798, 0.0131004366812227, 0.00655021834061135, 0.00582241630276565, 0.00582241630276565, 0.00509461426491994, 0.00436681222707424, 0.00145560407569141],
      "text": ["Category: Visualisation<br />Prop: 0.414119360<br />Count: 569<br />Percent: 41.4", "Category: Clustering<br />Prop: 0.240174672<br />Count: 330<br />Percent: 24", "Category: Dimensionality Reduction<br />Prop: 0.239446870<br />Count: 329<br />Percent: 23.9", "Category: Integration<br />Prop: 0.147016012<br />Count: 202<br />Percent: 14.7", "Category: Gene Networks<br />Prop: 0.124454148<br />Count: 171<br />Percent: 12.4", "Category: Classification<br />Prop: 0.117176128<br />Count: 161<br />Percent: 11.7", "Category: Ordering<br />Prop: 0.114992722<br />Count: 158<br />Percent: 11.5", "Category: Quality Control<br />Prop: 0.101892285<br />Count: 140<br />Percent: 10.2", "Category: Differential Expression<br />Prop: 0.101164483<br />Count: 139<br />Percent: 10.1", "Category: Normalisation<br />Prop: 0.098981077<br />Count: 136<br />Percent: 9.9", "Category: Marker Genes<br />Prop: 0.084425036<br />Count: 116<br />Percent: 8.4", "Category: Interactive<br />Prop: 0.069868996<br />Count: 96<br />Percent: 7", "Category: Gene Sets<br />Prop: 0.069141194<br />Count: 95<br />Percent: 6.9", "Category: Imputation<br />Prop: 0.066229985<br />Count: 91<br />Percent: 6.6", "Category: Quantification<br />Prop: 0.063318777<br />Count: 87<br />Percent: 6.3", "Category: Simulation<br />Prop: 0.061135371<br />Count: 84<br />Percent: 6.1", "Category: Variable Genes<br />Prop: 0.059679767<br />Count: 82<br />Percent: 6", "Category: Gene Filtering<br />Prop: 0.043668122<br />Count: 60<br />Percent: 4.4", "Category: Variants<br />Prop: 0.042212518<br />Count: 58<br />Percent: 4.2", "Category: UMIs<br />Prop: 0.036390102<br />Count: 50<br />Percent: 3.6", "Category: Alignment<br />Prop: 0.035662300<br />Count: 49<br />Percent: 3.6", "Category: Expression Patterns<br />Prop: 0.032751092<br />Count: 45<br />Percent: 3.3", "Category: Alternative Splicing<br />Prop: 0.025473071<br />Count: 35<br />Percent: 2.5", "Category: Immune<br />Prop: 0.024745269<br />Count: 34<br />Percent: 2.5", "Category: Cell Cycle<br />Prop: 0.020378457<br />Count: 28<br />Percent: 2", "Category: Perturbations<br />Prop: 0.020378457<br />Count: 28<br />Percent: 2", "Category: Rare Cells<br />Prop: 0.013100437<br />Count: 18<br />Percent: 1.3", "Category: Assembly<br />Prop: 0.006550218<br />Count: 9<br />Percent: 0.7", "Category: Stem Cells<br />Prop: 0.005822416<br />Count: 8<br />Percent: 0.6", "Category: Transformation<br />Prop: 0.005822416<br />Count: 8<br />Percent: 0.6", "Category: Modality<br />Prop: 0.005094614<br />Count: 7<br />Percent: 0.5", "Category: Allele Specific<br />Prop: 0.004366812<br />Count: 6<br />Percent: 0.4", "Category: Haplotypes<br />Prop: 0.001455604<br />Count: 2<br />Percent: 0.1"],
      "type": "bar",
      "textposition": "none",
      "marker": {
        "autocolorscale": false,
        "color": "rgba(122,82,199,1)",
        "line": {
          "width": 1.88976377952756,
          "color": "transparent"
        }
      },
      "showlegend": false,
      "xaxis": "x",
      "yaxis": "y",
      "hoverinfo": "text",
      "frame": null
    }
  ],
  "layout": {
    "margin": {
      "t": 0,
      "r": 10,
      "b": 0,
      "l": 55
    },
    "font": {
      "color": "rgba(0,0,0,1)",
      "family": "",
      "size": 18.5969281859693
    },
    "xaxis": {
      "domain": [0, 1],
      "automargin": true,
      "type": "linear",
      "autorange": false,
      "range": [0.4, 33.6],
      "tickmode": "array",
      "ticktext": ["Visualisation", "Clustering", "Dimensionality Reduction", "Integration", "Gene Networks", "Classification", "Ordering", "Quality Control", "Differential Expression", "Normalisation", "Marker Genes", "Interactive", "Gene Sets", "Imputation", "Quantification", "Simulation", "Variable Genes", "Gene Filtering", "Variants", "UMIs", "Alignment", "Expression Patterns", "Alternative Splicing", "Immune", "Cell Cycle", "Perturbations", "Rare Cells", "Assembly", "Stem Cells", "Transformation", "Modality", "Allele Specific", "Haplotypes"],
      "tickvals": [1, 2, 3, 4, 5, 6, 7, 8, 9, 10, 11, 12, 13, 14, 15, 16, 17, 18, 19, 20, 21, 22, 23, 24, 25, 26, 27, 28, 29, 30, 31, 32, 33],
      "categoryorder": "array",
      "categoryarray": ["Visualisation", "Clustering", "Dimensionality Reduction", "Integration", "Gene Networks", "Classification", "Ordering", "Quality Control", "Differential Expression", "Normalisation", "Marker Genes", "Interactive", "Gene Sets", "Imputation", "Quantification", "Simulation", "Variable Genes", "Gene Filtering", "Variants", "UMIs", "Alignment", "Expression Patterns", "Alternative Splicing", "Immune", "Cell Cycle", "Perturbations", "Rare Cells", "Assembly", "Stem Cells", "Transformation", "Modality", "Allele Specific", "Haplotypes"],
      "nticks": null,
      "ticks": "outside",
      "tickcolor": "rgba(0,0,0,1)",
      "ticklen": 4.64923204649232,
      "tickwidth": 0.66417600664176,
      "showticklabels": true,
      "tickfont": {
        "color": "rgba(0,0,0,1)",
        "family": "",
        "size": 7
      },
      "tickangle": -60,
      "showline": true,
      "linecolor": "rgba(0,0,0,1)",
      "linewidth": 0.66417600664176,
      "showgrid": false,
      "gridcolor": null,
      "gridwidth": 0,
      "zeroline": false,
      "anchor": "y",
      "title": {
        "text": "",
        "font": {
          "color": null,
          "family": null,
          "size": 9
        }
      },
      "hoverformat": ".2f",
      "fixedrange": true
    },
    "yaxis": {
      "domain": [0, 1],
      "automargin": true,
      "type": "linear",
      "autorange": false,
      "range": [-0.0207059679767103, 0.434825327510917],
      "tickmode": "array",
      "ticktext": ["0%", "10%", "20%", "30%", "40%"],
      "tickvals": [0, 0.1, 0.2, 0.3, 0.4],
      "categoryorder": "array",
      "categoryarray": ["0%", "10%", "20%", "30%", "40%"],
      "nticks": null,
      "ticks": "outside",
      "tickcolor": "rgba(0,0,0,1)",
      "ticklen": 4.64923204649232,
      "tickwidth": 0.66417600664176,
      "showticklabels": true,
      "tickfont": {
        "color": "rgba(0,0,0,1)",
        "family": "",
        "size": 7
      },
      "tickangle": -0,
      "showline": true,
      "linecolor": "rgba(0,0,0,1)",
      "linewidth": 0.66417600664176,
      "showgrid": false,
      "gridcolor": null,
      "gridwidth": 0,
      "zeroline": false,
      "anchor": "x",