{
  "data": [
    {
      "orientation": "v",
      "width": [0.95, 0.95, 0.95, 0.95, 0.949999999999999, 0.949999999999999, 0.949999999999999, 0.949999999999999, 0.949999999999999, 0.949999999999999, 0.949999999999999, 0.949999999999999, 0.949999999999999, 0.949999999999999, 0.949999999999999, 0.950000000000001, 0.950000000000003, 0.950000000000003, 0.950000000000003, 0.950000000000003, 0.950000000000003, 0.950000000000003, 0.950000000000003, 0.950000000000003, 0.950000000000003, 0.950000000000003, 0.950000000000003, 0.950000000000003, 0.950000000000003, 0.950000000000003, 0.950000000000003, 0.950000000000003, 0.950000000000003],
      "base": [0, 0, 0, 0, 0, 0, 0, 0, 0, 0, 0, 0, 0, 0, 0, 0, 0, 0, 0, 0, 0, 0, 0, 0, 0, 0, 0, 0, 0, 0, 0, 0, 0],
      "x": [1, 2, 3, 4, 5, 6, 7, 8, 9, 10, 11, 12, 13, 14, 15, 16, 17, 18, 19, 20, 21, 22, 23, 24, 25, 26, 27, 28, 29, 30, 31, 32, 33],
      "y": [0.415882967607106, 0.253918495297806, 0.249738766980146, 0.136886102403344, 0.12748171368861, 0.117032392894462, 0.109717868338558, 0.108672936259143, 0.106583072100313, 0.105538140020899, 0.0888192267502612, 0.0846394984326019, 0.0731452455590387, 0.0689655172413793, 0.0668756530825496, 0.0626959247648903, 0.0595611285266458, 0.0532915360501567, 0.0407523510971787, 0.0407523510971787, 0.038662486938349, 0.038662486938349, 0.0240334378265413, 0.0240334378265413, 0.0198537095088819, 0.0146290491118077, 0.0114942528735632, 0.00835945663531871, 0.00626959247648903, 0.00626959247648903, 0.00522466039707419, 0.00417972831765935, 0.00208986415882968],
      "text": ["Category: Visualisation<br />Count: 398<br />Percent: 41.6", "Category: Clustering<br />Count: 243<br />Percent: 25.4", "Category: Dimensionality Reduction<br />Count: 239<br />Percent: 25", "Category: Integration<br />Count: 131<br />Percent: 13.7", "Category: Ordering<br />Count: 122<br />Percent: 12.7", "Category: Differential Expression<br />Count: 112<br />Percent: 11.7", "Category: Normalisation<br />Count: 105<br />Percent: 11", "Category: Gene Networks<br />Count: 104<br />Percent: 10.9", "Category: Classification<br />Count: 102<br />Percent: 10.7", "Category: Quality Control<br />Count: 101<br />Percent: 10.6", "Category: Interactive<br />Count: 85<br />Percent: 8.9", "Category: Marker Genes<br />Count: 81<br />Percent: 8.5", "Category: Imputation<br />Count: 70<br />Percent: 7.3", "Category: Simulation<br />Count: 66<br />Percent: 6.9", "Category: Gene Sets<br />Count: 64<br />Percent: 6.7", "Category: Variable Genes<br />Count: 60<br />Percent: 6.3", "Category: Quantification<br />Count: 57<br />Percent: 6", "Category: Gene Filtering<br />Count: 51<br />Percent: 5.3", "Category: UMIs<br />Count: 39<br />Percent: 4.1", "Category: Variants<br />Count: 39<br />Percent: 4.1", "Category: Alignment<br />Count: 37<br />Percent: 3.9", "Category: Expression Patterns<br />Count: 37<br />Percent: 3.9", "Category: Alternative Splicing<br />Count: 23<br />Percent: 2.4", "Category: Cell Cycle<br />Count: 23<br />Percent: 2.4", "Category: Immune<br />Count: 19<br />Percent: 2", "Category: Perturbations<br />Count: 14<br />Percent: 1.5", "Category: Rare Cells<br />Count: 11<br />Percent: 1.1", "Category: Assembly<br />Count: 8<br />Percent: 0.8", "Category: Allele Specific<br />Count: 6<br />Percent: 0.6", "Category: Stem Cells<br />Count: 6<br />Percent: 0.6", "Category: Modality<br />Count: 5<br />Percent: 0.5", "Category: Transformation<br />Count: 4<br />Percent: 0.4", "Category: Haplotypes<br />Count: 2<br />Percent: 0.2"],
      "type": "bar",
      "marker": {
        "autocolorscale": false,
        "color": "rgba(122,82,199,1)",
        "line": {
          "width": 1.88976377952756,
          "color": "transparent"
        }
      },
      "showlegend": false,
      "xaxis": "x",
      "yaxis": "y",
      "hoverinfo": "text",
      "frame": null
    }
  ],
  "layout": {
    "margin": {
      "t": 50,
      "r": 30,
      "b": 50,
      "l": 70
    },
    "font": {
      "color": "rgba(0,0,0,1)",
      "family": "",
      "size": 18.5969281859693
    },
    "xaxis": {
      "domain": [0, 1],
      "automargin": true,
      "type": "linear",
      "autorange": false,
      "range": [0.4, 33.6],
      "tickmode": "array",
      "ticktext": ["Visualisation", "Clustering", "Dimensionality Reduction", "Integration", "Ordering", "Differential Expression", "Normalisation", "Gene Networks", "Classification", "Quality Control", "Interactive", "Marker Genes", "Imputation", "Simulation", "Gene Sets", "Variable Genes", "Quantification", "Gene Filtering", "UMIs", "Variants", "Alignment", "Expression Patterns", "Alternative Splicing", "Cell Cycle", "Immune", "Perturbations", "Rare Cells", "Assembly", "Allele Specific", "Stem Cells", "Modality", "Transformation", "Haplotypes"],
      "tickvals": [1, 2, 3, 4, 5, 6, 7, 8, 9, 10, 11, 12, 13, 14, 15, 16, 17, 18, 19, 20, 21, 22, 23, 24, 25, 26, 27, 28, 29, 30, 31, 32, 33],
      "categoryorder": "array",
      "categoryarray": ["Visualisation", "Clustering", "Dimensionality Reduction", "Integration", "Ordering", "Differential Expression", "Normalisation", "Gene Networks", "Classification", "Quality Control", "Interactive", "Marker Genes", "Imputation", "Simulation", "Gene Sets", "Variable Genes", "Quantification", "Gene Filtering", "UMIs", "Variants", "Alignment", "Expression Patterns", "Alternative Splicing", "Cell Cycle", "Immune", "Perturbations", "Rare Cells", "Assembly", "Allele Specific", "Stem Cells", "Modality", "Transformation", "Haplotypes"],
      "nticks": null,
      "ticks": "outside",
      "tickcolor": "rgba(0,0,0,1)",
      "ticklen": 4.64923204649232,
      "tickwidth": 0.66417600664176,
      "showticklabels": true,
      "tickfont": {
        "color": "rgba(0,0,0,1)",
        "family": "",
        "size": 15.9402241594022
      },
      "tickangle": -60,
      "showline": true,
      "linecolor": "rgba(0,0,0,1)",
      "linewidth": 0.66417600664176,
      "showgrid": false,
      "gridcolor": null,
      "gridwidth": 0,
      "zeroline": false,
      "anchor": "y",
      "title": {
        "text": "",
        "font": {
          "color": null,
          "family": null,
          "size": 0
        }
      },
      "hoverformat": ".2f"
    },
    "yaxis": {
      "domain": [0, 1],
      "automargin": true,
      "type": "linear",
      "autorange": false,
      "range": [-0.0207941483803553, 0.436677115987461],
      "tickmode": "array",
      "ticktext": ["0.0%", "10.0%", "20.0%", "30.0%", "40.0%"],
      "tickvals": [0, 0.1, 0.2, 0.3, 0.4],
      "categoryorder": "array",
      "categoryarray": ["0.0%", "10.0%", "20.0%", "30.0%", "40.0%"],
      "nticks": null,
      "ticks": "outside",
      "tickcolor": "rgba(0,0,0,1)",
      "ticklen": 4.64923204649232,
      "tickwidth": 0.66417600664176,
      "showticklabels": true,
      "tickfont": {
        "color": "rgba(0,0,0,1)",
        "family": "",
        "size": 15.9402241594022
      },
      "tickangle": -0,
      "showline": true,
      "linecolor": "rgba(0,0,0,1)",
      "linewidth": 0.66417600664176,
      "showgrid": false,
      "gridcolor": null,
      "gridwidth": 0,
      "zeroline": false,
      "anchor": "x",
      "title": {
        "text": "Percentage of tools",
        "font": {
          "color": "rgba(0,0,0,1)",
          "family": "",
          "size": 18.5969281859693
        }
      },
      "hoverformat": ".2f"
    },
    "shapes": [
      {
        "type": "rect",
        "fillcolor": null,
        "line": {
          "color": null,
          "width": 0,
          "linetype": []
        },
        "yref": "paper",
        "xref": "paper",
        "x0": 0,
        "x1": 1,
        "y0": 0,
        "y1": 1
      }
    ],
    "showlegend": false,
    "legend": {
      "bgcolor": null,
      "bordercolor": null,
      "borderwidth": 0,
      "font": {
        "color": "rgba(0,0,0,1)",
        "family": "",
        "size": 15.9402241594022
      }
    },
    "hovermode": "closest",