{
  "data": [
    {
      "orientation": "v",
      "width": [0.95, 0.95, 0.95, 0.95, 0.949999999999999, 0.949999999999999, 0.949999999999999, 0.949999999999999, 0.949999999999999, 0.949999999999999, 0.949999999999999, 0.949999999999999, 0.949999999999999, 0.949999999999999, 0.949999999999999, 0.950000000000001, 0.950000000000003, 0.950000000000003, 0.950000000000003, 0.950000000000003, 0.950000000000003, 0.950000000000003, 0.950000000000003, 0.950000000000003, 0.950000000000003, 0.950000000000003, 0.950000000000003, 0.950000000000003, 0.950000000000003, 0.950000000000003, 0.950000000000003, 0.950000000000003, 0.950000000000003],
      "base": [0, 0, 0, 0, 0, 0, 0, 0, 0, 0, 0, 0, 0, 0, 0, 0, 0, 0, 0, 0, 0, 0, 0, 0, 0, 0, 0, 0, 0, 0, 0, 0, 0],
      "x": [1, 2, 3, 4, 5, 6, 7, 8, 9, 10, 11, 12, 13, 14, 15, 16, 17, 18, 19, 20, 21, 22, 23, 24, 25, 26, 27, 28, 29, 30, 31, 32, 33],
      "y": [0.409090909090909, 0.247855917667238, 0.245283018867925, 0.143224699828473, 0.11663807890223, 0.11663807890223, 0.115780445969125, 0.108919382504288, 0.102915951972556, 0.100343053173242, 0.0849056603773585, 0.0789022298456261, 0.0668953687821612, 0.0660377358490566, 0.0660377358490566, 0.0600343053173242, 0.0591766723842196, 0.0471698113207547, 0.0403087478559177, 0.0368782161234991, 0.0351629502572899, 0.0351629502572899, 0.0265866209262436, 0.0214408233276158, 0.0197255574614065, 0.016295025728988, 0.0128644939965695, 0.00686106346483705, 0.00600343053173242, 0.00600343053173242, 0.00600343053173242, 0.00514579759862779, 0.00171526586620926],
      "text": ["Category: Visualisation<br />Prop: 0.409090909<br />Count: 477<br />Percent: 40.9", "Category: Clustering<br />Prop: 0.247855918<br />Count: 289<br />Percent: 24.8", "Category: Dimensionality Reduction<br />Prop: 0.245283019<br />Count: 286<br />Percent: 24.5", "Category: Integration<br />Prop: 0.143224700<br />Count: 167<br />Percent: 14.3", "Category: Gene Networks<br />Prop: 0.116638079<br />Count: 136<br />Percent: 11.7", "Category: Ordering<br />Prop: 0.116638079<br />Count: 136<br />Percent: 11.7", "Category: Classification<br />Prop: 0.115780446<br />Count: 135<br />Percent: 11.6", "Category: Differential Expression<br />Prop: 0.108919383<br />Count: 127<br />Percent: 10.9", "Category: Normalisation<br />Prop: 0.102915952<br />Count: 120<br />Percent: 10.3", "Category: Quality Control<br />Prop: 0.100343053<br />Count: 117<br />Percent: 10", "Category: Marker Genes<br />Prop: 0.084905660<br />Count: 99<br />Percent: 8.5", "Category: Interactive<br />Prop: 0.078902230<br />Count: 92<br />Percent: 7.9", "Category: Imputation<br />Prop: 0.066895369<br />Count: 78<br />Percent: 6.7", "Category: Gene Sets<br />Prop: 0.066037736<br />Count: 77<br />Percent: 6.6", "Category: Simulation<br />Prop: 0.066037736<br />Count: 77<br />Percent: 6.6", "Category: Quantification<br />Prop: 0.060034305<br />Count: 70<br />Percent: 6", "Category: Variable Genes<br />Prop: 0.059176672<br />Count: 69<br />Percent: 5.9", "Category: Gene Filtering<br />Prop: 0.047169811<br />Count: 55<br />Percent: 4.7", "Category: Variants<br />Prop: 0.040308748<br />Count: 47<br />Percent: 4", "Category: Alignment<br />Prop: 0.036878216<br />Count: 43<br />Percent: 3.7", "Category: Expression Patterns<br />Prop: 0.035162950<br />Count: 41<br />Percent: 3.5", "Category: UMIs<br />Prop: 0.035162950<br />Count: 41<br />Percent: 3.5", "Category: Alternative Splicing<br />Prop: 0.026586621<br />Count: 31<br />Percent: 2.7", "Category: Cell Cycle<br />Prop: 0.021440823<br />Count: 25<br />Percent: 2.1", "Category: Immune<br />Prop: 0.019725557<br />Count: 23<br />Percent: 2", "Category: Perturbations<br />Prop: 0.016295026<br />Count: 19<br />Percent: 1.6", "Category: Rare Cells<br />Prop: 0.012864494<br />Count: 15<br />Percent: 1.3", "Category: Assembly<br />Prop: 0.006861063<br />Count: 8<br />Percent: 0.7", "Category: Modality<br />Prop: 0.006003431<br />Count: 7<br />Percent: 0.6", "Category: Stem Cells<br />Prop: 0.006003431<br />Count: 7<br />Percent: 0.6", "Category: Transformation<br />Prop: 0.006003431<br />Count: 7<br />Percent: 0.6", "Category: Allele Specific<br />Prop: 0.005145798<br />Count: 6<br />Percent: 0.5", "Category: Haplotypes<br />Prop: 0.001715266<br />Count: 2<br />Percent: 0.2"],
      "type": "bar",
      "marker": {
        "autocolorscale": false,
        "color": "rgba(122,82,199,1)",
        "line": {
          "width": 1.88976377952756,
          "color": "transparent"
        }
      },
      "showlegend": false,
      "xaxis": "x",
      "yaxis": "y",
      "hoverinfo": "text",
      "frame": null
    }
  ],
  "layout": {
    "margin": {
      "t": 0,
      "r": 10,
      "b": 0,
      "l": 55
    },
    "font": {
      "color": "rgba(0,0,0,1)",
      "family": "",
      "size": 18.5969281859693
    },
    "xaxis": {
      "domain": [0, 1],
      "automargin": true,
      "type": "linear",
      "autorange": false,
      "range": [0.4, 33.6],
      "tickmode": "array",
      "ticktext": ["Visualisation", "Clustering", "Dimensionality Reduction", "Integration", "Gene Networks", "Ordering", "Classification", "Differential Expression", "Normalisation", "Quality Control", "Marker Genes", "Interactive", "Imputation", "Gene Sets", "Simulation", "Quantification", "Variable Genes", "Gene Filtering", "Variants", "Alignment", "Expression Patterns", "UMIs", "Alternative Splicing", "Cell Cycle", "Immune", "Perturbations", "Rare Cells", "Assembly", "Modality", "Stem Cells", "Transformation", "Allele Specific", "Haplotypes"],
      "tickvals": [1, 2, 3, 4, 5, 6, 7, 8, 9, 10, 11, 12, 13, 14, 15, 16, 17, 18, 19, 20, 21, 22, 23, 24, 25, 26, 27, 28, 29, 30, 31, 32, 33],
      "categoryorder": "array",
      "categoryarray": ["Visualisation", "Clustering", "Dimensionality Reduction", "Integration", "Gene Networks", "Ordering", "Classification", "Differential Expression", "Normalisation", "Quality Control", "Marker Genes", "Interactive", "Imputation", "Gene Sets", "Simulation", "Quantification", "Variable Genes", "Gene Filtering", "Variants", "Alignment", "Expression Patterns", "UMIs", "Alternative Splicing", "Cell Cycle", "Immune", "Perturbations", "Rare Cells", "Assembly", "Modality", "Stem Cells", "Transformation", "Allele Specific", "Haplotypes"],
      "nticks": null,
      "ticks": "outside",
      "tickcolor": "rgba(0,0,0,1)",
      "ticklen": 4.64923204649232,
      "tickwidth": 0.66417600664176,
      "showticklabels": true,
      "tickfont": {
        "color": "rgba(0,0,0,1)",
        "family": "",
        "size": 7
      },
      "tickangle": -60,
      "showline": true,
      "linecolor": "rgba(0,0,0,1)",
      "linewidth": 0.66417600664176,
      "showgrid": false,
      "gridcolor": null,
      "gridwidth": 0,
      "zeroline": false,
      "anchor": "y",
      "title": {
        "text": "",
        "font": {
          "color": null,
          "family": null,
          "size": 9
        }
      },
      "hoverformat": ".2f",
      "fixedrange": true
    },
    "yaxis": {
      "domain": [0, 1],
      "automargin": true,
      "type": "linear",
      "autorange": false,
      "range": [-0.0204545454545455, 0.429545454545455],
      "tickmode": "array",
      "ticktext": ["0.0%", "10.0%", "20.0%", "30.0%", "40.0%"],
      "tickvals": [0, 0.1, 0.2, 0.3, 0.4],
      "categoryorder": "array",
      "categoryarray": ["0.0%", "10.0%", "20.0%", "30.0%", "40.0%"],
      "nticks": null,
      "ticks": "outside",
      "tickcolor": "rgba(0,0,0,1)",
      "ticklen": 4.64923204649232,
      "tickwidth": 0.66417600664176,
      "showticklabels": true,
      "tickfont": {
        "color": "rgba(0,0,0,1)",
        "family": "",
        "size": 7
      },
      "tickangle": -0,
      "showline": true,
      "linecolor": "rgba(0,0,0,1)",
      "linewidth": 0.66417600664176,
      "showgrid": false,
      "gridcolor": null,
      "gridwidth": 0,
      "zeroline": false,
      "anchor": "x",