{
  "data": [
    {
      "orientation": "v",
      "width": [0.95, 0.95, 0.95, 0.95, 0.949999999999999, 0.949999999999999, 0.949999999999999, 0.949999999999999, 0.949999999999999, 0.949999999999999, 0.949999999999999, 0.949999999999999, 0.949999999999999, 0.949999999999999, 0.949999999999999, 0.950000000000001, 0.950000000000003, 0.950000000000003, 0.950000000000003, 0.950000000000003, 0.950000000000003, 0.950000000000003, 0.950000000000003, 0.950000000000003, 0.950000000000003, 0.950000000000003, 0.950000000000003, 0.950000000000003, 0.950000000000003, 0.950000000000003, 0.950000000000003, 0.950000000000003, 0.950000000000003],
      "base": [0, 0, 0, 0, 0, 0, 0, 0, 0, 0, 0, 0, 0, 0, 0, 0, 0, 0, 0, 0, 0, 0, 0, 0, 0, 0, 0, 0, 0, 0, 0, 0, 0],
      "x": [1, 2, 3, 4, 5, 6, 7, 8, 9, 10, 11, 12, 13, 14, 15, 16, 17, 18, 19, 20, 21, 22, 23, 24, 25, 26, 27, 28, 29, 30, 31, 32, 33],
      "y": [0.411931818181818, 0.255681818181818, 0.25094696969697, 0.139204545454545, 0.122159090909091, 0.117424242424242, 0.110795454545455, 0.108901515151515, 0.105113636363636, 0.100378787878788, 0.084280303030303, 0.0833333333333333, 0.0700757575757576, 0.0691287878787879, 0.0691287878787879, 0.0587121212121212, 0.0577651515151515, 0.0501893939393939, 0.0397727272727273, 0.0388257575757576, 0.0369318181818182, 0.0359848484848485, 0.0246212121212121, 0.0236742424242424, 0.0189393939393939, 0.0151515151515152, 0.0132575757575758, 0.00757575757575758, 0.00662878787878788, 0.00568181818181818, 0.00568181818181818, 0.00473484848484848, 0.00189393939393939],
      "text": ["Category: Visualisation<br />Prop: 0.411931818<br />Count: 435<br />Percent: 41.2", "Category: Clustering<br />Prop: 0.255681818<br />Count: 270<br />Percent: 25.6", "Category: Dimensionality Reduction<br />Prop: 0.250946970<br />Count: 265<br />Percent: 25.1", "Category: Integration<br />Prop: 0.139204545<br />Count: 147<br />Percent: 13.9", "Category: Ordering<br />Prop: 0.122159091<br />Count: 129<br />Percent: 12.2", "Category: Gene Networks<br />Prop: 0.117424242<br />Count: 124<br />Percent: 11.7", "Category: Differential Expression<br />Prop: 0.110795455<br />Count: 117<br />Percent: 11.1", "Category: Classification<br />Prop: 0.108901515<br />Count: 115<br />Percent: 10.9", "Category: Normalisation<br />Prop: 0.105113636<br />Count: 111<br />Percent: 10.5", "Category: Quality Control<br />Prop: 0.100378788<br />Count: 106<br />Percent: 10", "Category: Marker Genes<br />Prop: 0.084280303<br />Count: 89<br />Percent: 8.4", "Category: Interactive<br />Prop: 0.083333333<br />Count: 88<br />Percent: 8.3", "Category: Imputation<br />Prop: 0.070075758<br />Count: 74<br />Percent: 7", "Category: Gene Sets<br />Prop: 0.069128788<br />Count: 73<br />Percent: 6.9", "Category: Simulation<br />Prop: 0.069128788<br />Count: 73<br />Percent: 6.9", "Category: Variable Genes<br />Prop: 0.058712121<br />Count: 62<br />Percent: 5.9", "Category: Quantification<br />Prop: 0.057765152<br />Count: 61<br />Percent: 5.8", "Category: Gene Filtering<br />Prop: 0.050189394<br />Count: 53<br />Percent: 5", "Category: Variants<br />Prop: 0.039772727<br />Count: 42<br />Percent: 4", "Category: UMIs<br />Prop: 0.038825758<br />Count: 41<br />Percent: 3.9", "Category: Expression Patterns<br />Prop: 0.036931818<br />Count: 39<br />Percent: 3.7", "Category: Alignment<br />Prop: 0.035984848<br />Count: 38<br />Percent: 3.6", "Category: Alternative Splicing<br />Prop: 0.024621212<br />Count: 26<br />Percent: 2.5", "Category: Cell Cycle<br />Prop: 0.023674242<br />Count: 25<br />Percent: 2.4", "Category: Immune<br />Prop: 0.018939394<br />Count: 20<br />Percent: 1.9", "Category: Perturbations<br />Prop: 0.015151515<br />Count: 16<br />Percent: 1.5", "Category: Rare Cells<br />Prop: 0.013257576<br />Count: 14<br />Percent: 1.3", "Category: Assembly<br />Prop: 0.007575758<br />Count: 8<br />Percent: 0.8", "Category: Modality<br />Prop: 0.006628788<br />Count: 7<br />Percent: 0.7", "Category: Allele Specific<br />Prop: 0.005681818<br />Count: 6<br />Percent: 0.6", "Category: Stem Cells<br />Prop: 0.005681818<br />Count: 6<br />Percent: 0.6", "Category: Transformation<br />Prop: 0.004734848<br />Count: 5<br />Percent: 0.5", "Category: Haplotypes<br />Prop: 0.001893939<br />Count: 2<br />Percent: 0.2"],
      "type": "bar",
      "marker": {
        "autocolorscale": false,
        "color": "rgba(122,82,199,1)",
        "line": {
          "width": 1.88976377952756,
          "color": "transparent"
        }
      },
      "showlegend": false,
      "xaxis": "x",
      "yaxis": "y",
      "hoverinfo": "text",
      "frame": null
    }
  ],
  "layout": {
    "margin": {
      "t": 0,
      "r": 10,
      "b": 0,
      "l": 55
    },
    "font": {
      "color": "rgba(0,0,0,1)",
      "family": "",
      "size": 18.5969281859693
    },
    "xaxis": {
      "domain": [0, 1],
      "automargin": true,
      "type": "linear",
      "autorange": false,
      "range": [0.4, 33.6],
      "tickmode": "array",
      "ticktext": ["Visualisation", "Clustering", "Dimensionality Reduction", "Integration", "Ordering", "Gene Networks", "Differential Expression", "Classification", "Normalisation", "Quality Control", "Marker Genes", "Interactive", "Imputation", "Gene Sets", "Simulation", "Variable Genes", "Quantification", "Gene Filtering", "Variants", "UMIs", "Expression Patterns", "Alignment", "Alternative Splicing", "Cell Cycle", "Immune", "Perturbations", "Rare Cells", "Assembly", "Modality", "Allele Specific", "Stem Cells", "Transformation", "Haplotypes"],
      "tickvals": [1, 2, 3, 4, 5, 6, 7, 8, 9, 10, 11, 12, 13, 14, 15, 16, 17, 18, 19, 20, 21, 22, 23, 24, 25, 26, 27, 28, 29, 30, 31, 32, 33],
      "categoryorder": "array",
      "categoryarray": ["Visualisation", "Clustering", "Dimensionality Reduction", "Integration", "Ordering", "Gene Networks", "Differential Expression", "Classification", "Normalisation", "Quality Control", "Marker Genes", "Interactive", "Imputation", "Gene Sets", "Simulation", "Variable Genes", "Quantification", "Gene Filtering", "Variants", "UMIs", "Expression Patterns", "Alignment", "Alternative Splicing", "Cell Cycle", "Immune", "Perturbations", "Rare Cells", "Assembly", "Modality", "Allele Specific", "Stem Cells", "Transformation", "Haplotypes"],
      "nticks": null,
      "ticks": "outside",
      "tickcolor": "rgba(0,0,0,1)",
      "ticklen": 4.64923204649232,
      "tickwidth": 0.66417600664176,
      "showticklabels": true,
      "tickfont": {
        "color": "rgba(0,0,0,1)",
        "family": "",
        "size": 7
      },
      "tickangle": -60,
      "showline": true,
      "linecolor": "rgba(0,0,0,1)",
      "linewidth": 0.66417600664176,
      "showgrid": false,
      "gridcolor": null,
      "gridwidth": 0,
      "zeroline": false,
      "anchor": "y",
      "title": {
        "text": "",
        "font": {
          "color": null,
          "family": null,
          "size": 9
        }
      },
      "hoverformat": ".2f",
      "fixedrange": true
    },
    "yaxis": {
      "domain": [0, 1],
      "automargin": true,
      "type": "linear",
      "autorange": false,
      "range": [-0.0205965909090909, 0.432528409090909],
      "tickmode": "array",
      "ticktext": ["0.0%", "10.0%", "20.0%", "30.0%", "40.0%"],
      "tickvals": [0, 0.1, 0.2, 0.3, 0.4],
      "categoryorder": "array",
      "categoryarray": ["0.0%", "10.0%", "20.0%", "30.0%", "40.0%"],
      "nticks": null,
      "ticks": "outside",
      "tickcolor": "rgba(0,0,0,1)",
      "ticklen": 4.64923204649232,
      "tickwidth": 0.66417600664176,
      "showticklabels": true,
      "tickfont": {
        "color": "rgba(0,0,0,1)",
        "family": "",
        "size": 7
      },
      "tickangle": -0,
      "showline": true,
      "linecolor": "rgba(0,0,0,1)",
      "linewidth": 0.66417600664176,
      "showgrid": false,
      "gridcolor": null,
      "gridwidth": 0,
      "zeroline": false,
      "anchor": "x",