{
  "data": [
    {
      "orientation": "v",
      "width": [0.95, 0.95, 0.95, 0.95, 0.949999999999999, 0.949999999999999, 0.949999999999999, 0.949999999999999, 0.949999999999999, 0.949999999999999, 0.949999999999999, 0.949999999999999, 0.949999999999999, 0.949999999999999, 0.949999999999999, 0.950000000000001, 0.950000000000003, 0.950000000000003, 0.950000000000003, 0.950000000000003, 0.950000000000003, 0.950000000000003, 0.950000000000003, 0.950000000000003, 0.950000000000003, 0.950000000000003, 0.950000000000003, 0.950000000000003, 0.950000000000003, 0.950000000000003, 0.950000000000003, 0.950000000000003],
      "base": [0, 0, 0, 0, 0, 0, 0, 0, 0, 0, 0, 0, 0, 0, 0, 0, 0, 0, 0, 0, 0, 0, 0, 0, 0, 0, 0, 0, 0, 0, 0, 0],
      "x": [1, 2, 3, 4, 5, 6, 7, 8, 9, 10, 11, 12, 13, 14, 15, 16, 17, 18, 19, 20, 21, 22, 23, 24, 25, 26, 27, 28, 29, 30, 31, 32],
      "y": [0.465028355387524, 0.268431001890359, 0.247637051039698, 0.155009451795841, 0.153119092627599, 0.128544423440454, 0.126654064272212, 0.12476370510397, 0.109640831758034, 0.102079395085066, 0.102079395085066, 0.0850661625708885, 0.0850661625708885, 0.0775047258979206, 0.0756143667296786, 0.0737240075614367, 0.0699432892249527, 0.0680529300567108, 0.0586011342155009, 0.054820415879017, 0.0415879017013233, 0.0321361058601134, 0.0283553875236295, 0.0207939508506616, 0.0189035916824197, 0.0132325141776938, 0.0113421550094518, 0.00945179584120983, 0.00945179584120983, 0.00756143667296786, 0.0056710775047259, 0.00378071833648393],
      "text": ["Category: Visualisation<br />Prop: 0.465028355<br />Count: 246<br />Percent: 46.5", "Category: Clustering<br />Prop: 0.268431002<br />Count: 142<br />Percent: 26.8", "Category: Dimensionality Reduction<br />Prop: 0.247637051<br />Count: 131<br />Percent: 24.8", "Category: Normalisation<br />Prop: 0.155009452<br />Count: 82<br />Percent: 15.5", "Category: Ordering<br />Prop: 0.153119093<br />Count: 81<br />Percent: 15.3", "Category: Quality Control<br />Prop: 0.128544423<br />Count: 68<br />Percent: 12.9", "Category: Interactive<br />Prop: 0.126654064<br />Count: 67<br />Percent: 12.7", "Category: Differential Expression<br />Prop: 0.124763705<br />Count: 66<br />Percent: 12.5", "Category: Gene Networks<br />Prop: 0.109640832<br />Count: 58<br />Percent: 11", "Category: Integration<br />Prop: 0.102079395<br />Count: 54<br />Percent: 10.2", "Category: Marker Genes<br />Prop: 0.102079395<br />Count: 54<br />Percent: 10.2", "Category: Classification<br />Prop: 0.085066163<br />Count: 45<br />Percent: 8.5", "Category: Simulation<br />Prop: 0.085066163<br />Count: 45<br />Percent: 8.5", "Category: Variable Genes<br />Prop: 0.077504726<br />Count: 41<br />Percent: 7.8", "Category: Gene Filtering<br />Prop: 0.075614367<br />Count: 40<br />Percent: 7.6", "Category: Imputation<br />Prop: 0.073724008<br />Count: 39<br />Percent: 7.4", "Category: Gene Sets<br />Prop: 0.069943289<br />Count: 37<br />Percent: 7", "Category: Quantification<br />Prop: 0.068052930<br />Count: 36<br />Percent: 6.8", "Category: UMIs<br />Prop: 0.058601134<br />Count: 31<br />Percent: 5.9", "Category: Expression Patterns<br />Prop: 0.054820416<br />Count: 29<br />Percent: 5.5", "Category: Alignment<br />Prop: 0.041587902<br />Count: 22<br />Percent: 4.2", "Category: Variants<br />Prop: 0.032136106<br />Count: 17<br />Percent: 3.2", "Category: Cell Cycle<br />Prop: 0.028355388<br />Count: 15<br />Percent: 2.8", "Category: Immune<br />Prop: 0.020793951<br />Count: 11<br />Percent: 2.1", "Category: Alternative Splicing<br />Prop: 0.018903592<br />Count: 10<br />Percent: 1.9", "Category: Rare Cells<br />Prop: 0.013232514<br />Count: 7<br />Percent: 1.3", "Category: Assembly<br />Prop: 0.011342155<br />Count: 6<br />Percent: 1.1", "Category: Allele Specific<br />Prop: 0.009451796<br />Count: 5<br />Percent: 0.9", "Category: Stem Cells<br />Prop: 0.009451796<br />Count: 5<br />Percent: 0.9", "Category: Transformation<br />Prop: 0.007561437<br />Count: 4<br />Percent: 0.8", "Category: Modality<br />Prop: 0.005671078<br />Count: 3<br />Percent: 0.6", "Category: Haplotypes<br />Prop: 0.003780718<br />Count: 2<br />Percent: 0.4"],
      "type": "bar",
      "marker": {
        "autocolorscale": false,
        "color": "rgba(122,82,199,1)",
        "line": {
          "width": 1.88976377952756,
          "color": "transparent"
        }
      },
      "showlegend": false,
      "xaxis": "x",
      "yaxis": "y",
      "hoverinfo": "text",
      "frame": null
    }
  ],
  "layout": {
    "margin": {
      "t": 0,
      "r": 10,
      "b": 0,
      "l": 55
    },
    "font": {
      "color": "rgba(0,0,0,1)",
      "family": "",
      "size": 18.5969281859693
    },
    "xaxis": {
      "domain": [0, 1],
      "automargin": true,
      "type": "linear",
      "autorange": false,
      "range": [0.4, 32.6],
      "tickmode": "array",
      "ticktext": ["Visualisation", "Clustering", "Dimensionality Reduction", "Normalisation", "Ordering", "Quality Control", "Interactive", "Differential Expression", "Gene Networks", "Integration", "Marker Genes", "Classification", "Simulation", "Variable Genes", "Gene Filtering", "Imputation", "Gene Sets", "Quantification", "UMIs", "Expression Patterns", "Alignment", "Variants", "Cell Cycle", "Immune", "Alternative Splicing", "Rare Cells", "Assembly", "Allele Specific", "Stem Cells", "Transformation", "Modality", "Haplotypes"],
      "tickvals": [1, 2, 3, 4, 5, 6, 7, 8, 9, 10, 11, 12, 13, 14, 15, 16, 17, 18, 19, 20, 21, 22, 23, 24, 25, 26, 27, 28, 29, 30, 31, 32],
      "categoryorder": "array",
      "categoryarray": ["Visualisation", "Clustering", "Dimensionality Reduction", "Normalisation", "Ordering", "Quality Control", "Interactive", "Differential Expression", "Gene Networks", "Integration", "Marker Genes", "Classification", "Simulation", "Variable Genes", "Gene Filtering", "Imputation", "Gene Sets", "Quantification", "UMIs", "Expression Patterns", "Alignment", "Variants", "Cell Cycle", "Immune", "Alternative Splicing", "Rare Cells", "Assembly", "Allele Specific", "Stem Cells", "Transformation", "Modality", "Haplotypes"],
      "nticks": null,
      "ticks": "outside",
      "tickcolor": "rgba(0,0,0,1)",
      "ticklen": 4.64923204649232,
      "tickwidth": 0.66417600664176,
      "showticklabels": true,
      "tickfont": {
        "color": "rgba(0,0,0,1)",
        "family": "",
        "size": 7
      },
      "tickangle": -60,
      "showline": true,
      "linecolor": "rgba(0,0,0,1)",
      "linewidth": 0.66417600664176,
      "showgrid": false,
      "gridcolor": null,
      "gridwidth": 0,
      "zeroline": false,
      "anchor": "y",
      "title": {
        "text": "",
        "font": {
          "color": null,
          "family": null,
          "size": 9
        }
      },
      "hoverformat": ".2f",
      "fixedrange": true
    },
    "yaxis": {
      "domain": [0, 1],
      "automargin": true,
      "type": "linear",
      "autorange": false,
      "range": [-0.0232514177693762, 0.4882797731569],
      "tickmode": "array",
      "ticktext": ["0.0%", "10.0%", "20.0%", "30.0%", "40.0%"],
      "tickvals": [0, 0.1, 0.2, 0.3, 0.4],
      "categoryorder": "array",
      "categoryarray": ["0.0%", "10.0%", "20.0%", "30.0%", "40.0%"],
      "nticks": null,
      "ticks": "outside",
      "tickcolor": "rgba(0,0,0,1)",
      "ticklen": 4.64923204649232,
      "tickwidth": 0.66417600664176,
      "showticklabels": true,
      "tickfont": {
        "color": "rgba(0,0,0,1)",
        "family": "",
        "size": 7
      },
      "tickangle": -0,
      "showline": true,
      "linecolor": "rgba(0,0,0,1)",
      "linewidth": 0.66417600664176,
      "showgrid": false,
      "gridcolor": null,
      "gridwidth": 0,
      "zeroline": false,
      "anchor": "x",
      "title": {
        "text": "Percentage of tools",
        "font": {
          "color": "rgba(0,0,0,1)",
          "family": "",
          "size": 9
        }
      },
      "hoverformat": ".2f",