{
  "data": [
    {
      "orientation": "v",
      "width": [0.95, 0.95, 0.95, 0.95, 0.949999999999999, 0.949999999999999, 0.949999999999999, 0.949999999999999, 0.949999999999999, 0.949999999999999, 0.949999999999999, 0.949999999999999, 0.949999999999999, 0.949999999999999, 0.949999999999999, 0.950000000000001, 0.950000000000003, 0.950000000000003, 0.950000000000003, 0.950000000000003, 0.950000000000003, 0.950000000000003, 0.950000000000003, 0.950000000000003, 0.950000000000003, 0.950000000000003, 0.950000000000003, 0.950000000000003, 0.950000000000003, 0.950000000000003, 0.950000000000003, 0.950000000000003, 0.950000000000003],
      "base": [0, 0, 0, 0, 0, 0, 0, 0, 0, 0, 0, 0, 0, 0, 0, 0, 0, 0, 0, 0, 0, 0, 0, 0, 0, 0, 0, 0, 0, 0, 0, 0, 0],
      "x": [1, 2, 3, 4, 5, 6, 7, 8, 9, 10, 11, 12, 13, 14, 15, 16, 17, 18, 19, 20, 21, 22, 23, 24, 25, 26, 27, 28, 29, 30, 31, 32, 33],
      "y": [0.413793103448276, 0.255747126436782, 0.25, 0.138888888888889, 0.123563218390805, 0.116858237547893, 0.111111111111111, 0.10823754789272, 0.10632183908046, 0.101532567049808, 0.0852490421455939, 0.0842911877394636, 0.0699233716475096, 0.0689655172413793, 0.068007662835249, 0.0593869731800766, 0.0584291187739464, 0.0507662835249042, 0.0402298850574713, 0.039272030651341, 0.0373563218390805, 0.0363984674329502, 0.024904214559387, 0.0239463601532567, 0.0191570881226054, 0.0153256704980843, 0.0134099616858238, 0.00766283524904215, 0.00574712643678161, 0.00574712643678161, 0.00574712643678161, 0.00478927203065134, 0.00191570881226054],
      "text": ["Category: Visualisation<br />Prop: 0.413793103<br />Count: 432<br />Percent: 41.4", "Category: Clustering<br />Prop: 0.255747126<br />Count: 267<br />Percent: 25.6", "Category: Dimensionality Reduction<br />Prop: 0.250000000<br />Count: 261<br />Percent: 25", "Category: Integration<br />Prop: 0.138888889<br />Count: 145<br />Percent: 13.9", "Category: Ordering<br />Prop: 0.123563218<br />Count: 129<br />Percent: 12.4", "Category: Gene Networks<br />Prop: 0.116858238<br />Count: 122<br />Percent: 11.7", "Category: Differential Expression<br />Prop: 0.111111111<br />Count: 116<br />Percent: 11.1", "Category: Classification<br />Prop: 0.108237548<br />Count: 113<br />Percent: 10.8", "Category: Normalisation<br />Prop: 0.106321839<br />Count: 111<br />Percent: 10.6", "Category: Quality Control<br />Prop: 0.101532567<br />Count: 106<br />Percent: 10.2", "Category: Marker Genes<br />Prop: 0.085249042<br />Count: 89<br />Percent: 8.5", "Category: Interactive<br />Prop: 0.084291188<br />Count: 88<br />Percent: 8.4", "Category: Imputation<br />Prop: 0.069923372<br />Count: 73<br />Percent: 7", "Category: Gene Sets<br />Prop: 0.068965517<br />Count: 72<br />Percent: 6.9", "Category: Simulation<br />Prop: 0.068007663<br />Count: 71<br />Percent: 6.8", "Category: Variable Genes<br />Prop: 0.059386973<br />Count: 62<br />Percent: 5.9", "Category: Quantification<br />Prop: 0.058429119<br />Count: 61<br />Percent: 5.8", "Category: Gene Filtering<br />Prop: 0.050766284<br />Count: 53<br />Percent: 5.1", "Category: Variants<br />Prop: 0.040229885<br />Count: 42<br />Percent: 4", "Category: UMIs<br />Prop: 0.039272031<br />Count: 41<br />Percent: 3.9", "Category: Expression Patterns<br />Prop: 0.037356322<br />Count: 39<br />Percent: 3.7", "Category: Alignment<br />Prop: 0.036398467<br />Count: 38<br />Percent: 3.6", "Category: Alternative Splicing<br />Prop: 0.024904215<br />Count: 26<br />Percent: 2.5", "Category: Cell Cycle<br />Prop: 0.023946360<br />Count: 25<br />Percent: 2.4", "Category: Immune<br />Prop: 0.019157088<br />Count: 20<br />Percent: 1.9", "Category: Perturbations<br />Prop: 0.015325670<br />Count: 16<br />Percent: 1.5", "Category: Rare Cells<br />Prop: 0.013409962<br />Count: 14<br />Percent: 1.3", "Category: Assembly<br />Prop: 0.007662835<br />Count: 8<br />Percent: 0.8", "Category: Allele Specific<br />Prop: 0.005747126<br />Count: 6<br />Percent: 0.6", "Category: Modality<br />Prop: 0.005747126<br />Count: 6<br />Percent: 0.6", "Category: Stem Cells<br />Prop: 0.005747126<br />Count: 6<br />Percent: 0.6", "Category: Transformation<br />Prop: 0.004789272<br />Count: 5<br />Percent: 0.5", "Category: Haplotypes<br />Prop: 0.001915709<br />Count: 2<br />Percent: 0.2"],
      "type": "bar",
      "marker": {
        "autocolorscale": false,
        "color": "rgba(122,82,199,1)",
        "line": {
          "width": 1.88976377952756,
          "color": "transparent"
        }
      },
      "showlegend": false,
      "xaxis": "x",
      "yaxis": "y",
      "hoverinfo": "text",
      "frame": null
    }
  ],
  "layout": {
    "margin": {
      "t": 0,
      "r": 10,
      "b": 0,
      "l": 55
    },
    "font": {
      "color": "rgba(0,0,0,1)",
      "family": "",
      "size": 18.5969281859693
    },
    "xaxis": {
      "domain": [0, 1],
      "automargin": true,
      "type": "linear",
      "autorange": false,
      "range": [0.4, 33.6],
      "tickmode": "array",
      "ticktext": ["Visualisation", "Clustering", "Dimensionality Reduction", "Integration", "Ordering", "Gene Networks", "Differential Expression", "Classification", "Normalisation", "Quality Control", "Marker Genes", "Interactive", "Imputation", "Gene Sets", "Simulation", "Variable Genes", "Quantification", "Gene Filtering", "Variants", "UMIs", "Expression Patterns", "Alignment", "Alternative Splicing", "Cell Cycle", "Immune", "Perturbations", "Rare Cells", "Assembly", "Allele Specific", "Modality", "Stem Cells", "Transformation", "Haplotypes"],
      "tickvals": [1, 2, 3, 4, 5, 6, 7, 8, 9, 10, 11, 12, 13, 14, 15, 16, 17, 18, 19, 20, 21, 22, 23, 24, 25, 26, 27, 28, 29, 30, 31, 32, 33],
      "categoryorder": "array",
      "categoryarray": ["Visualisation", "Clustering", "Dimensionality Reduction", "Integration", "Ordering", "Gene Networks", "Differential Expression", "Classification", "Normalisation", "Quality Control", "Marker Genes", "Interactive", "Imputation", "Gene Sets", "Simulation", "Variable Genes", "Quantification", "Gene Filtering", "Variants", "UMIs", "Expression Patterns", "Alignment", "Alternative Splicing", "Cell Cycle", "Immune", "Perturbations", "Rare Cells", "Assembly", "Allele Specific", "Modality", "Stem Cells", "Transformation", "Haplotypes"],
      "nticks": null,
      "ticks": "outside",
      "tickcolor": "rgba(0,0,0,1)",
      "ticklen": 4.64923204649232,
      "tickwidth": 0.66417600664176,
      "showticklabels": true,
      "tickfont": {
        "color": "rgba(0,0,0,1)",
        "family": "",
        "size": 7
      },
      "tickangle": -60,
      "showline": true,
      "linecolor": "rgba(0,0,0,1)",
      "linewidth": 0.66417600664176,
      "showgrid": false,
      "gridcolor": null,
      "gridwidth": 0,
      "zeroline": false,
      "anchor": "y",
      "title": {
        "text": "",
        "font": {
          "color": null,
          "family": null,
          "size": 9
        }
      },
      "hoverformat": ".2f",
      "fixedrange": true
    },
    "yaxis": {
      "domain": [0, 1],
      "automargin": true,
      "type": "linear",
      "autorange": false,
      "range": [-0.0206896551724138, 0.43448275862069],
      "tickmode": "array",
      "ticktext": ["0.0%", "10.0%", "20.0%", "30.0%", "40.0%"],
      "tickvals": [0, 0.1, 0.2, 0.3, 0.4],
      "categoryorder": "array",
      "categoryarray": ["0.0%", "10.0%", "20.0%", "30.0%", "40.0%"],
      "nticks": null,
      "ticks": "outside",
      "tickcolor": "rgba(0,0,0,1)",
      "ticklen": 4.64923204649232,
      "tickwidth": 0.66417600664176,
      "showticklabels": true,
      "tickfont": {
        "color": "rgba(0,0,0,1)",
        "family": "",
        "size": 7
      },
      "tickangle": -0,
      "showline": true,
      "linecolor": "rgba(0,0,0,1)",
      "linewidth": 0.66417600664176,
      "showgrid": false,
      "gridcolor": null,
      "gridwidth": 0,
      "zeroline": false,
      "anchor": "x",
      "title": {
        "text": "Percentage of tools",