{
  "data": [
    {
      "orientation": "v",
      "width": [0.95, 0.95, 0.95, 0.95, 0.949999999999999, 0.949999999999999, 0.949999999999999, 0.949999999999999, 0.949999999999999, 0.949999999999999, 0.949999999999999, 0.949999999999999, 0.949999999999999, 0.949999999999999, 0.949999999999999, 0.950000000000001, 0.950000000000003, 0.950000000000003, 0.950000000000003, 0.950000000000003, 0.950000000000003, 0.950000000000003, 0.950000000000003, 0.950000000000003, 0.950000000000003, 0.950000000000003, 0.950000000000003, 0.950000000000003, 0.950000000000003, 0.950000000000003, 0.950000000000003, 0.950000000000003, 0.950000000000003],
      "base": [0, 0, 0, 0, 0, 0, 0, 0, 0, 0, 0, 0, 0, 0, 0, 0, 0, 0, 0, 0, 0, 0, 0, 0, 0, 0, 0, 0, 0, 0, 0, 0, 0],
      "x": [1, 2, 3, 4, 5, 6, 7, 8, 9, 10, 11, 12, 13, 14, 15, 16, 17, 18, 19, 20, 21, 22, 23, 24, 25, 26, 27, 28, 29, 30, 31, 32, 33],
      "y": [0.407879490150637, 0.250869061413673, 0.221320973348783, 0.159907300115875, 0.130359212050985, 0.118771726535342, 0.111819235225956, 0.100231749710313, 0.0955967555040556, 0.0944380069524913, 0.0834298957126304, 0.0776361529548088, 0.0660486674391657, 0.0643105446118192, 0.0619930475086906, 0.0614136732329085, 0.0602549246813441, 0.0469293163383546, 0.0382387022016222, 0.0341830822711472, 0.033603707995365, 0.0295480880648899, 0.0278099652375435, 0.0254924681344148, 0.0243337195828505, 0.0208574739281576, 0.0110081112398609, 0.00695249130938586, 0.00579374275782155, 0.0052143684820394, 0.00463499420625724, 0.00405561993047509, 0.00115874855156431],
      "text": ["Category: Visualisation<br />Prop: 0.407879490<br />Count: 704<br />Percent: 40.8", "Category: Dimensionality Reduction<br />Prop: 0.250869061<br />Count: 433<br />Percent: 25.1", "Category: Clustering<br />Prop: 0.221320973<br />Count: 382<br />Percent: 22.1", "Category: Integration<br />Prop: 0.159907300<br />Count: 276<br />Percent: 16", "Category: Gene Networks<br />Prop: 0.130359212<br />Count: 225<br />Percent: 13", "Category: Classification<br />Prop: 0.118771727<br />Count: 205<br />Percent: 11.9", "Category: Ordering<br />Prop: 0.111819235<br />Count: 193<br />Percent: 11.2", "Category: Quality Control<br />Prop: 0.100231750<br />Count: 173<br />Percent: 10", "Category: Differential Expression<br />Prop: 0.095596756<br />Count: 165<br />Percent: 9.6", "Category: Normalisation<br />Prop: 0.094438007<br />Count: 163<br />Percent: 9.4", "Category: Marker Genes<br />Prop: 0.083429896<br />Count: 144<br />Percent: 8.3", "Category: Gene Sets<br />Prop: 0.077636153<br />Count: 134<br />Percent: 7.8", "Category: Interactive<br />Prop: 0.066048667<br />Count: 114<br />Percent: 6.6", "Category: Quantification<br />Prop: 0.064310545<br />Count: 111<br />Percent: 6.4", "Category: Imputation<br />Prop: 0.061993048<br />Count: 107<br />Percent: 6.2", "Category: Variable Genes<br />Prop: 0.061413673<br />Count: 106<br />Percent: 6.1", "Category: Simulation<br />Prop: 0.060254925<br />Count: 104<br />Percent: 6", "Category: Variants<br />Prop: 0.046929316<br />Count: 81<br />Percent: 4.7", "Category: Gene Filtering<br />Prop: 0.038238702<br />Count: 66<br />Percent: 3.8", "Category: UMIs<br />Prop: 0.034183082<br />Count: 59<br />Percent: 3.4", "Category: Alignment<br />Prop: 0.033603708<br />Count: 58<br />Percent: 3.4", "Category: Expression Patterns<br />Prop: 0.029548088<br />Count: 51<br />Percent: 3", "Category: Perturbations<br />Prop: 0.027809965<br />Count: 48<br />Percent: 2.8", "Category: Alternative Splicing<br />Prop: 0.025492468<br />Count: 44<br />Percent: 2.5", "Category: Immune<br />Prop: 0.024333720<br />Count: 42<br />Percent: 2.4", "Category: Cell Cycle<br />Prop: 0.020857474<br />Count: 36<br />Percent: 2.1", "Category: Rare Cells<br />Prop: 0.011008111<br />Count: 19<br />Percent: 1.1", "Category: Transformation<br />Prop: 0.006952491<br />Count: 12<br />Percent: 0.7", "Category: Assembly<br />Prop: 0.005793743<br />Count: 10<br />Percent: 0.6", "Category: Stem Cells<br />Prop: 0.005214368<br />Count: 9<br />Percent: 0.5", "Category: Modality<br />Prop: 0.004634994<br />Count: 8<br />Percent: 0.5", "Category: Allele Specific<br />Prop: 0.004055620<br />Count: 7<br />Percent: 0.4", "Category: Haplotypes<br />Prop: 0.001158749<br />Count: 2<br />Percent: 0.1"],
      "type": "bar",
      "textposition": "none",
      "marker": {
        "autocolorscale": false,
        "color": "rgba(122,82,199,1)",
        "line": {
          "width": 1.88976377952756,
          "color": "transparent"
        }
      },
      "showlegend": false,
      "xaxis": "x",
      "yaxis": "y",
      "hoverinfo": "text",
      "frame": null
    }
  ],
  "layout": {
    "margin": {
      "t": 0,
      "r": 10,
      "b": 0,
      "l": 55
    },
    "font": {
      "color": "rgba(0,0,0,1)",
      "family": "",
      "size": 18.5969281859693
    },
    "xaxis": {
      "domain": [0, 1],
      "automargin": true,
      "type": "linear",
      "autorange": false,
      "range": [0.4, 33.6],
      "tickmode": "array",
      "ticktext": ["Visualisation", "Dimensionality Reduction", "Clustering", "Integration", "Gene Networks", "Classification", "Ordering", "Quality Control", "Differential Expression", "Normalisation", "Marker Genes", "Gene Sets", "Interactive", "Quantification", "Imputation", "Variable Genes", "Simulation", "Variants", "Gene Filtering", "UMIs", "Alignment", "Expression Patterns", "Perturbations", "Alternative Splicing", "Immune", "Cell Cycle", "Rare Cells", "Transformation", "Assembly", "Stem Cells", "Modality", "Allele Specific", "Haplotypes"],
      "tickvals": [1, 2, 3, 4, 5, 6, 7, 8, 9, 10, 11, 12, 13, 14, 15, 16, 17, 18, 19, 20, 21, 22, 23, 24, 25, 26, 27, 28, 29, 30, 31, 32, 33],
      "categoryorder": "array",
      "categoryarray": ["Visualisation", "Dimensionality Reduction", "Clustering", "Integration", "Gene Networks", "Classification", "Ordering", "Quality Control", "Differential Expression", "Normalisation", "Marker Genes", "Gene Sets", "Interactive", "Quantification", "Imputation", "Variable Genes", "Simulation", "Variants", "Gene Filtering", "UMIs", "Alignment", "Expression Patterns", "Perturbations", "Alternative Splicing", "Immune", "Cell Cycle", "Rare Cells", "Transformation", "Assembly", "Stem Cells", "Modality", "Allele Specific", "Haplotypes"],
      "nticks": null,
      "ticks": "outside",
      "tickcolor": "rgba(0,0,0,1)",
      "ticklen": 4.64923204649232,
      "tickwidth": 0.66417600664176,
      "showticklabels": true,
      "tickfont": {
        "color": "rgba(0,0,0,1)",
        "family": "",
        "size": 7
      },
      "tickangle": -60,
      "showline": true,
      "linecolor": "rgba(0,0,0,1)",
      "linewidth": 0.66417600664176,
      "showgrid": false,
      "gridcolor": null,
      "gridwidth": 0,
      "zeroline": false,
      "anchor": "y",
      "title": {
        "text": "",
        "font": {
          "color": null,
          "family": null,
          "size": 9
        }
      },
      "hoverformat": ".2f",
      "fixedrange": true
    },
    "yaxis": {
      "domain": [0, 1],
      "automargin": true,
      "type": "linear",
      "autorange": false,
      "range": [-0.0203939745075319, 0.428273464658169],
      "tickmode": "array",
      "ticktext": ["0%", "10%", "20%", "30%", "40%"],
      "tickvals": [0, 0.1, 0.2, 0.3, 0.4],
      "categoryorder": "array",
      "categoryarray": ["0%", "10%", "20%", "30%", "40%"],
      "nticks": null,
      "ticks": "outside",
      "tickcolor": "rgba(0,0,0,1)",
      "ticklen": 4.64923204649232,
      "tickwidth": 0.66417600664176,
      "showticklabels": true,
      "tickfont": {
        "color": "rgba(0,0,0,1)",
        "family": "",
        "size": 7
      },
      "tickangle": -0,
      "showline": true,
      "linecolor": "rgba(0,0,0,1)",
      "linewidth": 0.66417600664176,
      "showgrid": false,
      "gridcolor": null,
      "gridwidth": 0,
      "zeroline": false,
      "anchor": "x",