{
  "data": [
    {
      "orientation": "v",
      "width": [0.95, 0.95, 0.95, 0.95, 0.949999999999999, 0.949999999999999, 0.949999999999999, 0.949999999999999, 0.949999999999999, 0.949999999999999, 0.949999999999999, 0.949999999999999, 0.949999999999999, 0.949999999999999, 0.949999999999999, 0.950000000000001, 0.950000000000003, 0.950000000000003, 0.950000000000003, 0.950000000000003, 0.950000000000003, 0.950000000000003, 0.950000000000003, 0.950000000000003, 0.950000000000003, 0.950000000000003, 0.950000000000003, 0.950000000000003, 0.950000000000003, 0.950000000000003, 0.950000000000003, 0.950000000000003],
      "base": [0, 0, 0, 0, 0, 0, 0, 0, 0, 0, 0, 0, 0, 0, 0, 0, 0, 0, 0, 0, 0, 0, 0, 0, 0, 0, 0, 0, 0, 0, 0, 0],
      "x": [1, 2, 3, 4, 5, 6, 7, 8, 9, 10, 11, 12, 13, 14, 15, 16, 17, 18, 19, 20, 21, 22, 23, 24, 25, 26, 27, 28, 29, 30, 31, 32],
      "y": [0.46078431372549, 0.274509803921569, 0.249019607843137, 0.16078431372549, 0.154901960784314, 0.127450980392157, 0.12156862745098, 0.119607843137255, 0.109803921568627, 0.105882352941176, 0.105882352941176, 0.0882352941176471, 0.0843137254901961, 0.0803921568627451, 0.0784313725490196, 0.0745098039215686, 0.0686274509803922, 0.0627450980392157, 0.0568627450980392, 0.0529411764705882, 0.0411764705882353, 0.0333333333333333, 0.0294117647058824, 0.0196078431372549, 0.0196078431372549, 0.0137254901960784, 0.0117647058823529, 0.00980392156862745, 0.00980392156862745, 0.00588235294117647, 0.00588235294117647, 0.00392156862745098],
      "text": ["Category: Visualisation<br />Prop: 0.460784314<br />Count: 235<br />Percent: 46.1", "Category: Clustering<br />Prop: 0.274509804<br />Count: 140<br />Percent: 27.5", "Category: Dimensionality Reduction<br />Prop: 0.249019608<br />Count: 127<br />Percent: 24.9", "Category: Normalisation<br />Prop: 0.160784314<br />Count: 82<br />Percent: 16.1", "Category: Ordering<br />Prop: 0.154901961<br />Count: 79<br />Percent: 15.5", "Category: Differential Expression<br />Prop: 0.127450980<br />Count: 65<br />Percent: 12.7", "Category: Quality Control<br />Prop: 0.121568627<br />Count: 62<br />Percent: 12.2", "Category: Interactive<br />Prop: 0.119607843<br />Count: 61<br />Percent: 12", "Category: Gene Networks<br />Prop: 0.109803922<br />Count: 56<br />Percent: 11", "Category: Integration<br />Prop: 0.105882353<br />Count: 54<br />Percent: 10.6", "Category: Marker Genes<br />Prop: 0.105882353<br />Count: 54<br />Percent: 10.6", "Category: Simulation<br />Prop: 0.088235294<br />Count: 45<br />Percent: 8.8", "Category: Classification<br />Prop: 0.084313725<br />Count: 43<br />Percent: 8.4", "Category: Variable Genes<br />Prop: 0.080392157<br />Count: 41<br />Percent: 8", "Category: Gene Filtering<br />Prop: 0.078431373<br />Count: 40<br />Percent: 7.8", "Category: Imputation<br />Prop: 0.074509804<br />Count: 38<br />Percent: 7.5", "Category: Quantification<br />Prop: 0.068627451<br />Count: 35<br />Percent: 6.9", "Category: Gene Sets<br />Prop: 0.062745098<br />Count: 32<br />Percent: 6.3", "Category: UMIs<br />Prop: 0.056862745<br />Count: 29<br />Percent: 5.7", "Category: Expression Patterns<br />Prop: 0.052941176<br />Count: 27<br />Percent: 5.3", "Category: Alignment<br />Prop: 0.041176471<br />Count: 21<br />Percent: 4.1", "Category: Variants<br />Prop: 0.033333333<br />Count: 17<br />Percent: 3.3", "Category: Cell Cycle<br />Prop: 0.029411765<br />Count: 15<br />Percent: 2.9", "Category: Alternative Splicing<br />Prop: 0.019607843<br />Count: 10<br />Percent: 2", "Category: Immune<br />Prop: 0.019607843<br />Count: 10<br />Percent: 2", "Category: Rare Cells<br />Prop: 0.013725490<br />Count: 7<br />Percent: 1.4", "Category: Assembly<br />Prop: 0.011764706<br />Count: 6<br />Percent: 1.2", "Category: Allele Specific<br />Prop: 0.009803922<br />Count: 5<br />Percent: 1", "Category: Stem Cells<br />Prop: 0.009803922<br />Count: 5<br />Percent: 1", "Category: Modality<br />Prop: 0.005882353<br />Count: 3<br />Percent: 0.6", "Category: Transformation<br />Prop: 0.005882353<br />Count: 3<br />Percent: 0.6", "Category: Haplotypes<br />Prop: 0.003921569<br />Count: 2<br />Percent: 0.4"],
      "type": "bar",
      "marker": {
        "autocolorscale": false,
        "color": "rgba(122,82,199,1)",
        "line": {
          "width": 1.88976377952756,
          "color": "transparent"
        }
      },
      "showlegend": false,
      "xaxis": "x",
      "yaxis": "y",
      "hoverinfo": "text",
      "frame": null
    }
  ],
  "layout": {
    "margin": {
      "t": 0,
      "r": 10,
      "b": 0,
      "l": 55
    },
    "font": {
      "color": "rgba(0,0,0,1)",
      "family": "",
      "size": 18.5969281859693
    },
    "xaxis": {
      "domain": [0, 1],
      "automargin": true,
      "type": "linear",
      "autorange": false,
      "range": [0.4, 32.6],
      "tickmode": "array",
      "ticktext": ["Visualisation", "Clustering", "Dimensionality Reduction", "Normalisation", "Ordering", "Differential Expression", "Quality Control", "Interactive", "Gene Networks", "Integration", "Marker Genes", "Simulation", "Classification", "Variable Genes", "Gene Filtering", "Imputation", "Quantification", "Gene Sets", "UMIs", "Expression Patterns", "Alignment", "Variants", "Cell Cycle", "Alternative Splicing", "Immune", "Rare Cells", "Assembly", "Allele Specific", "Stem Cells", "Modality", "Transformation", "Haplotypes"],
      "tickvals": [1, 2, 3, 4, 5, 6, 7, 8, 9, 10, 11, 12, 13, 14, 15, 16, 17, 18, 19, 20, 21, 22, 23, 24, 25, 26, 27, 28, 29, 30, 31, 32],
      "categoryorder": "array",
      "categoryarray": ["Visualisation", "Clustering", "Dimensionality Reduction", "Normalisation", "Ordering", "Differential Expression", "Quality Control", "Interactive", "Gene Networks", "Integration", "Marker Genes", "Simulation", "Classification", "Variable Genes", "Gene Filtering", "Imputation", "Quantification", "Gene Sets", "UMIs", "Expression Patterns", "Alignment", "Variants", "Cell Cycle", "Alternative Splicing", "Immune", "Rare Cells", "Assembly", "Allele Specific", "Stem Cells", "Modality", "Transformation", "Haplotypes"],
      "nticks": null,
      "ticks": "outside",
      "tickcolor": "rgba(0,0,0,1)",
      "ticklen": 4.64923204649232,
      "tickwidth": 0.66417600664176,
      "showticklabels": true,
      "tickfont": {
        "color": "rgba(0,0,0,1)",
        "family": "",
        "size": 7
      },
      "tickangle": -60,
      "showline": true,
      "linecolor": "rgba(0,0,0,1)",
      "linewidth": 0.66417600664176,
      "showgrid": false,
      "gridcolor": null,
      "gridwidth": 0,
      "zeroline": false,
      "anchor": "y",
      "title": {
        "text": "",
        "font": {
          "color": null,
          "family": null,
          "size": 9
        }
      },
      "hoverformat": ".2f",
      "fixedrange": true
    },
    "yaxis": {
      "domain": [0, 1],
      "automargin": true,
      "type": "linear",
      "autorange": false,
      "range": [-0.0230392156862745, 0.483823529411765],
      "tickmode": "array",
      "ticktext": ["0.0%", "10.0%", "20.0%", "30.0%", "40.0%"],
      "tickvals": [0, 0.1, 0.2, 0.3, 0.4],
      "categoryorder": "array",
      "categoryarray": ["0.0%", "10.0%", "20.0%", "30.0%", "40.0%"],
      "nticks": null,
      "ticks": "outside",
      "tickcolor": "rgba(0,0,0,1)",
      "ticklen": 4.64923204649232,
      "tickwidth": 0.66417600664176,
      "showticklabels": true,
      "tickfont": {
        "color": "rgba(0,0,0,1)",
        "family": "",
        "size": 7
      },
      "tickangle": -0,
      "showline": true,
      "linecolor": "rgba(0,0,0,1)",
      "linewidth": 0.66417600664176,
      "showgrid": false,
      "gridcolor": null,
      "gridwidth": 0,
      "zeroline": false,
      "anchor": "x",
      "title": {
        "text": "Percentage of tools",
        "font": {
          "color": "rgba(0,0,0,1)",
          "family": "",
          "size": 9
        }
      },
      "hoverformat": ".2f",