{
  "data": [
    {
      "orientation": "v",
      "width": [0.95, 0.95, 0.95, 0.95, 0.949999999999999, 0.949999999999999, 0.949999999999999, 0.949999999999999, 0.949999999999999, 0.949999999999999, 0.949999999999999, 0.949999999999999, 0.949999999999999, 0.949999999999999, 0.949999999999999, 0.950000000000001, 0.950000000000003, 0.950000000000003, 0.950000000000003, 0.950000000000003, 0.950000000000003, 0.950000000000003, 0.950000000000003, 0.950000000000003, 0.950000000000003, 0.950000000000003, 0.950000000000003, 0.950000000000003, 0.950000000000003, 0.950000000000003, 0.950000000000003, 0.950000000000003, 0.950000000000003],
      "base": [0, 0, 0, 0, 0, 0, 0, 0, 0, 0, 0, 0, 0, 0, 0, 0, 0, 0, 0, 0, 0, 0, 0, 0, 0, 0, 0, 0, 0, 0, 0, 0, 0],
      "x": [1, 2, 3, 4, 5, 6, 7, 8, 9, 10, 11, 12, 13, 14, 15, 16, 17, 18, 19, 20, 21, 22, 23, 24, 25, 26, 27, 28, 29, 30, 31, 32, 33],
      "y": [0.409850483729112, 0.248900615655233, 0.245382585751979, 0.142480211081794, 0.116974494283201, 0.116094986807388, 0.115215479331574, 0.11169744942832, 0.104661389621812, 0.0993843447669305, 0.0844327176781003, 0.0809146877748461, 0.0668425681618294, 0.0668425681618294, 0.0668425681618294, 0.059806508355321, 0.0589270008795075, 0.0483729111697449, 0.040457343887423, 0.0369393139841689, 0.0360598065083553, 0.0360598065083553, 0.0263852242744063, 0.0219876868953386, 0.019349164467898, 0.0158311345646438, 0.0131926121372032, 0.00703605980650836, 0.00615655233069481, 0.00615655233069481, 0.00615655233069481, 0.00527704485488127, 0.00175901495162709],
      "text": ["Category: Visualisation<br />Count: 466<br />Percent: 41", "Category: Clustering<br />Count: 283<br />Percent: 24.9", "Category: Dimensionality Reduction<br />Count: 279<br />Percent: 24.5", "Category: Integration<br />Count: 162<br />Percent: 14.2", "Category: Ordering<br />Count: 133<br />Percent: 11.7", "Category: Gene Networks<br />Count: 132<br />Percent: 11.6", "Category: Classification<br />Count: 131<br />Percent: 11.5", "Category: Differential Expression<br />Count: 127<br />Percent: 11.2", "Category: Normalisation<br />Count: 119<br />Percent: 10.5", "Category: Quality Control<br />Count: 113<br />Percent: 9.9", "Category: Marker Genes<br />Count: 96<br />Percent: 8.4", "Category: Interactive<br />Count: 92<br />Percent: 8.1", "Category: Gene Sets<br />Count: 76<br />Percent: 6.7", "Category: Imputation<br />Count: 76<br />Percent: 6.7", "Category: Simulation<br />Count: 76<br />Percent: 6.7", "Category: Quantification<br />Count: 68<br />Percent: 6", "Category: Variable Genes<br />Count: 67<br />Percent: 5.9", "Category: Gene Filtering<br />Count: 55<br />Percent: 4.8", "Category: Variants<br />Count: 46<br />Percent: 4", "Category: Alignment<br />Count: 42<br />Percent: 3.7", "Category: Expression Patterns<br />Count: 41<br />Percent: 3.6", "Category: UMIs<br />Count: 41<br />Percent: 3.6", "Category: Alternative Splicing<br />Count: 30<br />Percent: 2.6", "Category: Cell Cycle<br />Count: 25<br />Percent: 2.2", "Category: Immune<br />Count: 22<br />Percent: 1.9", "Category: Perturbations<br />Count: 18<br />Percent: 1.6", "Category: Rare Cells<br />Count: 15<br />Percent: 1.3", "Category: Assembly<br />Count: 8<br />Percent: 0.7", "Category: Modality<br />Count: 7<br />Percent: 0.6", "Category: Stem Cells<br />Count: 7<br />Percent: 0.6", "Category: Transformation<br />Count: 7<br />Percent: 0.6", "Category: Allele Specific<br />Count: 6<br />Percent: 0.5", "Category: Haplotypes<br />Count: 2<br />Percent: 0.2"],
      "type": "bar",
      "marker": {
        "autocolorscale": false,
        "color": "rgba(122,82,199,1)",
        "line": {
          "width": 1.88976377952756,
          "color": "transparent"
        }
      },
      "showlegend": false,
      "xaxis": "x",
      "yaxis": "y",
      "hoverinfo": "text",
      "frame": null
    }
  ],
  "layout": {
    "margin": {
      "t": 50,
      "r": 30,
      "b": 50,
      "l": 70
    },
    "font": {
      "color": "rgba(0,0,0,1)",
      "family": "",
      "size": 18.5969281859693
    },
    "xaxis": {
      "domain": [0, 1],
      "automargin": true,
      "type": "linear",
      "autorange": false,
      "range": [0.4, 33.6],
      "tickmode": "array",
      "ticktext": ["Visualisation", "Clustering", "Dimensionality Reduction", "Integration", "Ordering", "Gene Networks", "Classification", "Differential Expression", "Normalisation", "Quality Control", "Marker Genes", "Interactive", "Gene Sets", "Imputation", "Simulation", "Quantification", "Variable Genes", "Gene Filtering", "Variants", "Alignment", "Expression Patterns", "UMIs", "Alternative Splicing", "Cell Cycle", "Immune", "Perturbations", "Rare Cells", "Assembly", "Modality", "Stem Cells", "Transformation", "Allele Specific", "Haplotypes"],
      "tickvals": [1, 2, 3, 4, 5, 6, 7, 8, 9, 10, 11, 12, 13, 14, 15, 16, 17, 18, 19, 20, 21, 22, 23, 24, 25, 26, 27, 28, 29, 30, 31, 32, 33],
      "categoryorder": "array",
      "categoryarray": ["Visualisation", "Clustering", "Dimensionality Reduction", "Integration", "Ordering", "Gene Networks", "Classification", "Differential Expression", "Normalisation", "Quality Control", "Marker Genes", "Interactive", "Gene Sets", "Imputation", "Simulation", "Quantification", "Variable Genes", "Gene Filtering", "Variants", "Alignment", "Expression Patterns", "UMIs", "Alternative Splicing", "Cell Cycle", "Immune", "Perturbations", "Rare Cells", "Assembly", "Modality", "Stem Cells", "Transformation", "Allele Specific", "Haplotypes"],
      "nticks": null,
      "ticks": "outside",
      "tickcolor": "rgba(0,0,0,1)",
      "ticklen": 4.64923204649232,
      "tickwidth": 0.66417600664176,
      "showticklabels": true,
      "tickfont": {
        "color": "rgba(0,0,0,1)",
        "family": "",
        "size": 15.9402241594022
      },
      "tickangle": -60,
      "showline": true,
      "linecolor": "rgba(0,0,0,1)",
      "linewidth": 0.66417600664176,
      "showgrid": false,
      "gridcolor": null,
      "gridwidth": 0,
      "zeroline": false,
      "anchor": "y",
      "title": {
        "text": "",
        "font": {
          "color": null,
          "family": null,
          "size": 0
        }
      },
      "hoverformat": ".2f"
    },
    "yaxis": {
      "domain": [0, 1],
      "automargin": true,
      "type": "linear",
      "autorange": false,
      "range": [-0.0204925241864556, 0.430343007915567],
      "tickmode": "array",
      "ticktext": ["0.0%", "10.0%", "20.0%", "30.0%", "40.0%"],
      "tickvals": [0, 0.1, 0.2, 0.3, 0.4],
      "categoryorder": "array",
      "categoryarray": ["0.0%", "10.0%", "20.0%", "30.0%", "40.0%"],
      "nticks": null,
      "ticks": "outside",
      "tickcolor": "rgba(0,0,0,1)",
      "ticklen": 4.64923204649232,
      "tickwidth": 0.66417600664176,
      "showticklabels": true,
      "tickfont": {
        "color": "rgba(0,0,0,1)",
        "family": "",
        "size": 15.9402241594022
      },
      "tickangle": -0,
      "showline": true,
      "linecolor": "rgba(0,0,0,1)",
      "linewidth": 0.66417600664176,
      "showgrid": false,
      "gridcolor": null,
      "gridwidth": 0,
      "zeroline": false,
      "anchor": "x",
      "title": {
        "text": "Percentage of tools",
        "font": {
          "color": "rgba(0,0,0,1)",
          "family": "",
          "size": 18.5969281859693
        }
      },
      "hoverformat": ".2f"
    },
    "shapes": [
      {
        "type": "rect",
        "fillcolor": null,
        "line": {
          "color": null,
          "width": 0,
          "linetype": []
        },
        "yref": "paper",
        "xref": "paper",
        "x0": 0,
        "x1": 1,
        "y0": 0,
        "y1": 1
      }
    ],
    "showlegend": false,
    "legend": {
      "bgcolor": null,
      "bordercolor": null,
      "borderwidth": 0,
      "font": {
        "color": "rgba(0,0,0,1)",
        "family": "",
        "size": 15.9402241594022
      }
    },
    "hovermode": "closest",