{
  "data": [
    {
      "orientation": "v",
      "width": [0.95, 0.95, 0.95, 0.95, 0.949999999999999, 0.949999999999999, 0.949999999999999, 0.949999999999999, 0.949999999999999, 0.949999999999999, 0.949999999999999, 0.949999999999999, 0.949999999999999, 0.949999999999999, 0.949999999999999, 0.950000000000001, 0.950000000000003, 0.950000000000003, 0.950000000000003, 0.950000000000003, 0.950000000000003, 0.950000000000003, 0.950000000000003, 0.950000000000003, 0.950000000000003, 0.950000000000003, 0.950000000000003, 0.950000000000003, 0.950000000000003, 0.950000000000003, 0.950000000000003, 0.950000000000003, 0.950000000000003],
      "base": [0, 0, 0, 0, 0, 0, 0, 0, 0, 0, 0, 0, 0, 0, 0, 0, 0, 0, 0, 0, 0, 0, 0, 0, 0, 0, 0, 0, 0, 0, 0, 0, 0],
      "x": [1, 2, 3, 4, 5, 6, 7, 8, 9, 10, 11, 12, 13, 14, 15, 16, 17, 18, 19, 20, 21, 22, 23, 24, 25, 26, 27, 28, 29, 30, 31, 32, 33],
      "y": [0.412653446647781, 0.25590179414542, 0.250236071765817, 0.138810198300283, 0.121813031161473, 0.118035882908404, 0.110481586402266, 0.109537299338999, 0.104815864022663, 0.100094428706327, 0.084985835694051, 0.0840415486307838, 0.0698772426817753, 0.068932955618508, 0.068932955618508, 0.0585457979225685, 0.0576015108593012, 0.0500472143531634, 0.0396600566572238, 0.0387157695939566, 0.0368271954674221, 0.0358829084041549, 0.0245514636449481, 0.0236071765816808, 0.0188857412653447, 0.0151085930122757, 0.0132200188857413, 0.00755429650613787, 0.00661000944287063, 0.0056657223796034, 0.0056657223796034, 0.00472143531633617, 0.00188857412653447],
      "text": ["Category: Visualisation<br />Count: 437<br />Percent: 41.3", "Category: Clustering<br />Count: 271<br />Percent: 25.6", "Category: Dimensionality Reduction<br />Count: 265<br />Percent: 25", "Category: Integration<br />Count: 147<br />Percent: 13.9", "Category: Ordering<br />Count: 129<br />Percent: 12.2", "Category: Gene Networks<br />Count: 125<br />Percent: 11.8", "Category: Differential Expression<br />Count: 117<br />Percent: 11", "Category: Classification<br />Count: 116<br />Percent: 11", "Category: Normalisation<br />Count: 111<br />Percent: 10.5", "Category: Quality Control<br />Count: 106<br />Percent: 10", "Category: Marker Genes<br />Count: 90<br />Percent: 8.5", "Category: Interactive<br />Count: 89<br />Percent: 8.4", "Category: Imputation<br />Count: 74<br />Percent: 7", "Category: Gene Sets<br />Count: 73<br />Percent: 6.9", "Category: Simulation<br />Count: 73<br />Percent: 6.9", "Category: Variable Genes<br />Count: 62<br />Percent: 5.9", "Category: Quantification<br />Count: 61<br />Percent: 5.8", "Category: Gene Filtering<br />Count: 53<br />Percent: 5", "Category: Variants<br />Count: 42<br />Percent: 4", "Category: UMIs<br />Count: 41<br />Percent: 3.9", "Category: Expression Patterns<br />Count: 39<br />Percent: 3.7", "Category: Alignment<br />Count: 38<br />Percent: 3.6", "Category: Alternative Splicing<br />Count: 26<br />Percent: 2.5", "Category: Cell Cycle<br />Count: 25<br />Percent: 2.4", "Category: Immune<br />Count: 20<br />Percent: 1.9", "Category: Perturbations<br />Count: 16<br />Percent: 1.5", "Category: Rare Cells<br />Count: 14<br />Percent: 1.3", "Category: Assembly<br />Count: 8<br />Percent: 0.8", "Category: Modality<br />Count: 7<br />Percent: 0.7", "Category: Allele Specific<br />Count: 6<br />Percent: 0.6", "Category: Stem Cells<br />Count: 6<br />Percent: 0.6", "Category: Transformation<br />Count: 5<br />Percent: 0.5", "Category: Haplotypes<br />Count: 2<br />Percent: 0.2"],
      "type": "bar",
      "marker": {
        "autocolorscale": false,
        "color": "rgba(122,82,199,1)",
        "line": {
          "width": 1.88976377952756,
          "color": "transparent"
        }
      },
      "showlegend": false,
      "xaxis": "x",
      "yaxis": "y",
      "hoverinfo": "text",
      "frame": null
    }
  ],
  "layout": {
    "margin": {
      "t": 50,
      "r": 30,
      "b": 50,
      "l": 70
    },
    "font": {
      "color": "rgba(0,0,0,1)",
      "family": "",
      "size": 18.5969281859693
    },
    "xaxis": {
      "domain": [0, 1],
      "automargin": true,
      "type": "linear",
      "autorange": false,
      "range": [0.4, 33.6],
      "tickmode": "array",
      "ticktext": ["Visualisation", "Clustering", "Dimensionality Reduction", "Integration", "Ordering", "Gene Networks", "Differential Expression", "Classification", "Normalisation", "Quality Control", "Marker Genes", "Interactive", "Imputation", "Gene Sets", "Simulation", "Variable Genes", "Quantification", "Gene Filtering", "Variants", "UMIs", "Expression Patterns", "Alignment", "Alternative Splicing", "Cell Cycle", "Immune", "Perturbations", "Rare Cells", "Assembly", "Modality", "Allele Specific", "Stem Cells", "Transformation", "Haplotypes"],
      "tickvals": [1, 2, 3, 4, 5, 6, 7, 8, 9, 10, 11, 12, 13, 14, 15, 16, 17, 18, 19, 20, 21, 22, 23, 24, 25, 26, 27, 28, 29, 30, 31, 32, 33],
      "categoryorder": "array",
      "categoryarray": ["Visualisation", "Clustering", "Dimensionality Reduction", "Integration", "Ordering", "Gene Networks", "Differential Expression", "Classification", "Normalisation", "Quality Control", "Marker Genes", "Interactive", "Imputation", "Gene Sets", "Simulation", "Variable Genes", "Quantification", "Gene Filtering", "Variants", "UMIs", "Expression Patterns", "Alignment", "Alternative Splicing", "Cell Cycle", "Immune", "Perturbations", "Rare Cells", "Assembly", "Modality", "Allele Specific", "Stem Cells", "Transformation", "Haplotypes"],
      "nticks": null,
      "ticks": "outside",
      "tickcolor": "rgba(0,0,0,1)",
      "ticklen": 4.64923204649232,
      "tickwidth": 0.66417600664176,
      "showticklabels": true,
      "tickfont": {
        "color": "rgba(0,0,0,1)",
        "family": "",
        "size": 15.9402241594022
      },
      "tickangle": -60,
      "showline": true,
      "linecolor": "rgba(0,0,0,1)",
      "linewidth": 0.66417600664176,
      "showgrid": false,
      "gridcolor": null,
      "gridwidth": 0,
      "zeroline": false,
      "anchor": "y",
      "title": {
        "text": "",
        "font": {
          "color": null,
          "family": null,
          "size": 0
        }
      },
      "hoverformat": ".2f"
    },
    "yaxis": {
      "domain": [0, 1],
      "automargin": true,
      "type": "linear",
      "autorange": false,
      "range": [-0.020632672332389, 0.43328611898017],
      "tickmode": "array",
      "ticktext": ["0.0%", "10.0%", "20.0%", "30.0%", "40.0%"],
      "tickvals": [0, 0.1, 0.2, 0.3, 0.4],
      "categoryorder": "array",
      "categoryarray": ["0.0%", "10.0%", "20.0%", "30.0%", "40.0%"],
      "nticks": null,
      "ticks": "outside",
      "tickcolor": "rgba(0,0,0,1)",
      "ticklen": 4.64923204649232,
      "tickwidth": 0.66417600664176,
      "showticklabels": true,
      "tickfont": {
        "color": "rgba(0,0,0,1)",
        "family": "",
        "size": 15.9402241594022
      },
      "tickangle": -0,
      "showline": true,
      "linecolor": "rgba(0,0,0,1)",
      "linewidth": 0.66417600664176,
      "showgrid": false,
      "gridcolor": null,
      "gridwidth": 0,
      "zeroline": false,
      "anchor": "x",
      "title": {
        "text": "Percentage of tools",
        "font": {
          "color": "rgba(0,0,0,1)",
          "family": "",
          "size": 18.5969281859693
        }
      },
      "hoverformat": ".2f"
    },
    "shapes": [
      {
        "type": "rect",
        "fillcolor": null,
        "line": {
          "color": null,
          "width": 0,
          "linetype": []
        },
        "yref": "paper",
        "xref": "paper",
        "x0": 0,
        "x1": 1,
        "y0": 0,
        "y1": 1
      }
    ],
    "showlegend": false,
    "legend": {
      "bgcolor": null,
      "bordercolor": null,
      "borderwidth": 0,
      "font": {
        "color": "rgba(0,0,0,1)",
        "family": "",
        "size": 15.9402241594022
      }
    },
    "hovermode": "closest",