{
  "data": [
    {
      "orientation": "v",
      "width": [0.95, 0.95, 0.95, 0.95, 0.949999999999999, 0.949999999999999, 0.949999999999999, 0.949999999999999, 0.949999999999999, 0.949999999999999, 0.949999999999999, 0.949999999999999, 0.949999999999999, 0.949999999999999, 0.949999999999999, 0.950000000000001, 0.950000000000003, 0.950000000000003, 0.950000000000003, 0.950000000000003, 0.950000000000003, 0.950000000000003, 0.950000000000003, 0.950000000000003, 0.950000000000003, 0.950000000000003, 0.950000000000003, 0.950000000000003, 0.950000000000003, 0.950000000000003, 0.950000000000003, 0.950000000000003, 0.950000000000003],
      "base": [0, 0, 0, 0, 0, 0, 0, 0, 0, 0, 0, 0, 0, 0, 0, 0, 0, 0, 0, 0, 0, 0, 0, 0, 0, 0, 0, 0, 0, 0, 0, 0, 0],
      "x": [1, 2, 3, 4, 5, 6, 7, 8, 9, 10, 11, 12, 13, 14, 15, 16, 17, 18, 19, 20, 21, 22, 23, 24, 25, 26, 27, 28, 29, 30, 31, 32, 33],
      "y": [0.412196914033799, 0.239529757531227, 0.238795003673769, 0.14695077149155, 0.123438648052902, 0.11756061719324, 0.116091109478325, 0.10139603232917, 0.100661278471712, 0.0984570168993387, 0.0844966936076414, 0.0705363703159442, 0.0698016164584864, 0.0668626010286554, 0.0631888317413666, 0.0609845701689934, 0.0595150624540779, 0.0440852314474651, 0.0426157237325496, 0.0360029390154298, 0.0352681851579721, 0.0315944158706833, 0.0257163850110213, 0.0235121234386481, 0.020573108008817, 0.020573108008817, 0.0132255694342395, 0.00661278471711976, 0.00587803085966201, 0.00587803085966201, 0.00514327700220426, 0.00440852314474651, 0.0014695077149155],
      "text": ["Category: Visualisation<br />Count: 561<br />Percent: 41.2", "Category: Clustering<br />Count: 326<br />Percent: 24", "Category: Dimensionality Reduction<br />Count: 325<br />Percent: 23.9", "Category: Integration<br />Count: 200<br />Percent: 14.7", "Category: Gene Networks<br />Count: 168<br />Percent: 12.3", "Category: Classification<br />Count: 160<br />Percent: 11.8", "Category: Ordering<br />Count: 158<br />Percent: 11.6", "Category: Quality Control<br />Count: 138<br />Percent: 10.1", "Category: Differential Expression<br />Count: 137<br />Percent: 10.1", "Category: Normalisation<br />Count: 134<br />Percent: 9.8", "Category: Marker Genes<br />Count: 115<br />Percent: 8.4", "Category: Interactive<br />Count: 96<br />Percent: 7.1", "Category: Gene Sets<br />Count: 95<br />Percent: 7", "Category: Imputation<br />Count: 91<br />Percent: 6.7", "Category: Quantification<br />Count: 86<br />Percent: 6.3", "Category: Simulation<br />Count: 83<br />Percent: 6.1", "Category: Variable Genes<br />Count: 81<br />Percent: 6", "Category: Gene Filtering<br />Count: 60<br />Percent: 4.4", "Category: Variants<br />Count: 58<br />Percent: 4.3", "Category: UMIs<br />Count: 49<br />Percent: 3.6", "Category: Alignment<br />Count: 48<br />Percent: 3.5", "Category: Expression Patterns<br />Count: 43<br />Percent: 3.2", "Category: Alternative Splicing<br />Count: 35<br />Percent: 2.6", "Category: Immune<br />Count: 32<br />Percent: 2.4", "Category: Cell Cycle<br />Count: 28<br />Percent: 2.1", "Category: Perturbations<br />Count: 28<br />Percent: 2.1", "Category: Rare Cells<br />Count: 18<br />Percent: 1.3", "Category: Assembly<br />Count: 9<br />Percent: 0.7", "Category: Stem Cells<br />Count: 8<br />Percent: 0.6", "Category: Transformation<br />Count: 8<br />Percent: 0.6", "Category: Modality<br />Count: 7<br />Percent: 0.5", "Category: Allele Specific<br />Count: 6<br />Percent: 0.4", "Category: Haplotypes<br />Count: 2<br />Percent: 0.1"],
      "type": "bar",
      "textposition": "none",
      "marker": {
        "autocolorscale": false,
        "color": "rgba(122,82,199,1)",
        "line": {
          "width": 1.88976377952756,
          "color": "transparent"
        }
      },
      "showlegend": false,
      "xaxis": "x",
      "yaxis": "y",
      "hoverinfo": "text",
      "frame": null
    }
  ],
  "layout": {
    "margin": {
      "t": 50,
      "r": 30,
      "b": 50,
      "l": 70
    },
    "font": {
      "color": "rgba(0,0,0,1)",
      "family": "",
      "size": 18.5969281859693
    },
    "xaxis": {
      "domain": [0, 1],
      "automargin": true,
      "type": "linear",
      "autorange": false,
      "range": [0.4, 33.6],
      "tickmode": "array",
      "ticktext": ["Visualisation", "Clustering", "Dimensionality Reduction", "Integration", "Gene Networks", "Classification", "Ordering", "Quality Control", "Differential Expression", "Normalisation", "Marker Genes", "Interactive", "Gene Sets", "Imputation", "Quantification", "Simulation", "Variable Genes", "Gene Filtering", "Variants", "UMIs", "Alignment", "Expression Patterns", "Alternative Splicing", "Immune", "Cell Cycle", "Perturbations", "Rare Cells", "Assembly", "Stem Cells", "Transformation", "Modality", "Allele Specific", "Haplotypes"],
      "tickvals": [1, 2, 3, 4, 5, 6, 7, 8, 9, 10, 11, 12, 13, 14, 15, 16, 17, 18, 19, 20, 21, 22, 23, 24, 25, 26, 27, 28, 29, 30, 31, 32, 33],
      "categoryorder": "array",
      "categoryarray": ["Visualisation", "Clustering", "Dimensionality Reduction", "Integration", "Gene Networks", "Classification", "Ordering", "Quality Control", "Differential Expression", "Normalisation", "Marker Genes", "Interactive", "Gene Sets", "Imputation", "Quantification", "Simulation", "Variable Genes", "Gene Filtering", "Variants", "UMIs", "Alignment", "Expression Patterns", "Alternative Splicing", "Immune", "Cell Cycle", "Perturbations", "Rare Cells", "Assembly", "Stem Cells", "Transformation", "Modality", "Allele Specific", "Haplotypes"],
      "nticks": null,
      "ticks": "outside",
      "tickcolor": "rgba(0,0,0,1)",
      "ticklen": 4.64923204649232,
      "tickwidth": 0.66417600664176,
      "showticklabels": true,
      "tickfont": {
        "color": "rgba(0,0,0,1)",
        "family": "",
        "size": 15.9402241594022
      },
      "tickangle": -60,
      "showline": true,
      "linecolor": "rgba(0,0,0,1)",
      "linewidth": 0.66417600664176,
      "showgrid": false,
      "gridcolor": null,
      "gridwidth": 0,
      "zeroline": false,
      "anchor": "y",
      "title": {
        "text": "",
        "font": {
          "color": null,
          "family": null,
          "size": 0
        }
      },
      "hoverformat": ".2f"
    },
    "yaxis": {
      "domain": [0, 1],
      "automargin": true,
      "type": "linear",
      "autorange": false,
      "range": [-0.0206098457016899, 0.432806759735489],
      "tickmode": "array",
      "ticktext": ["0%", "10%", "20%", "30%", "40%"],
      "tickvals": [0, 0.1, 0.2, 0.3, 0.4],
      "categoryorder": "array",
      "categoryarray": ["0%", "10%", "20%", "30%", "40%"],
      "nticks": null,
      "ticks": "outside",
      "tickcolor": "rgba(0,0,0,1)",
      "ticklen": 4.64923204649232,
      "tickwidth": 0.66417600664176,
      "showticklabels": true,
      "tickfont": {
        "color": "rgba(0,0,0,1)",
        "family": "",
        "size": 15.9402241594022
      },
      "tickangle": -0,
      "showline": true,
      "linecolor": "rgba(0,0,0,1)",
      "linewidth": 0.66417600664176,
      "showgrid": false,
      "gridcolor": null,
      "gridwidth": 0,
      "zeroline": false,
      "anchor": "x",
      "title": {
        "text": "Percentage of tools",
        "font": {
          "color": "rgba(0,0,0,1)",
          "family": "",
          "size": 18.5969281859693
        }
      },
      "hoverformat": ".2f"
    },
    "shapes": [
      {
        "type": "rect",
        "fillcolor": null,
        "line": {
          "color": null,
          "width": 0,
          "linetype": []
        },
        "yref": "paper",
        "xref": "paper",
        "x0": 0,
        "x1": 1,
        "y0": 0,
        "y1": 1
      }
    ],
    "showlegend": false,
    "legend": {
      "bgcolor": null,
      "bordercolor": null,
      "borderwidth": 0,
      "font": {
        "color": "rgba(0,0,0,1)",
        "family": "",
        "size": 15.9402241594022
      }
    },