{
  "data": [
    {
      "orientation": "v",
      "width": [0.95, 0.95, 0.95, 0.95, 0.949999999999999, 0.949999999999999, 0.949999999999999, 0.949999999999999, 0.949999999999999, 0.949999999999999, 0.949999999999999, 0.949999999999999, 0.949999999999999, 0.949999999999999, 0.949999999999999, 0.950000000000001, 0.950000000000003, 0.950000000000003, 0.950000000000003, 0.950000000000003, 0.950000000000003, 0.950000000000003, 0.950000000000003, 0.950000000000003, 0.950000000000003, 0.950000000000003, 0.950000000000003, 0.950000000000003, 0.950000000000003, 0.950000000000003, 0.950000000000003, 0.950000000000003],
      "base": [0, 0, 0, 0, 0, 0, 0, 0, 0, 0, 0, 0, 0, 0, 0, 0, 0, 0, 0, 0, 0, 0, 0, 0, 0, 0, 0, 0, 0, 0, 0, 0],
      "x": [1, 2, 3, 4, 5, 6, 7, 8, 9, 10, 11, 12, 13, 14, 15, 16, 17, 18, 19, 20, 21, 22, 23, 24, 25, 26, 27, 28, 29, 30, 31, 32],
      "y": [0.458053691275168, 0.263422818791946, 0.248322147651007, 0.147651006711409, 0.145973154362416, 0.11744966442953, 0.11744966442953, 0.115771812080537, 0.114093959731544, 0.110738255033557, 0.104026845637584, 0.0889261744966443, 0.0855704697986577, 0.0788590604026846, 0.0721476510067114, 0.0721476510067114, 0.0671140939597315, 0.063758389261745, 0.0536912751677852, 0.0520134228187919, 0.0385906040268456, 0.0369127516778524, 0.0251677852348993, 0.0184563758389262, 0.0184563758389262, 0.0151006711409396, 0.0100671140939597, 0.00838926174496644, 0.00838926174496644, 0.00671140939597315, 0.00671140939597315, 0.00335570469798658],
      "text": ["Category: Visualisation<br />Count: 273<br />Percent: 45.8", "Category: Clustering<br />Count: 157<br />Percent: 26.3", "Category: Dimensionality Reduction<br />Count: 148<br />Percent: 24.8", "Category: Normalisation<br />Count: 88<br />Percent: 14.8", "Category: Ordering<br />Count: 87<br />Percent: 14.6", "Category: Differential Expression<br />Count: 70<br />Percent: 11.7", "Category: Quality Control<br />Count: 70<br />Percent: 11.7", "Category: Interactive<br />Count: 69<br />Percent: 11.6", "Category: Integration<br />Count: 68<br />Percent: 11.4", "Category: Gene Networks<br />Count: 66<br />Percent: 11.1", "Category: Marker Genes<br />Count: 62<br />Percent: 10.4", "Category: Classification<br />Count: 53<br />Percent: 8.9", "Category: Imputation<br />Count: 51<br />Percent: 8.6", "Category: Simulation<br />Count: 47<br />Percent: 7.9", "Category: Gene Sets<br />Count: 43<br />Percent: 7.2", "Category: Variable Genes<br />Count: 43<br />Percent: 7.2", "Category: Gene Filtering<br />Count: 40<br />Percent: 6.7", "Category: Quantification<br />Count: 38<br />Percent: 6.4", "Category: UMIs<br />Count: 32<br />Percent: 5.4", "Category: Expression Patterns<br />Count: 31<br />Percent: 5.2", "Category: Variants<br />Count: 23<br />Percent: 3.9", "Category: Alignment<br />Count: 22<br />Percent: 3.7", "Category: Cell Cycle<br />Count: 15<br />Percent: 2.5", "Category: Alternative Splicing<br />Count: 11<br />Percent: 1.8", "Category: Immune<br />Count: 11<br />Percent: 1.8", "Category: Rare Cells<br />Count: 9<br />Percent: 1.5", "Category: Assembly<br />Count: 6<br />Percent: 1", "Category: Allele Specific<br />Count: 5<br />Percent: 0.8", "Category: Stem Cells<br />Count: 5<br />Percent: 0.8", "Category: Modality<br />Count: 4<br />Percent: 0.7", "Category: Transformation<br />Count: 4<br />Percent: 0.7", "Category: Haplotypes<br />Count: 2<br />Percent: 0.3"],
      "type": "bar",
      "marker": {
        "autocolorscale": false,
        "color": "rgba(122,82,199,1)",
        "line": {
          "width": 1.88976377952756,
          "color": "transparent"
        }
      },
      "showlegend": false,
      "xaxis": "x",
      "yaxis": "y",
      "hoverinfo": "text",
      "frame": null
    }
  ],
  "layout": {
    "margin": {
      "t": 50,
      "r": 30,
      "b": 50,
      "l": 70
    },
    "font": {
      "color": "rgba(0,0,0,1)",
      "family": "",
      "size": 18.5969281859693
    },
    "xaxis": {
      "domain": [0, 1],
      "automargin": true,
      "type": "linear",
      "autorange": false,
      "range": [0.4, 32.6],
      "tickmode": "array",
      "ticktext": ["Visualisation", "Clustering", "Dimensionality Reduction", "Normalisation", "Ordering", "Differential Expression", "Quality Control", "Interactive", "Integration", "Gene Networks", "Marker Genes", "Classification", "Imputation", "Simulation", "Gene Sets", "Variable Genes", "Gene Filtering", "Quantification", "UMIs", "Expression Patterns", "Variants", "Alignment", "Cell Cycle", "Alternative Splicing", "Immune", "Rare Cells", "Assembly", "Allele Specific", "Stem Cells", "Modality", "Transformation", "Haplotypes"],
      "tickvals": [1, 2, 3, 4, 5, 6, 7, 8, 9, 10, 11, 12, 13, 14, 15, 16, 17, 18, 19, 20, 21, 22, 23, 24, 25, 26, 27, 28, 29, 30, 31, 32],
      "categoryorder": "array",
      "categoryarray": ["Visualisation", "Clustering", "Dimensionality Reduction", "Normalisation", "Ordering", "Differential Expression", "Quality Control", "Interactive", "Integration", "Gene Networks", "Marker Genes", "Classification", "Imputation", "Simulation", "Gene Sets", "Variable Genes", "Gene Filtering", "Quantification", "UMIs", "Expression Patterns", "Variants", "Alignment", "Cell Cycle", "Alternative Splicing", "Immune", "Rare Cells", "Assembly", "Allele Specific", "Stem Cells", "Modality", "Transformation", "Haplotypes"],
      "nticks": null,
      "ticks": "outside",
      "tickcolor": "rgba(0,0,0,1)",
      "ticklen": 4.64923204649232,
      "tickwidth": 0.66417600664176,
      "showticklabels": true,
      "tickfont": {
        "color": "rgba(0,0,0,1)",
        "family": "",
        "size": 15.9402241594022
      },
      "tickangle": -60,
      "showline": true,
      "linecolor": "rgba(0,0,0,1)",
      "linewidth": 0.66417600664176,
      "showgrid": false,
      "gridcolor": null,
      "gridwidth": 0,
      "zeroline": false,
      "anchor": "y",
      "title": {
        "text": "",
        "font": {
          "color": null,
          "family": null,
          "size": 0
        }
      },
      "hoverformat": ".2f"
    },
    "yaxis": {
      "domain": [0, 1],
      "automargin": true,
      "type": "linear",
      "autorange": false,
      "range": [-0.0229026845637584, 0.480956375838926],
      "tickmode": "array",
      "ticktext": ["0.0%", "10.0%", "20.0%", "30.0%", "40.0%"],
      "tickvals": [0, 0.1, 0.2, 0.3, 0.4],
      "categoryorder": "array",
      "categoryarray": ["0.0%", "10.0%", "20.0%", "30.0%", "40.0%"],
      "nticks": null,
      "ticks": "outside",
      "tickcolor": "rgba(0,0,0,1)",
      "ticklen": 4.64923204649232,
      "tickwidth": 0.66417600664176,
      "showticklabels": true,
      "tickfont": {
        "color": "rgba(0,0,0,1)",
        "family": "",
        "size": 15.9402241594022
      },
      "tickangle": -0,
      "showline": true,
      "linecolor": "rgba(0,0,0,1)",
      "linewidth": 0.66417600664176,
      "showgrid": false,
      "gridcolor": null,
      "gridwidth": 0,
      "zeroline": false,
      "anchor": "x",
      "title": {
        "text": "Percentage of tools",
        "font": {
          "color": "rgba(0,0,0,1)",
          "family": "",
          "size": 18.5969281859693
        }
      },
      "hoverformat": ".2f"
    },
    "shapes": [
      {
        "type": "rect",
        "fillcolor": null,
        "line": {
          "color": null,
          "width": 0,
          "linetype": []
        },
        "yref": "paper",
        "xref": "paper",
        "x0": 0,
        "x1": 1,
        "y0": 0,
        "y1": 1
      }
    ],
    "showlegend": false,
    "legend": {
      "bgcolor": null,
      "bordercolor": null,
      "borderwidth": 0,
      "font": {
        "color": "rgba(0,0,0,1)",
        "family": "",
        "size": 15.9402241594022
      }
    },
    "hovermode": "closest",
    "height": 600,
    "barmode": "relative",
    "autosize": true
  },
  "config": {
    "doubleClick": "reset",
    "showSendToCloud": false,