{
  "data": [
    {
      "orientation": "v",
      "width": [0.95, 0.95, 0.95, 0.95, 0.949999999999999, 0.949999999999999, 0.949999999999999, 0.949999999999999, 0.949999999999999, 0.949999999999999, 0.949999999999999, 0.949999999999999, 0.949999999999999, 0.949999999999999, 0.949999999999999, 0.950000000000001, 0.950000000000003, 0.950000000000003, 0.950000000000003, 0.950000000000003, 0.950000000000003, 0.950000000000003, 0.950000000000003, 0.950000000000003, 0.950000000000003, 0.950000000000003, 0.950000000000003, 0.950000000000003, 0.950000000000003, 0.950000000000003, 0.950000000000003, 0.950000000000003, 0.950000000000003],
      "base": [0, 0, 0, 0, 0, 0, 0, 0, 0, 0, 0, 0, 0, 0, 0, 0, 0, 0, 0, 0, 0, 0, 0, 0, 0, 0, 0, 0, 0, 0, 0, 0, 0],
      "x": [1, 2, 3, 4, 5, 6, 7, 8, 9, 10, 11, 12, 13, 14, 15, 16, 17, 18, 19, 20, 21, 22, 23, 24, 25, 26, 27, 28, 29, 30, 31, 32, 33],
      "y": [0.412307692307692, 0.253333333333333, 0.247179487179487, 0.137435897435897, 0.126153846153846, 0.115897435897436, 0.10974358974359, 0.108717948717949, 0.107692307692308, 0.103589743589744, 0.0882051282051282, 0.0861538461538462, 0.0717948717948718, 0.0676923076923077, 0.0676923076923077, 0.0615384615384615, 0.0605128205128205, 0.0523076923076923, 0.041025641025641, 0.04, 0.038974358974359, 0.037948717948718, 0.0256410256410256, 0.0246153846153846, 0.0194871794871795, 0.0153846153846154, 0.0112820512820513, 0.00820512820512821, 0.00615384615384615, 0.00615384615384615, 0.00512820512820513, 0.0041025641025641, 0.00205128205128205],
      "text": ["Category: Visualisation<br />Prop: 0.412307692<br />Count: 402<br />Percent: 41.2", "Category: Clustering<br />Prop: 0.253333333<br />Count: 247<br />Percent: 25.3", "Category: Dimensionality Reduction<br />Prop: 0.247179487<br />Count: 241<br />Percent: 24.7", "Category: Integration<br />Prop: 0.137435897<br />Count: 134<br />Percent: 13.7", "Category: Ordering<br />Prop: 0.126153846<br />Count: 123<br />Percent: 12.6", "Category: Differential Expression<br />Prop: 0.115897436<br />Count: 113<br />Percent: 11.6", "Category: Classification<br />Prop: 0.109743590<br />Count: 107<br />Percent: 11", "Category: Gene Networks<br />Prop: 0.108717949<br />Count: 106<br />Percent: 10.9", "Category: Normalisation<br />Prop: 0.107692308<br />Count: 105<br />Percent: 10.8", "Category: Quality Control<br />Prop: 0.103589744<br />Count: 101<br />Percent: 10.4", "Category: Interactive<br />Prop: 0.088205128<br />Count: 86<br />Percent: 8.8", "Category: Marker Genes<br />Prop: 0.086153846<br />Count: 84<br />Percent: 8.6", "Category: Imputation<br />Prop: 0.071794872<br />Count: 70<br />Percent: 7.2", "Category: Gene Sets<br />Prop: 0.067692308<br />Count: 66<br />Percent: 6.8", "Category: Simulation<br />Prop: 0.067692308<br />Count: 66<br />Percent: 6.8", "Category: Variable Genes<br />Prop: 0.061538462<br />Count: 60<br />Percent: 6.2", "Category: Quantification<br />Prop: 0.060512821<br />Count: 59<br />Percent: 6.1", "Category: Gene Filtering<br />Prop: 0.052307692<br />Count: 51<br />Percent: 5.2", "Category: Variants<br />Prop: 0.041025641<br />Count: 40<br />Percent: 4.1", "Category: UMIs<br />Prop: 0.040000000<br />Count: 39<br />Percent: 4", "Category: Alignment<br />Prop: 0.038974359<br />Count: 38<br />Percent: 3.9", "Category: Expression Patterns<br />Prop: 0.037948718<br />Count: 37<br />Percent: 3.8", "Category: Alternative Splicing<br />Prop: 0.025641026<br />Count: 25<br />Percent: 2.6", "Category: Cell Cycle<br />Prop: 0.024615385<br />Count: 24<br />Percent: 2.5", "Category: Immune<br />Prop: 0.019487179<br />Count: 19<br />Percent: 1.9", "Category: Perturbations<br />Prop: 0.015384615<br />Count: 15<br />Percent: 1.5", "Category: Rare Cells<br />Prop: 0.011282051<br />Count: 11<br />Percent: 1.1", "Category: Assembly<br />Prop: 0.008205128<br />Count: 8<br />Percent: 0.8", "Category: Allele Specific<br />Prop: 0.006153846<br />Count: 6<br />Percent: 0.6", "Category: Stem Cells<br />Prop: 0.006153846<br />Count: 6<br />Percent: 0.6", "Category: Modality<br />Prop: 0.005128205<br />Count: 5<br />Percent: 0.5", "Category: Transformation<br />Prop: 0.004102564<br />Count: 4<br />Percent: 0.4", "Category: Haplotypes<br />Prop: 0.002051282<br />Count: 2<br />Percent: 0.2"],
      "type": "bar",
      "marker": {
        "autocolorscale": false,
        "color": "rgba(122,82,199,1)",
        "line": {
          "width": 1.88976377952756,
          "color": "transparent"
        }
      },
      "showlegend": false,
      "xaxis": "x",
      "yaxis": "y",
      "hoverinfo": "text",
      "frame": null
    }
  ],
  "layout": {
    "margin": {
      "t": 0,
      "r": 10,
      "b": 0,
      "l": 55
    },
    "font": {
      "color": "rgba(0,0,0,1)",
      "family": "",
      "size": 18.5969281859693
    },
    "xaxis": {
      "domain": [0, 1],
      "automargin": true,
      "type": "linear",
      "autorange": false,
      "range": [0.4, 33.6],
      "tickmode": "array",
      "ticktext": ["Visualisation", "Clustering", "Dimensionality Reduction", "Integration", "Ordering", "Differential Expression", "Classification", "Gene Networks", "Normalisation", "Quality Control", "Interactive", "Marker Genes", "Imputation", "Gene Sets", "Simulation", "Variable Genes", "Quantification", "Gene Filtering", "Variants", "UMIs", "Alignment", "Expression Patterns", "Alternative Splicing", "Cell Cycle", "Immune", "Perturbations", "Rare Cells", "Assembly", "Allele Specific", "Stem Cells", "Modality", "Transformation", "Haplotypes"],
      "tickvals": [1, 2, 3, 4, 5, 6, 7, 8, 9, 10, 11, 12, 13, 14, 15, 16, 17, 18, 19, 20, 21, 22, 23, 24, 25, 26, 27, 28, 29, 30, 31, 32, 33],
      "categoryorder": "array",
      "categoryarray": ["Visualisation", "Clustering", "Dimensionality Reduction", "Integration", "Ordering", "Differential Expression", "Classification", "Gene Networks", "Normalisation", "Quality Control", "Interactive", "Marker Genes", "Imputation", "Gene Sets", "Simulation", "Variable Genes", "Quantification", "Gene Filtering", "Variants", "UMIs", "Alignment", "Expression Patterns", "Alternative Splicing", "Cell Cycle", "Immune", "Perturbations", "Rare Cells", "Assembly", "Allele Specific", "Stem Cells", "Modality", "Transformation", "Haplotypes"],
      "nticks": null,
      "ticks": "outside",
      "tickcolor": "rgba(0,0,0,1)",
      "ticklen": 4.64923204649232,
      "tickwidth": 0.66417600664176,
      "showticklabels": true,
      "tickfont": {
        "color": "rgba(0,0,0,1)",
        "family": "",
        "size": 7
      },
      "tickangle": -60,
      "showline": true,
      "linecolor": "rgba(0,0,0,1)",
      "linewidth": 0.66417600664176,
      "showgrid": false,
      "gridcolor": null,
      "gridwidth": 0,
      "zeroline": false,
      "anchor": "y",
      "title": {
        "text": "",
        "font": {
          "color": null,
          "family": null,
          "size": 9
        }
      },
      "hoverformat": ".2f",
      "fixedrange": true
    },
    "yaxis": {
      "domain": [0, 1],
      "automargin": true,
      "type": "linear",
      "autorange": false,
      "range": [-0.0206153846153846, 0.432923076923077],
      "tickmode": "array",
      "ticktext": ["0.0%", "10.0%", "20.0%", "30.0%", "40.0%"],
      "tickvals": [0, 0.1, 0.2, 0.3, 0.4],
      "categoryorder": "array",
      "categoryarray": ["0.0%", "10.0%", "20.0%", "30.0%", "40.0%"],
      "nticks": null,
      "ticks": "outside",
      "tickcolor": "rgba(0,0,0,1)",
      "ticklen": 4.64923204649232,
      "tickwidth": 0.66417600664176,
      "showticklabels": true,
      "tickfont": {
        "color": "rgba(0,0,0,1)",
        "family": "",
        "size": 7
      },
      "tickangle": -0,
      "showline": true,
      "linecolor": "rgba(0,0,0,1)",
      "linewidth": 0.66417600664176,
      "showgrid": false,
      "gridcolor": null,
      "gridwidth": 0,
      "zeroline": false,
      "anchor": "x",
      "title": {
        "text": "Percentage of tools",