{
  "data": [
    {
      "orientation": "v",
      "width": [0.95, 0.95, 0.95, 0.95, 0.949999999999999, 0.949999999999999, 0.949999999999999, 0.949999999999999, 0.949999999999999, 0.949999999999999, 0.949999999999999, 0.949999999999999, 0.949999999999999, 0.949999999999999, 0.949999999999999, 0.950000000000001, 0.950000000000003, 0.950000000000003, 0.950000000000003, 0.950000000000003, 0.950000000000003, 0.950000000000003, 0.950000000000003, 0.950000000000003, 0.950000000000003, 0.950000000000003, 0.950000000000003, 0.950000000000003, 0.950000000000003, 0.950000000000003, 0.950000000000003, 0.950000000000003, 0.950000000000003],
      "base": [0, 0, 0, 0, 0, 0, 0, 0, 0, 0, 0, 0, 0, 0, 0, 0, 0, 0, 0, 0, 0, 0, 0, 0, 0, 0, 0, 0, 0, 0, 0, 0, 0],
      "x": [1, 2, 3, 4, 5, 6, 7, 8, 9, 10, 11, 12, 13, 14, 15, 16, 17, 18, 19, 20, 21, 22, 23, 24, 25, 26, 27, 28, 29, 30, 31, 32, 33],
      "y": [0.415789473684211, 0.253684210526316, 0.250526315789474, 0.137894736842105, 0.128421052631579, 0.116842105263158, 0.109473684210526, 0.108421052631579, 0.106315789473684, 0.104210526315789, 0.0894736842105263, 0.0852631578947368, 0.0736842105263158, 0.0694736842105263, 0.0673684210526316, 0.0631578947368421, 0.0578947368421053, 0.0536842105263158, 0.0410526315789474, 0.04, 0.0389473684210526, 0.0378947368421053, 0.0242105263157895, 0.0242105263157895, 0.02, 0.0147368421052632, 0.0115789473684211, 0.00842105263157895, 0.00631578947368421, 0.00631578947368421, 0.00526315789473684, 0.00421052631578947, 0.00210526315789474],
      "text": ["Category: Visualisation<br />Prop: 0.415789474<br />Count: 395<br />Percent: 41.6", "Category: Clustering<br />Prop: 0.253684211<br />Count: 241<br />Percent: 25.4", "Category: Dimensionality Reduction<br />Prop: 0.250526316<br />Count: 238<br />Percent: 25.1", "Category: Integration<br />Prop: 0.137894737<br />Count: 131<br />Percent: 13.8", "Category: Ordering<br />Prop: 0.128421053<br />Count: 122<br />Percent: 12.8", "Category: Differential Expression<br />Prop: 0.116842105<br />Count: 111<br />Percent: 11.7", "Category: Normalisation<br />Prop: 0.109473684<br />Count: 104<br />Percent: 10.9", "Category: Gene Networks<br />Prop: 0.108421053<br />Count: 103<br />Percent: 10.8", "Category: Classification<br />Prop: 0.106315789<br />Count: 101<br />Percent: 10.6", "Category: Quality Control<br />Prop: 0.104210526<br />Count: 99<br />Percent: 10.4", "Category: Interactive<br />Prop: 0.089473684<br />Count: 85<br />Percent: 8.9", "Category: Marker Genes<br />Prop: 0.085263158<br />Count: 81<br />Percent: 8.5", "Category: Imputation<br />Prop: 0.073684211<br />Count: 70<br />Percent: 7.4", "Category: Simulation<br />Prop: 0.069473684<br />Count: 66<br />Percent: 6.9", "Category: Gene Sets<br />Prop: 0.067368421<br />Count: 64<br />Percent: 6.7", "Category: Variable Genes<br />Prop: 0.063157895<br />Count: 60<br />Percent: 6.3", "Category: Quantification<br />Prop: 0.057894737<br />Count: 55<br />Percent: 5.8", "Category: Gene Filtering<br />Prop: 0.053684211<br />Count: 51<br />Percent: 5.4", "Category: UMIs<br />Prop: 0.041052632<br />Count: 39<br />Percent: 4.1", "Category: Variants<br />Prop: 0.040000000<br />Count: 38<br />Percent: 4", "Category: Expression Patterns<br />Prop: 0.038947368<br />Count: 37<br />Percent: 3.9", "Category: Alignment<br />Prop: 0.037894737<br />Count: 36<br />Percent: 3.8", "Category: Alternative Splicing<br />Prop: 0.024210526<br />Count: 23<br />Percent: 2.4", "Category: Cell Cycle<br />Prop: 0.024210526<br />Count: 23<br />Percent: 2.4", "Category: Immune<br />Prop: 0.020000000<br />Count: 19<br />Percent: 2", "Category: Perturbations<br />Prop: 0.014736842<br />Count: 14<br />Percent: 1.5", "Category: Rare Cells<br />Prop: 0.011578947<br />Count: 11<br />Percent: 1.2", "Category: Assembly<br />Prop: 0.008421053<br />Count: 8<br />Percent: 0.8", "Category: Allele Specific<br />Prop: 0.006315789<br />Count: 6<br />Percent: 0.6", "Category: Stem Cells<br />Prop: 0.006315789<br />Count: 6<br />Percent: 0.6", "Category: Modality<br />Prop: 0.005263158<br />Count: 5<br />Percent: 0.5", "Category: Transformation<br />Prop: 0.004210526<br />Count: 4<br />Percent: 0.4", "Category: Haplotypes<br />Prop: 0.002105263<br />Count: 2<br />Percent: 0.2"],
      "type": "bar",
      "marker": {
        "autocolorscale": false,
        "color": "rgba(122,82,199,1)",
        "line": {
          "width": 1.88976377952756,
          "color": "transparent"
        }
      },
      "showlegend": false,
      "xaxis": "x",
      "yaxis": "y",
      "hoverinfo": "text",
      "frame": null
    }
  ],
  "layout": {
    "margin": {
      "t": 0,
      "r": 10,
      "b": 0,
      "l": 55
    },
    "font": {
      "color": "rgba(0,0,0,1)",
      "family": "",
      "size": 18.5969281859693
    },
    "xaxis": {
      "domain": [0, 1],
      "automargin": true,
      "type": "linear",
      "autorange": false,
      "range": [0.4, 33.6],
      "tickmode": "array",
      "ticktext": ["Visualisation", "Clustering", "Dimensionality Reduction", "Integration", "Ordering", "Differential Expression", "Normalisation", "Gene Networks", "Classification", "Quality Control", "Interactive", "Marker Genes", "Imputation", "Simulation", "Gene Sets", "Variable Genes", "Quantification", "Gene Filtering", "UMIs", "Variants", "Expression Patterns", "Alignment", "Alternative Splicing", "Cell Cycle", "Immune", "Perturbations", "Rare Cells", "Assembly", "Allele Specific", "Stem Cells", "Modality", "Transformation", "Haplotypes"],
      "tickvals": [1, 2, 3, 4, 5, 6, 7, 8, 9, 10, 11, 12, 13, 14, 15, 16, 17, 18, 19, 20, 21, 22, 23, 24, 25, 26, 27, 28, 29, 30, 31, 32, 33],
      "categoryorder": "array",
      "categoryarray": ["Visualisation", "Clustering", "Dimensionality Reduction", "Integration", "Ordering", "Differential Expression", "Normalisation", "Gene Networks", "Classification", "Quality Control", "Interactive", "Marker Genes", "Imputation", "Simulation", "Gene Sets", "Variable Genes", "Quantification", "Gene Filtering", "UMIs", "Variants", "Expression Patterns", "Alignment", "Alternative Splicing", "Cell Cycle", "Immune", "Perturbations", "Rare Cells", "Assembly", "Allele Specific", "Stem Cells", "Modality", "Transformation", "Haplotypes"],
      "nticks": null,
      "ticks": "outside",
      "tickcolor": "rgba(0,0,0,1)",
      "ticklen": 4.64923204649232,
      "tickwidth": 0.66417600664176,
      "showticklabels": true,
      "tickfont": {
        "color": "rgba(0,0,0,1)",
        "family": "",
        "size": 7
      },
      "tickangle": -60,
      "showline": true,
      "linecolor": "rgba(0,0,0,1)",
      "linewidth": 0.66417600664176,
      "showgrid": false,
      "gridcolor": null,
      "gridwidth": 0,
      "zeroline": false,
      "anchor": "y",
      "title": {
        "text": "",
        "font": {
          "color": null,
          "family": null,
          "size": 9
        }
      },
      "hoverformat": ".2f",
      "fixedrange": true
    },
    "yaxis": {
      "domain": [0, 1],
      "automargin": true,
      "type": "linear",
      "autorange": false,
      "range": [-0.0207894736842105, 0.436578947368421],
      "tickmode": "array",
      "ticktext": ["0.0%", "10.0%", "20.0%", "30.0%", "40.0%"],
      "tickvals": [0, 0.1, 0.2, 0.3, 0.4],
      "categoryorder": "array",
      "categoryarray": ["0.0%", "10.0%", "20.0%", "30.0%", "40.0%"],
      "nticks": null,
      "ticks": "outside",
      "tickcolor": "rgba(0,0,0,1)",
      "ticklen": 4.64923204649232,
      "tickwidth": 0.66417600664176,
      "showticklabels": true,
      "tickfont": {
        "color": "rgba(0,0,0,1)",
        "family": "",
        "size": 7
      },
      "tickangle": -0,
      "showline": true,
      "linecolor": "rgba(0,0,0,1)",
      "linewidth": 0.66417600664176,
      "showgrid": false,
      "gridcolor": null,
      "gridwidth": 0,
      "zeroline": false,
      "anchor": "x",
      "title": {
        "text": "Percentage of tools",