{
  "data": [
    {
      "orientation": "v",
      "width": [0.95, 0.95, 0.95, 0.95, 0.949999999999999, 0.949999999999999, 0.949999999999999, 0.949999999999999, 0.949999999999999, 0.949999999999999, 0.949999999999999, 0.949999999999999, 0.949999999999999, 0.949999999999999, 0.949999999999999, 0.950000000000001, 0.950000000000003, 0.950000000000003, 0.950000000000003, 0.950000000000003, 0.950000000000003, 0.950000000000003, 0.950000000000003, 0.950000000000003, 0.950000000000003, 0.950000000000003, 0.950000000000003, 0.950000000000003, 0.950000000000003, 0.950000000000003, 0.950000000000003, 0.950000000000003, 0.950000000000003],
      "base": [0, 0, 0, 0, 0, 0, 0, 0, 0, 0, 0, 0, 0, 0, 0, 0, 0, 0, 0, 0, 0, 0, 0, 0, 0, 0, 0, 0, 0, 0, 0, 0, 0],
      "x": [1, 2, 3, 4, 5, 6, 7, 8, 9, 10, 11, 12, 13, 14, 15, 16, 17, 18, 19, 20, 21, 22, 23, 24, 25, 26, 27, 28, 29, 30, 31, 32, 33],
      "y": [0.408816425120773, 0.25, 0.225845410628019, 0.157004830917874, 0.128019323671498, 0.119565217391304, 0.111111111111111, 0.100845410628019, 0.0960144927536232, 0.0960144927536232, 0.0833333333333333, 0.0766908212560386, 0.0682367149758454, 0.0628019323671498, 0.0628019323671498, 0.0621980676328502, 0.0603864734299517, 0.0464975845410628, 0.0392512077294686, 0.0338164251207729, 0.0332125603864734, 0.0301932367149758, 0.0253623188405797, 0.0253623188405797, 0.0247584541062802, 0.0211352657004831, 0.0114734299516908, 0.0072463768115942, 0.00603864734299517, 0.00543478260869565, 0.00483091787439614, 0.00422705314009662, 0.00120772946859903],
      "text": ["Category: Visualisation<br />Prop: 0.408816425<br />Count: 677<br />Percent: 40.9", "Category: Dimensionality Reduction<br />Prop: 0.250000000<br />Count: 414<br />Percent: 25", "Category: Clustering<br />Prop: 0.225845411<br />Count: 374<br />Percent: 22.6", "Category: Integration<br />Prop: 0.157004831<br />Count: 260<br />Percent: 15.7", "Category: Gene Networks<br />Prop: 0.128019324<br />Count: 212<br />Percent: 12.8", "Category: Classification<br />Prop: 0.119565217<br />Count: 198<br />Percent: 12", "Category: Ordering<br />Prop: 0.111111111<br />Count: 184<br />Percent: 11.1", "Category: Quality Control<br />Prop: 0.100845411<br />Count: 167<br />Percent: 10.1", "Category: Differential Expression<br />Prop: 0.096014493<br />Count: 159<br />Percent: 9.6", "Category: Normalisation<br />Prop: 0.096014493<br />Count: 159<br />Percent: 9.6", "Category: Marker Genes<br />Prop: 0.083333333<br />Count: 138<br />Percent: 8.3", "Category: Gene Sets<br />Prop: 0.076690821<br />Count: 127<br />Percent: 7.7", "Category: Interactive<br />Prop: 0.068236715<br />Count: 113<br />Percent: 6.8", "Category: Imputation<br />Prop: 0.062801932<br />Count: 104<br />Percent: 6.3", "Category: Variable Genes<br />Prop: 0.062801932<br />Count: 104<br />Percent: 6.3", "Category: Quantification<br />Prop: 0.062198068<br />Count: 103<br />Percent: 6.2", "Category: Simulation<br />Prop: 0.060386473<br />Count: 100<br />Percent: 6", "Category: Variants<br />Prop: 0.046497585<br />Count: 77<br />Percent: 4.6", "Category: Gene Filtering<br />Prop: 0.039251208<br />Count: 65<br />Percent: 3.9", "Category: UMIs<br />Prop: 0.033816425<br />Count: 56<br />Percent: 3.4", "Category: Alignment<br />Prop: 0.033212560<br />Count: 55<br />Percent: 3.3", "Category: Expression Patterns<br />Prop: 0.030193237<br />Count: 50<br />Percent: 3", "Category: Alternative Splicing<br />Prop: 0.025362319<br />Count: 42<br />Percent: 2.5", "Category: Perturbations<br />Prop: 0.025362319<br />Count: 42<br />Percent: 2.5", "Category: Immune<br />Prop: 0.024758454<br />Count: 41<br />Percent: 2.5", "Category: Cell Cycle<br />Prop: 0.021135266<br />Count: 35<br />Percent: 2.1", "Category: Rare Cells<br />Prop: 0.011473430<br />Count: 19<br />Percent: 1.1", "Category: Transformation<br />Prop: 0.007246377<br />Count: 12<br />Percent: 0.7", "Category: Assembly<br />Prop: 0.006038647<br />Count: 10<br />Percent: 0.6", "Category: Stem Cells<br />Prop: 0.005434783<br />Count: 9<br />Percent: 0.5", "Category: Modality<br />Prop: 0.004830918<br />Count: 8<br />Percent: 0.5", "Category: Allele Specific<br />Prop: 0.004227053<br />Count: 7<br />Percent: 0.4", "Category: Haplotypes<br />Prop: 0.001207729<br />Count: 2<br />Percent: 0.1"],
      "type": "bar",
      "textposition": "none",
      "marker": {
        "autocolorscale": false,
        "color": "rgba(122,82,199,1)",
        "line": {
          "width": 1.88976377952756,
          "color": "transparent"
        }
      },
      "showlegend": false,
      "xaxis": "x",
      "yaxis": "y",
      "hoverinfo": "text",
      "frame": null
    }
  ],
  "layout": {
    "margin": {
      "t": 0,
      "r": 10,
      "b": 0,
      "l": 55
    },
    "font": {
      "color": "rgba(0,0,0,1)",
      "family": "",
      "size": 18.5969281859693
    },
    "xaxis": {
      "domain": [0, 1],
      "automargin": true,
      "type": "linear",
      "autorange": false,
      "range": [0.4, 33.6],
      "tickmode": "array",
      "ticktext": ["Visualisation", "Dimensionality Reduction", "Clustering", "Integration", "Gene Networks", "Classification", "Ordering", "Quality Control", "Differential Expression", "Normalisation", "Marker Genes", "Gene Sets", "Interactive", "Imputation", "Variable Genes", "Quantification", "Simulation", "Variants", "Gene Filtering", "UMIs", "Alignment", "Expression Patterns", "Alternative Splicing", "Perturbations", "Immune", "Cell Cycle", "Rare Cells", "Transformation", "Assembly", "Stem Cells", "Modality", "Allele Specific", "Haplotypes"],
      "tickvals": [1, 2, 3, 4, 5, 6, 7, 8, 9, 10, 11, 12, 13, 14, 15, 16, 17, 18, 19, 20, 21, 22, 23, 24, 25, 26, 27, 28, 29, 30, 31, 32, 33],
      "categoryorder": "array",
      "categoryarray": ["Visualisation", "Dimensionality Reduction", "Clustering", "Integration", "Gene Networks", "Classification", "Ordering", "Quality Control", "Differential Expression", "Normalisation", "Marker Genes", "Gene Sets", "Interactive", "Imputation", "Variable Genes", "Quantification", "Simulation", "Variants", "Gene Filtering", "UMIs", "Alignment", "Expression Patterns", "Alternative Splicing", "Perturbations", "Immune", "Cell Cycle", "Rare Cells", "Transformation", "Assembly", "Stem Cells", "Modality", "Allele Specific", "Haplotypes"],
      "nticks": null,
      "ticks": "outside",
      "tickcolor": "rgba(0,0,0,1)",
      "ticklen": 4.64923204649232,
      "tickwidth": 0.66417600664176,
      "showticklabels": true,
      "tickfont": {
        "color": "rgba(0,0,0,1)",
        "family": "",
        "size": 7
      },
      "tickangle": -60,
      "showline": true,
      "linecolor": "rgba(0,0,0,1)",
      "linewidth": 0.66417600664176,
      "showgrid": false,
      "gridcolor": null,
      "gridwidth": 0,
      "zeroline": false,
      "anchor": "y",
      "title": {
        "text": "",
        "font": {
          "color": null,
          "family": null,
          "size": 9
        }
      },
      "hoverformat": ".2f",
      "fixedrange": true
    },
    "yaxis": {
      "domain": [0, 1],
      "automargin": true,
      "type": "linear",
      "autorange": false,
      "range": [-0.0204408212560386, 0.429257246376812],
      "tickmode": "array",
      "ticktext": ["0%", "10%", "20%", "30%", "40%"],
      "tickvals": [0, 0.1, 0.2, 0.3, 0.4],
      "categoryorder": "array",
      "categoryarray": ["0%", "10%", "20%", "30%", "40%"],
      "nticks": null,
      "ticks": "outside",
      "tickcolor": "rgba(0,0,0,1)",
      "ticklen": 4.64923204649232,
      "tickwidth": 0.66417600664176,
      "showticklabels": true,
      "tickfont": {
        "color": "rgba(0,0,0,1)",
        "family": "",
        "size": 7
      },
      "tickangle": -0,
      "showline": true,
      "linecolor": "rgba(0,0,0,1)",
      "linewidth": 0.66417600664176,
      "showgrid": false,
      "gridcolor": null,
      "gridwidth": 0,
      "zeroline": false,
      "anchor": "x",