{
  "data": [
    {
      "orientation": "v",
      "width": [0.95, 0.95, 0.95, 0.95, 0.949999999999999, 0.949999999999999, 0.949999999999999, 0.949999999999999, 0.949999999999999, 0.949999999999999, 0.949999999999999, 0.949999999999999, 0.949999999999999, 0.949999999999999, 0.949999999999999, 0.950000000000001, 0.950000000000003, 0.950000000000003, 0.950000000000003, 0.950000000000003, 0.950000000000003, 0.950000000000003, 0.950000000000003, 0.950000000000003, 0.950000000000003, 0.950000000000003, 0.950000000000003, 0.950000000000003, 0.950000000000003, 0.950000000000003, 0.950000000000003, 0.950000000000003],
      "base": [0, 0, 0, 0, 0, 0, 0, 0, 0, 0, 0, 0, 0, 0, 0, 0, 0, 0, 0, 0, 0, 0, 0, 0, 0, 0, 0, 0, 0, 0, 0, 0],
      "x": [1, 2, 3, 4, 5, 6, 7, 8, 9, 10, 11, 12, 13, 14, 15, 16, 17, 18, 19, 20, 21, 22, 23, 24, 25, 26, 27, 28, 29, 30, 31, 32],
      "y": [0.446428571428571, 0.260989010989011, 0.252747252747253, 0.135989010989011, 0.130494505494506, 0.129120879120879, 0.115384615384615, 0.111263736263736, 0.111263736263736, 0.105769230769231, 0.103021978021978, 0.0947802197802198, 0.0837912087912088, 0.0741758241758242, 0.0714285714285714, 0.0673076923076923, 0.0618131868131868, 0.0590659340659341, 0.0494505494505494, 0.0467032967032967, 0.0370879120879121, 0.0370879120879121, 0.0247252747252747, 0.0206043956043956, 0.0178571428571429, 0.0123626373626374, 0.00824175824175824, 0.00824175824175824, 0.00686813186813187, 0.00549450549450549, 0.00549450549450549, 0.00274725274725275],
      "text": ["Category: Visualisation<br />Count: 325<br />Percent: 44.6", "Category: Clustering<br />Count: 190<br />Percent: 26.1", "Category: Dimensionality Reduction<br />Count: 184<br />Percent: 25.3", "Category: Ordering<br />Count: 99<br />Percent: 13.6", "Category: Integration<br />Count: 95<br />Percent: 13", "Category: Normalisation<br />Count: 94<br />Percent: 12.9", "Category: Differential Expression<br />Count: 84<br />Percent: 11.5", "Category: Classification<br />Count: 81<br />Percent: 11.1", "Category: Quality Control<br />Count: 81<br />Percent: 11.1", "Category: Interactive<br />Count: 77<br />Percent: 10.6", "Category: Gene Networks<br />Count: 75<br />Percent: 10.3", "Category: Marker Genes<br />Count: 69<br />Percent: 9.5", "Category: Imputation<br />Count: 61<br />Percent: 8.4", "Category: Gene Sets<br />Count: 54<br />Percent: 7.4", "Category: Simulation<br />Count: 52<br />Percent: 7.1", "Category: Variable Genes<br />Count: 49<br />Percent: 6.7", "Category: Gene Filtering<br />Count: 45<br />Percent: 6.2", "Category: Quantification<br />Count: 43<br />Percent: 5.9", "Category: UMIs<br />Count: 36<br />Percent: 4.9", "Category: Expression Patterns<br />Count: 34<br />Percent: 4.7", "Category: Alignment<br />Count: 27<br />Percent: 3.7", "Category: Variants<br />Count: 27<br />Percent: 3.7", "Category: Cell Cycle<br />Count: 18<br />Percent: 2.5", "Category: Immune<br />Count: 15<br />Percent: 2.1", "Category: Alternative Splicing<br />Count: 13<br />Percent: 1.8", "Category: Rare Cells<br />Count: 9<br />Percent: 1.2", "Category: Allele Specific<br />Count: 6<br />Percent: 0.8", "Category: Assembly<br />Count: 6<br />Percent: 0.8", "Category: Stem Cells<br />Count: 5<br />Percent: 0.7", "Category: Modality<br />Count: 4<br />Percent: 0.5", "Category: Transformation<br />Count: 4<br />Percent: 0.5", "Category: Haplotypes<br />Count: 2<br />Percent: 0.3"],
      "type": "bar",
      "marker": {
        "autocolorscale": false,
        "color": "rgba(122,82,199,1)",
        "line": {
          "width": 1.88976377952756,
          "color": "transparent"
        }
      },
      "showlegend": false,
      "xaxis": "x",
      "yaxis": "y",
      "hoverinfo": "text",
      "frame": null
    }
  ],
  "layout": {
    "margin": {
      "t": 50,
      "r": 30,
      "b": 50,
      "l": 70
    },
    "font": {
      "color": "rgba(0,0,0,1)",
      "family": "",
      "size": 18.5969281859693
    },
    "xaxis": {
      "domain": [0, 1],
      "automargin": true,
      "type": "linear",
      "autorange": false,
      "range": [0.4, 32.6],
      "tickmode": "array",
      "ticktext": ["Visualisation", "Clustering", "Dimensionality Reduction", "Ordering", "Integration", "Normalisation", "Differential Expression", "Classification", "Quality Control", "Interactive", "Gene Networks", "Marker Genes", "Imputation", "Gene Sets", "Simulation", "Variable Genes", "Gene Filtering", "Quantification", "UMIs", "Expression Patterns", "Alignment", "Variants", "Cell Cycle", "Immune", "Alternative Splicing", "Rare Cells", "Allele Specific", "Assembly", "Stem Cells", "Modality", "Transformation", "Haplotypes"],
      "tickvals": [1, 2, 3, 4, 5, 6, 7, 8, 9, 10, 11, 12, 13, 14, 15, 16, 17, 18, 19, 20, 21, 22, 23, 24, 25, 26, 27, 28, 29, 30, 31, 32],
      "categoryorder": "array",
      "categoryarray": ["Visualisation", "Clustering", "Dimensionality Reduction", "Ordering", "Integration", "Normalisation", "Differential Expression", "Classification", "Quality Control", "Interactive", "Gene Networks", "Marker Genes", "Imputation", "Gene Sets", "Simulation", "Variable Genes", "Gene Filtering", "Quantification", "UMIs", "Expression Patterns", "Alignment", "Variants", "Cell Cycle", "Immune", "Alternative Splicing", "Rare Cells", "Allele Specific", "Assembly", "Stem Cells", "Modality", "Transformation", "Haplotypes"],
      "nticks": null,
      "ticks": "outside",
      "tickcolor": "rgba(0,0,0,1)",
      "ticklen": 4.64923204649232,
      "tickwidth": 0.66417600664176,
      "showticklabels": true,
      "tickfont": {
        "color": "rgba(0,0,0,1)",
        "family": "",
        "size": 15.9402241594022
      },
      "tickangle": -60,
      "showline": true,
      "linecolor": "rgba(0,0,0,1)",
      "linewidth": 0.66417600664176,
      "showgrid": false,
      "gridcolor": null,
      "gridwidth": 0,
      "zeroline": false,
      "anchor": "y",
      "title": {
        "text": "",
        "font": {
          "color": null,
          "family": null,
          "size": 0
        }
      },
      "hoverformat": ".2f"
    },
    "yaxis": {
      "domain": [0, 1],
      "automargin": true,
      "type": "linear",
      "autorange": false,
      "range": [-0.0223214285714286, 0.46875],
      "tickmode": "array",
      "ticktext": ["0.0%", "10.0%", "20.0%", "30.0%", "40.0%"],
      "tickvals": [0, 0.1, 0.2, 0.3, 0.4],
      "categoryorder": "array",
      "categoryarray": ["0.0%", "10.0%", "20.0%", "30.0%", "40.0%"],
      "nticks": null,
      "ticks": "outside",
      "tickcolor": "rgba(0,0,0,1)",
      "ticklen": 4.64923204649232,
      "tickwidth": 0.66417600664176,
      "showticklabels": true,
      "tickfont": {
        "color": "rgba(0,0,0,1)",
        "family": "",
        "size": 15.9402241594022
      },
      "tickangle": -0,
      "showline": true,
      "linecolor": "rgba(0,0,0,1)",
      "linewidth": 0.66417600664176,
      "showgrid": false,
      "gridcolor": null,
      "gridwidth": 0,
      "zeroline": false,
      "anchor": "x",
      "title": {
        "text": "Percentage of tools",
        "font": {
          "color": "rgba(0,0,0,1)",
          "family": "",
          "size": 18.5969281859693
        }
      },
      "hoverformat": ".2f"
    },
    "shapes": [
      {
        "type": "rect",
        "fillcolor": null,
        "line": {
          "color": null,
          "width": 0,
          "linetype": []
        },
        "yref": "paper",
        "xref": "paper",
        "x0": 0,
        "x1": 1,
        "y0": 0,
        "y1": 1
      }
    ],
    "showlegend": false,
    "legend": {
      "bgcolor": null,
      "bordercolor": null,
      "borderwidth": 0,
      "font": {
        "color": "rgba(0,0,0,1)",
        "family": "",
        "size": 15.9402241594022
      }
    },
    "hovermode": "closest",
    "height": 600,
    "barmode": "relative",
    "autosize": true
  },
  "config": {
    "doubleClick": "reset",
    "showSendToCloud": false,