{
  "data": [
    {
      "orientation": "v",
      "width": [0.95, 0.95, 0.95, 0.95, 0.949999999999999, 0.949999999999999, 0.949999999999999, 0.949999999999999, 0.949999999999999, 0.949999999999999, 0.949999999999999, 0.949999999999999, 0.949999999999999, 0.949999999999999, 0.949999999999999, 0.950000000000001, 0.950000000000003, 0.950000000000003, 0.950000000000003, 0.950000000000003, 0.950000000000003, 0.950000000000003, 0.950000000000003, 0.950000000000003, 0.950000000000003, 0.950000000000003, 0.950000000000003, 0.950000000000003, 0.950000000000003, 0.950000000000003, 0.950000000000003, 0.950000000000003, 0.950000000000003],
      "base": [0, 0, 0, 0, 0, 0, 0, 0, 0, 0, 0, 0, 0, 0, 0, 0, 0, 0, 0, 0, 0, 0, 0, 0, 0, 0, 0, 0, 0, 0, 0, 0, 0],
      "x": [1, 2, 3, 4, 5, 6, 7, 8, 9, 10, 11, 12, 13, 14, 15, 16, 17, 18, 19, 20, 21, 22, 23, 24, 25, 26, 27, 28, 29, 30, 31, 32, 33],
      "y": [0.412423625254582, 0.252545824847251, 0.247454175152749, 0.136456211812627, 0.126272912423625, 0.115071283095723, 0.108961303462322, 0.108961303462322, 0.106924643584521, 0.102851323828921, 0.0875763747454175, 0.0855397148676171, 0.0723014256619145, 0.0682281059063136, 0.0672097759674134, 0.0610997963340122, 0.060081466395112, 0.0519348268839104, 0.0417515274949083, 0.0397148676171079, 0.0386965376782077, 0.0376782077393075, 0.0254582484725051, 0.0254582484725051, 0.0193482688391039, 0.0152749490835031, 0.0112016293279022, 0.00814663951120163, 0.00610997963340122, 0.00610997963340122, 0.00509164969450102, 0.00407331975560081, 0.00203665987780041],
      "text": ["Category: Visualisation<br />Prop: 0.41242363<br />Count: 405<br />Percent: 41.2", "Category: Clustering<br />Prop: 0.25254582<br />Count: 248<br />Percent: 25.3", "Category: Dimensionality Reduction<br />Prop: 0.24745418<br />Count: 243<br />Percent: 24.7", "Category: Integration<br />Prop: 0.13645621<br />Count: 134<br />Percent: 13.6", "Category: Ordering<br />Prop: 0.12627291<br />Count: 124<br />Percent: 12.6", "Category: Differential Expression<br />Prop: 0.11507128<br />Count: 113<br />Percent: 11.5", "Category: Classification<br />Prop: 0.10896130<br />Count: 107<br />Percent: 10.9", "Category: Gene Networks<br />Prop: 0.10896130<br />Count: 107<br />Percent: 10.9", "Category: Normalisation<br />Prop: 0.10692464<br />Count: 105<br />Percent: 10.7", "Category: Quality Control<br />Prop: 0.10285132<br />Count: 101<br />Percent: 10.3", "Category: Interactive<br />Prop: 0.08757637<br />Count: 86<br />Percent: 8.8", "Category: Marker Genes<br />Prop: 0.08553971<br />Count: 84<br />Percent: 8.6", "Category: Imputation<br />Prop: 0.07230143<br />Count: 71<br />Percent: 7.2", "Category: Simulation<br />Prop: 0.06822811<br />Count: 67<br />Percent: 6.8", "Category: Gene Sets<br />Prop: 0.06720978<br />Count: 66<br />Percent: 6.7", "Category: Variable Genes<br />Prop: 0.06109980<br />Count: 60<br />Percent: 6.1", "Category: Quantification<br />Prop: 0.06008147<br />Count: 59<br />Percent: 6", "Category: Gene Filtering<br />Prop: 0.05193483<br />Count: 51<br />Percent: 5.2", "Category: Variants<br />Prop: 0.04175153<br />Count: 41<br />Percent: 4.2", "Category: UMIs<br />Prop: 0.03971487<br />Count: 39<br />Percent: 4", "Category: Alignment<br />Prop: 0.03869654<br />Count: 38<br />Percent: 3.9", "Category: Expression Patterns<br />Prop: 0.03767821<br />Count: 37<br />Percent: 3.8", "Category: Alternative Splicing<br />Prop: 0.02545825<br />Count: 25<br />Percent: 2.5", "Category: Cell Cycle<br />Prop: 0.02545825<br />Count: 25<br />Percent: 2.5", "Category: Immune<br />Prop: 0.01934827<br />Count: 19<br />Percent: 1.9", "Category: Perturbations<br />Prop: 0.01527495<br />Count: 15<br />Percent: 1.5", "Category: Rare Cells<br />Prop: 0.01120163<br />Count: 11<br />Percent: 1.1", "Category: Assembly<br />Prop: 0.00814664<br />Count: 8<br />Percent: 0.8", "Category: Allele Specific<br />Prop: 0.00610998<br />Count: 6<br />Percent: 0.6", "Category: Stem Cells<br />Prop: 0.00610998<br />Count: 6<br />Percent: 0.6", "Category: Modality<br />Prop: 0.00509165<br />Count: 5<br />Percent: 0.5", "Category: Transformation<br />Prop: 0.00407332<br />Count: 4<br />Percent: 0.4", "Category: Haplotypes<br />Prop: 0.00203666<br />Count: 2<br />Percent: 0.2"],
      "type": "bar",
      "marker": {
        "autocolorscale": false,
        "color": "rgba(122,82,199,1)",
        "line": {
          "width": 1.88976377952756,
          "color": "transparent"
        }
      },
      "showlegend": false,
      "xaxis": "x",
      "yaxis": "y",
      "hoverinfo": "text",
      "frame": null
    }
  ],
  "layout": {
    "margin": {
      "t": 0,
      "r": 10,
      "b": 0,
      "l": 55
    },
    "font": {
      "color": "rgba(0,0,0,1)",
      "family": "",
      "size": 18.5969281859693
    },
    "xaxis": {
      "domain": [0, 1],
      "automargin": true,
      "type": "linear",
      "autorange": false,
      "range": [0.4, 33.6],
      "tickmode": "array",
      "ticktext": ["Visualisation", "Clustering", "Dimensionality Reduction", "Integration", "Ordering", "Differential Expression", "Classification", "Gene Networks", "Normalisation", "Quality Control", "Interactive", "Marker Genes", "Imputation", "Simulation", "Gene Sets", "Variable Genes", "Quantification", "Gene Filtering", "Variants", "UMIs", "Alignment", "Expression Patterns", "Alternative Splicing", "Cell Cycle", "Immune", "Perturbations", "Rare Cells", "Assembly", "Allele Specific", "Stem Cells", "Modality", "Transformation", "Haplotypes"],
      "tickvals": [1, 2, 3, 4, 5, 6, 7, 8, 9, 10, 11, 12, 13, 14, 15, 16, 17, 18, 19, 20, 21, 22, 23, 24, 25, 26, 27, 28, 29, 30, 31, 32, 33],
      "categoryorder": "array",
      "categoryarray": ["Visualisation", "Clustering", "Dimensionality Reduction", "Integration", "Ordering", "Differential Expression", "Classification", "Gene Networks", "Normalisation", "Quality Control", "Interactive", "Marker Genes", "Imputation", "Simulation", "Gene Sets", "Variable Genes", "Quantification", "Gene Filtering", "Variants", "UMIs", "Alignment", "Expression Patterns", "Alternative Splicing", "Cell Cycle", "Immune", "Perturbations", "Rare Cells", "Assembly", "Allele Specific", "Stem Cells", "Modality", "Transformation", "Haplotypes"],
      "nticks": null,
      "ticks": "outside",
      "tickcolor": "rgba(0,0,0,1)",
      "ticklen": 4.64923204649232,
      "tickwidth": 0.66417600664176,
      "showticklabels": true,
      "tickfont": {
        "color": "rgba(0,0,0,1)",
        "family": "",
        "size": 7
      },
      "tickangle": -60,
      "showline": true,
      "linecolor": "rgba(0,0,0,1)",
      "linewidth": 0.66417600664176,
      "showgrid": false,
      "gridcolor": null,
      "gridwidth": 0,
      "zeroline": false,
      "anchor": "y",
      "title": {
        "text": "",
        "font": {
          "color": null,
          "family": null,
          "size": 9
        }
      },
      "hoverformat": ".2f",
      "fixedrange": true
    },
    "yaxis": {
      "domain": [0, 1],
      "automargin": true,
      "type": "linear",
      "autorange": false,
      "range": [-0.0206211812627291, 0.433044806517312],
      "tickmode": "array",
      "ticktext": ["0.0%", "10.0%", "20.0%", "30.0%", "40.0%"],
      "tickvals": [0, 0.1, 0.2, 0.3, 0.4],
      "categoryorder": "array",
      "categoryarray": ["0.0%", "10.0%", "20.0%", "30.0%", "40.0%"],
      "nticks": null,
      "ticks": "outside",
      "tickcolor": "rgba(0,0,0,1)",
      "ticklen": 4.64923204649232,
      "tickwidth": 0.66417600664176,
      "showticklabels": true,
      "tickfont": {
        "color": "rgba(0,0,0,1)",
        "family": "",
        "size": 7
      },
      "tickangle": -0,
      "showline": true,
      "linecolor": "rgba(0,0,0,1)",
      "linewidth": 0.66417600664176,
      "showgrid": false,
      "gridcolor": null,
      "gridwidth": 0,
      "zeroline": false,
      "anchor": "x",
      "title": {
        "text": "Percentage of tools",