{
  "data": [
    {
      "orientation": "v",
      "width": [0.95, 0.95, 0.95, 0.95, 0.949999999999999, 0.949999999999999, 0.949999999999999, 0.949999999999999, 0.949999999999999, 0.949999999999999, 0.949999999999999, 0.949999999999999, 0.949999999999999, 0.949999999999999, 0.949999999999999, 0.950000000000001, 0.950000000000003, 0.950000000000003, 0.950000000000003, 0.950000000000003, 0.950000000000003, 0.950000000000003, 0.950000000000003, 0.950000000000003, 0.950000000000003, 0.950000000000003, 0.950000000000003, 0.950000000000003, 0.950000000000003, 0.950000000000003, 0.950000000000003, 0.950000000000003],
      "base": [0, 0, 0, 0, 0, 0, 0, 0, 0, 0, 0, 0, 0, 0, 0, 0, 0, 0, 0, 0, 0, 0, 0, 0, 0, 0, 0, 0, 0, 0, 0, 0],
      "x": [1, 2, 3, 4, 5, 6, 7, 8, 9, 10, 11, 12, 13, 14, 15, 16, 17, 18, 19, 20, 21, 22, 23, 24, 25, 26, 27, 28, 29, 30, 31, 32],
      "y": [0.457905544147844, 0.273100616016427, 0.250513347022587, 0.162217659137577, 0.160164271047228, 0.131416837782341, 0.119096509240246, 0.117043121149897, 0.106776180698152, 0.104722792607803, 0.100616016427105, 0.0882956878850103, 0.082135523613963, 0.0759753593429158, 0.0739219712525667, 0.0718685831622177, 0.0718685831622177, 0.0595482546201232, 0.0574948665297741, 0.0554414784394251, 0.0431211498973306, 0.0349075975359343, 0.0287474332648871, 0.0205338809034908, 0.0205338809034908, 0.0143737166324435, 0.0123203285420945, 0.0102669404517454, 0.0082135523613963, 0.00616016427104723, 0.00616016427104723, 0.00410677618069815],
      "text": ["Category: Visualisation<br />Count: 223<br />Percent: 45.8", "Category: Clustering<br />Count: 133<br />Percent: 27.3", "Category: Dimensionality Reduction<br />Count: 122<br />Percent: 25.1", "Category: Normalisation<br />Count: 79<br />Percent: 16.2", "Category: Ordering<br />Count: 78<br />Percent: 16", "Category: Differential Expression<br />Count: 64<br />Percent: 13.1", "Category: Interactive<br />Count: 58<br />Percent: 11.9", "Category: Quality Control<br />Count: 57<br />Percent: 11.7", "Category: Gene Networks<br />Count: 52<br />Percent: 10.7", "Category: Integration<br />Count: 51<br />Percent: 10.5", "Category: Marker Genes<br />Count: 49<br />Percent: 10.1", "Category: Simulation<br />Count: 43<br />Percent: 8.8", "Category: Variable Genes<br />Count: 40<br />Percent: 8.2", "Category: Imputation<br />Count: 37<br />Percent: 7.6", "Category: Classification<br />Count: 36<br />Percent: 7.4", "Category: Gene Filtering<br />Count: 35<br />Percent: 7.2", "Category: Quantification<br />Count: 35<br />Percent: 7.2", "Category: UMIs<br />Count: 29<br />Percent: 6", "Category: Gene Sets<br />Count: 28<br />Percent: 5.7", "Category: Expression Patterns<br />Count: 27<br />Percent: 5.5", "Category: Alignment<br />Count: 21<br />Percent: 4.3", "Category: Variants<br />Count: 17<br />Percent: 3.5", "Category: Cell Cycle<br />Count: 14<br />Percent: 2.9", "Category: Alternative Splicing<br />Count: 10<br />Percent: 2.1", "Category: Immune<br />Count: 10<br />Percent: 2.1", "Category: Rare Cells<br />Count: 7<br />Percent: 1.4", "Category: Assembly<br />Count: 6<br />Percent: 1.2", "Category: Allele Specific<br />Count: 5<br />Percent: 1", "Category: Stem Cells<br />Count: 4<br />Percent: 0.8", "Category: Modality<br />Count: 3<br />Percent: 0.6", "Category: Transformation<br />Count: 3<br />Percent: 0.6", "Category: Haplotypes<br />Count: 2<br />Percent: 0.4"],
      "type": "bar",
      "marker": {
        "autocolorscale": false,
        "color": "rgba(122,82,199,1)",
        "line": {
          "width": 1.88976377952756,
          "color": "transparent"
        }
      },
      "showlegend": false,
      "xaxis": "x",
      "yaxis": "y",
      "hoverinfo": "text",
      "frame": null
    }
  ],
  "layout": {
    "margin": {
      "t": 50,
      "r": 30,
      "b": 50,
      "l": 70
    },
    "font": {
      "color": "rgba(0,0,0,1)",
      "family": "",
      "size": 18.5969281859693
    },
    "xaxis": {
      "domain": [0, 1],
      "automargin": true,
      "type": "linear",
      "autorange": false,
      "range": [0.4, 32.6],
      "tickmode": "array",
      "ticktext": ["Visualisation", "Clustering", "Dimensionality Reduction", "Normalisation", "Ordering", "Differential Expression", "Interactive", "Quality Control", "Gene Networks", "Integration", "Marker Genes", "Simulation", "Variable Genes", "Imputation", "Classification", "Gene Filtering", "Quantification", "UMIs", "Gene Sets", "Expression Patterns", "Alignment", "Variants", "Cell Cycle", "Alternative Splicing", "Immune", "Rare Cells", "Assembly", "Allele Specific", "Stem Cells", "Modality", "Transformation", "Haplotypes"],
      "tickvals": [1, 2, 3, 4, 5, 6, 7, 8, 9, 10, 11, 12, 13, 14, 15, 16, 17, 18, 19, 20, 21, 22, 23, 24, 25, 26, 27, 28, 29, 30, 31, 32],
      "categoryorder": "array",
      "categoryarray": ["Visualisation", "Clustering", "Dimensionality Reduction", "Normalisation", "Ordering", "Differential Expression", "Interactive", "Quality Control", "Gene Networks", "Integration", "Marker Genes", "Simulation", "Variable Genes", "Imputation", "Classification", "Gene Filtering", "Quantification", "UMIs", "Gene Sets", "Expression Patterns", "Alignment", "Variants", "Cell Cycle", "Alternative Splicing", "Immune", "Rare Cells", "Assembly", "Allele Specific", "Stem Cells", "Modality", "Transformation", "Haplotypes"],
      "nticks": null,
      "ticks": "outside",
      "tickcolor": "rgba(0,0,0,1)",
      "ticklen": 4.64923204649232,
      "tickwidth": 0.66417600664176,
      "showticklabels": true,
      "tickfont": {
        "color": "rgba(0,0,0,1)",
        "family": "",
        "size": 15.9402241594022
      },
      "tickangle": -60,
      "showline": true,
      "linecolor": "rgba(0,0,0,1)",
      "linewidth": 0.66417600664176,
      "showgrid": false,
      "gridcolor": null,
      "gridwidth": 0,
      "zeroline": false,
      "anchor": "y",
      "title": {
        "text": "",
        "font": {
          "color": null,
          "family": null,
          "size": 0
        }
      },
      "hoverformat": ".2f"
    },
    "yaxis": {
      "domain": [0, 1],
      "automargin": true,
      "type": "linear",
      "autorange": false,
      "range": [-0.0228952772073922, 0.480800821355236],
      "tickmode": "array",
      "ticktext": ["0.0%", "10.0%", "20.0%", "30.0%", "40.0%"],
      "tickvals": [0, 0.1, 0.2, 0.3, 0.4],
      "categoryorder": "array",
      "categoryarray": ["0.0%", "10.0%", "20.0%", "30.0%", "40.0%"],
      "nticks": null,
      "ticks": "outside",
      "tickcolor": "rgba(0,0,0,1)",
      "ticklen": 4.64923204649232,
      "tickwidth": 0.66417600664176,
      "showticklabels": true,
      "tickfont": {
        "color": "rgba(0,0,0,1)",
        "family": "",
        "size": 15.9402241594022
      },
      "tickangle": -0,
      "showline": true,
      "linecolor": "rgba(0,0,0,1)",
      "linewidth": 0.66417600664176,
      "showgrid": false,
      "gridcolor": null,
      "gridwidth": 0,
      "zeroline": false,
      "anchor": "x",
      "title": {
        "text": "Percentage of tools",
        "font": {
          "color": "rgba(0,0,0,1)",
          "family": "",
          "size": 18.5969281859693
        }
      },
      "hoverformat": ".2f"
    },
    "shapes": [
      {
        "type": "rect",
        "fillcolor": null,
        "line": {
          "color": null,
          "width": 0,
          "linetype": []
        },
        "yref": "paper",
        "xref": "paper",
        "x0": 0,
        "x1": 1,
        "y0": 0,
        "y1": 1
      }
    ],
    "showlegend": false,
    "legend": {
      "bgcolor": null,
      "bordercolor": null,
      "borderwidth": 0,
      "font": {
        "color": "rgba(0,0,0,1)",
        "family": "",
        "size": 15.9402241594022
      }
    },
    "hovermode": "closest",
    "height": 600,
    "barmode": "relative",
    "autosize": true
  },
  "config": {
    "doubleClick": "reset",
    "showSendToCloud": false,