{
  "data": [
    {
      "orientation": "v",
      "width": [0.95, 0.95, 0.95, 0.95, 0.949999999999999, 0.949999999999999, 0.949999999999999, 0.949999999999999, 0.949999999999999, 0.949999999999999, 0.949999999999999, 0.949999999999999, 0.949999999999999, 0.949999999999999, 0.949999999999999, 0.950000000000001, 0.950000000000003, 0.950000000000003, 0.950000000000003, 0.950000000000003, 0.950000000000003, 0.950000000000003, 0.950000000000003, 0.950000000000003, 0.950000000000003, 0.950000000000003, 0.950000000000003, 0.950000000000003, 0.950000000000003, 0.950000000000003, 0.950000000000003, 0.950000000000003],
      "base": [0, 0, 0, 0, 0, 0, 0, 0, 0, 0, 0, 0, 0, 0, 0, 0, 0, 0, 0, 0, 0, 0, 0, 0, 0, 0, 0, 0, 0, 0, 0, 0],
      "x": [1, 2, 3, 4, 5, 6, 7, 8, 9, 10, 11, 12, 13, 14, 15, 16, 17, 18, 19, 20, 21, 22, 23, 24, 25, 26, 27, 28, 29, 30, 31, 32],
      "y": [0.460084033613445, 0.26890756302521, 0.247899159663866, 0.165966386554622, 0.163865546218487, 0.134453781512605, 0.121848739495798, 0.119747899159664, 0.107142857142857, 0.105042016806723, 0.105042016806723, 0.0903361344537815, 0.0798319327731092, 0.0756302521008403, 0.0735294117647059, 0.0735294117647059, 0.069327731092437, 0.0609243697478992, 0.0567226890756303, 0.0567226890756303, 0.0441176470588235, 0.0357142857142857, 0.0273109243697479, 0.0210084033613445, 0.0168067226890756, 0.0126050420168067, 0.0126050420168067, 0.0105042016806723, 0.00630252100840336, 0.00630252100840336, 0.00630252100840336, 0.00420168067226891],
      "text": ["Category: Visualisation<br />Count: 219<br />Percent: 46", "Category: Clustering<br />Count: 128<br />Percent: 26.9", "Category: Dimensionality Reduction<br />Count: 118<br />Percent: 24.8", "Category: Normalisation<br />Count: 79<br />Percent: 16.6", "Category: Ordering<br />Count: 78<br />Percent: 16.4", "Category: Differential Expression<br />Count: 64<br />Percent: 13.4", "Category: Interactive<br />Count: 58<br />Percent: 12.2", "Category: Quality Control<br />Count: 57<br />Percent: 12", "Category: Gene Networks<br />Count: 51<br />Percent: 10.7", "Category: Integration<br />Count: 50<br />Percent: 10.5", "Category: Marker Genes<br />Count: 50<br />Percent: 10.5", "Category: Simulation<br />Count: 43<br />Percent: 9", "Category: Variable Genes<br />Count: 38<br />Percent: 8", "Category: Imputation<br />Count: 36<br />Percent: 7.6", "Category: Gene Filtering<br />Count: 35<br />Percent: 7.4", "Category: Quantification<br />Count: 35<br />Percent: 7.4", "Category: Classification<br />Count: 33<br />Percent: 6.9", "Category: UMIs<br />Count: 29<br />Percent: 6.1", "Category: Expression Patterns<br />Count: 27<br />Percent: 5.7", "Category: Gene Sets<br />Count: 27<br />Percent: 5.7", "Category: Alignment<br />Count: 21<br />Percent: 4.4", "Category: Variants<br />Count: 17<br />Percent: 3.6", "Category: Cell Cycle<br />Count: 13<br />Percent: 2.7", "Category: Immune<br />Count: 10<br />Percent: 2.1", "Category: Alternative Splicing<br />Count: 8<br />Percent: 1.7", "Category: Assembly<br />Count: 6<br />Percent: 1.3", "Category: Rare Cells<br />Count: 6<br />Percent: 1.3", "Category: Allele Specific<br />Count: 5<br />Percent: 1.1", "Category: Modality<br />Count: 3<br />Percent: 0.6", "Category: Stem Cells<br />Count: 3<br />Percent: 0.6", "Category: Transformation<br />Count: 3<br />Percent: 0.6", "Category: Haplotypes<br />Count: 2<br />Percent: 0.4"],
      "type": "bar",
      "marker": {
        "autocolorscale": false,
        "color": "rgba(122,82,199,1)",
        "line": {
          "width": 1.88976377952756,
          "color": "transparent"
        }
      },
      "showlegend": false,
      "xaxis": "x",
      "yaxis": "y",
      "hoverinfo": "text",
      "frame": null
    }
  ],
  "layout": {
    "margin": {
      "t": 50,
      "r": 10,
      "b": 20,
      "l": 80
    },
    "font": {
      "color": "rgba(0,0,0,1)",
      "family": "",
      "size": 18.5969281859693
    },
    "title": {
      "text": "<b> Categories <\/b>",
      "font": {
        "color": "rgba(0,0,0,1)",
        "family": "",
        "size": 26.5670402656704
      },
      "x": 0.5,
      "xref": "paper"
    },
    "xaxis": {
      "domain": [0, 1],
      "automargin": true,
      "type": "linear",
      "autorange": false,
      "range": [0.4, 32.6],
      "tickmode": "array",
      "ticktext": ["Visualisation", "Clustering", "Dimensionality Reduction", "Normalisation", "Ordering", "Differential Expression", "Interactive", "Quality Control", "Gene Networks", "Integration", "Marker Genes", "Simulation", "Variable Genes", "Imputation", "Gene Filtering", "Quantification", "Classification", "UMIs", "Expression Patterns", "Gene Sets", "Alignment", "Variants", "Cell Cycle", "Immune", "Alternative Splicing", "Assembly", "Rare Cells", "Allele Specific", "Modality", "Stem Cells", "Transformation", "Haplotypes"],
      "tickvals": [1, 2, 3, 4, 5, 6, 7, 8, 9, 10, 11, 12, 13, 14, 15, 16, 17, 18, 19, 20, 21, 22, 23, 24, 25, 26, 27, 28, 29, 30, 31, 32],
      "categoryorder": "array",
      "categoryarray": ["Visualisation", "Clustering", "Dimensionality Reduction", "Normalisation", "Ordering", "Differential Expression", "Interactive", "Quality Control", "Gene Networks", "Integration", "Marker Genes", "Simulation", "Variable Genes", "Imputation", "Gene Filtering", "Quantification", "Classification", "UMIs", "Expression Patterns", "Gene Sets", "Alignment", "Variants", "Cell Cycle", "Immune", "Alternative Splicing", "Assembly", "Rare Cells", "Allele Specific", "Modality", "Stem Cells", "Transformation", "Haplotypes"],
      "nticks": null,
      "ticks": "outside",
      "tickcolor": "rgba(0,0,0,1)",
      "ticklen": 4.64923204649232,
      "tickwidth": 0.66417600664176,
      "showticklabels": true,
      "tickfont": {
        "color": "rgba(0,0,0,1)",
        "family": "",
        "size": 15.9402241594022
      },
      "tickangle": -60,
      "showline": true,
      "linecolor": "rgba(0,0,0,1)",
      "linewidth": 0.66417600664176,
      "showgrid": false,
      "gridcolor": null,
      "gridwidth": 0,
      "zeroline": false,
      "anchor": "y",
      "title": {
        "text": "",
        "font": {
          "color": null,
          "family": null,
          "size": 0
        }
      },
      "hoverformat": ".2f"
    },
    "yaxis": {
      "domain": [0, 1],
      "automargin": true,
      "type": "linear",
      "autorange": false,
      "range": [-0.0230042016806723, 0.483088235294118],
      "tickmode": "array",
      "ticktext": ["0.0%", "10.0%", "20.0%", "30.0%", "40.0%"],
      "tickvals": [0, 0.1, 0.2, 0.3, 0.4],
      "categoryorder": "array",
      "categoryarray": ["0.0%", "10.0%", "20.0%", "30.0%", "40.0%"],
      "nticks": null,
      "ticks": "outside",
      "tickcolor": "rgba(0,0,0,1)",
      "ticklen": 4.64923204649232,
      "tickwidth": 0.66417600664176,
      "showticklabels": true,
      "tickfont": {
        "color": "rgba(0,0,0,1)",
        "family": "",
        "size": 15.9402241594022
      },
      "tickangle": -0,
      "showline": true,
      "linecolor": "rgba(0,0,0,1)",
      "linewidth": 0.66417600664176,
      "showgrid": false,
      "gridcolor": null,
      "gridwidth": 0,
      "zeroline": false,
      "anchor": "x",
      "title": {
        "text": "Percentage of tools",
        "font": {
          "color": "rgba(0,0,0,1)",
          "family": "",
          "size": 18.5969281859693
        }
      },
      "hoverformat": ".2f"
    },
    "shapes": [
      {
        "type": "rect",
        "fillcolor": null,
        "line": {
          "color": null,
          "width": 0,
          "linetype": []
        },
        "yref": "paper",
        "xref": "paper",
        "x0": 0,
        "x1": 1,
        "y0": 0,
        "y1": 1
      }
    ],
    "showlegend": false,
    "legend": {
      "bgcolor": null,
      "bordercolor": null,
      "borderwidth": 0,
      "font": {
        "color": "rgba(0,0,0,1)",
        "family": "",