{
  "data": [
    {
      "orientation": "v",
      "width": [0.95, 0.95, 0.95, 0.95, 0.949999999999999, 0.949999999999999, 0.949999999999999, 0.949999999999999, 0.949999999999999, 0.949999999999999, 0.949999999999999, 0.949999999999999, 0.949999999999999, 0.949999999999999, 0.949999999999999, 0.950000000000001, 0.950000000000003, 0.950000000000003, 0.950000000000003, 0.950000000000003, 0.950000000000003, 0.950000000000003, 0.950000000000003, 0.950000000000003, 0.950000000000003, 0.950000000000003, 0.950000000000003, 0.950000000000003, 0.950000000000003, 0.950000000000003, 0.950000000000003, 0.950000000000003],
      "base": [0, 0, 0, 0, 0, 0, 0, 0, 0, 0, 0, 0, 0, 0, 0, 0, 0, 0, 0, 0, 0, 0, 0, 0, 0, 0, 0, 0, 0, 0, 0, 0],
      "x": [1, 2, 3, 4, 5, 6, 7, 8, 9, 10, 11, 12, 13, 14, 15, 16, 17, 18, 19, 20, 21, 22, 23, 24, 25, 26, 27, 28, 29, 30, 31, 32],
      "y": [0.456611570247934, 0.272727272727273, 0.25, 0.163223140495868, 0.161157024793388, 0.132231404958678, 0.119834710743802, 0.117768595041322, 0.107438016528926, 0.103305785123967, 0.101239669421488, 0.0888429752066116, 0.0826446280991736, 0.0764462809917355, 0.0723140495867769, 0.0723140495867769, 0.0702479338842975, 0.0599173553719008, 0.0578512396694215, 0.0557851239669422, 0.0433884297520661, 0.0351239669421488, 0.0289256198347107, 0.0206611570247934, 0.0206611570247934, 0.012396694214876, 0.012396694214876, 0.0103305785123967, 0.00826446280991736, 0.00619834710743802, 0.00619834710743802, 0.00413223140495868],
      "text": ["Category: Visualisation<br />Count: 221<br />Percent: 45.7", "Category: Clustering<br />Count: 132<br />Percent: 27.3", "Category: Dimensionality Reduction<br />Count: 121<br />Percent: 25", "Category: Normalisation<br />Count: 79<br />Percent: 16.3", "Category: Ordering<br />Count: 78<br />Percent: 16.1", "Category: Differential Expression<br />Count: 64<br />Percent: 13.2", "Category: Interactive<br />Count: 58<br />Percent: 12", "Category: Quality Control<br />Count: 57<br />Percent: 11.8", "Category: Gene Networks<br />Count: 52<br />Percent: 10.7", "Category: Integration<br />Count: 50<br />Percent: 10.3", "Category: Marker Genes<br />Count: 49<br />Percent: 10.1", "Category: Simulation<br />Count: 43<br />Percent: 8.9", "Category: Variable Genes<br />Count: 40<br />Percent: 8.3", "Category: Imputation<br />Count: 37<br />Percent: 7.6", "Category: Gene Filtering<br />Count: 35<br />Percent: 7.2", "Category: Quantification<br />Count: 35<br />Percent: 7.2", "Category: Classification<br />Count: 34<br />Percent: 7", "Category: UMIs<br />Count: 29<br />Percent: 6", "Category: Gene Sets<br />Count: 28<br />Percent: 5.8", "Category: Expression Patterns<br />Count: 27<br />Percent: 5.6", "Category: Alignment<br />Count: 21<br />Percent: 4.3", "Category: Variants<br />Count: 17<br />Percent: 3.5", "Category: Cell Cycle<br />Count: 14<br />Percent: 2.9", "Category: Alternative Splicing<br />Count: 10<br />Percent: 2.1", "Category: Immune<br />Count: 10<br />Percent: 2.1", "Category: Assembly<br />Count: 6<br />Percent: 1.2", "Category: Rare Cells<br />Count: 6<br />Percent: 1.2", "Category: Allele Specific<br />Count: 5<br />Percent: 1", "Category: Stem Cells<br />Count: 4<br />Percent: 0.8", "Category: Modality<br />Count: 3<br />Percent: 0.6", "Category: Transformation<br />Count: 3<br />Percent: 0.6", "Category: Haplotypes<br />Count: 2<br />Percent: 0.4"],
      "type": "bar",
      "marker": {
        "autocolorscale": false,
        "color": "rgba(122,82,199,1)",
        "line": {
          "width": 1.88976377952756,
          "color": "transparent"
        }
      },
      "showlegend": false,
      "xaxis": "x",
      "yaxis": "y",
      "hoverinfo": "text",
      "frame": null
    }
  ],
  "layout": {
    "margin": {
      "t": 50,
      "r": 10,
      "b": 20,
      "l": 80
    },
    "font": {
      "color": "rgba(0,0,0,1)",
      "family": "",
      "size": 18.5969281859693
    },
    "title": {
      "text": "<b> Categories <\/b>",
      "font": {
        "color": "rgba(0,0,0,1)",
        "family": "",
        "size": 26.5670402656704
      },
      "x": 0.5,
      "xref": "paper"
    },
    "xaxis": {
      "domain": [0, 1],
      "automargin": true,
      "type": "linear",
      "autorange": false,
      "range": [0.4, 32.6],
      "tickmode": "array",
      "ticktext": ["Visualisation", "Clustering", "Dimensionality Reduction", "Normalisation", "Ordering", "Differential Expression", "Interactive", "Quality Control", "Gene Networks", "Integration", "Marker Genes", "Simulation", "Variable Genes", "Imputation", "Gene Filtering", "Quantification", "Classification", "UMIs", "Gene Sets", "Expression Patterns", "Alignment", "Variants", "Cell Cycle", "Alternative Splicing", "Immune", "Assembly", "Rare Cells", "Allele Specific", "Stem Cells", "Modality", "Transformation", "Haplotypes"],
      "tickvals": [1, 2, 3, 4, 5, 6, 7, 8, 9, 10, 11, 12, 13, 14, 15, 16, 17, 18, 19, 20, 21, 22, 23, 24, 25, 26, 27, 28, 29, 30, 31, 32],
      "categoryorder": "array",
      "categoryarray": ["Visualisation", "Clustering", "Dimensionality Reduction", "Normalisation", "Ordering", "Differential Expression", "Interactive", "Quality Control", "Gene Networks", "Integration", "Marker Genes", "Simulation", "Variable Genes", "Imputation", "Gene Filtering", "Quantification", "Classification", "UMIs", "Gene Sets", "Expression Patterns", "Alignment", "Variants", "Cell Cycle", "Alternative Splicing", "Immune", "Assembly", "Rare Cells", "Allele Specific", "Stem Cells", "Modality", "Transformation", "Haplotypes"],
      "nticks": null,
      "ticks": "outside",
      "tickcolor": "rgba(0,0,0,1)",
      "ticklen": 4.64923204649232,
      "tickwidth": 0.66417600664176,
      "showticklabels": true,
      "tickfont": {
        "color": "rgba(0,0,0,1)",
        "family": "",
        "size": 15.9402241594022
      },
      "tickangle": -60,
      "showline": true,
      "linecolor": "rgba(0,0,0,1)",
      "linewidth": 0.66417600664176,
      "showgrid": false,
      "gridcolor": null,
      "gridwidth": 0,
      "zeroline": false,
      "anchor": "y",
      "title": {
        "text": "",
        "font": {
          "color": null,
          "family": null,
          "size": 0
        }
      },
      "hoverformat": ".2f"
    },
    "yaxis": {
      "domain": [0, 1],
      "automargin": true,
      "type": "linear",
      "autorange": false,
      "range": [-0.0228305785123967, 0.479442148760331],
      "tickmode": "array",
      "ticktext": ["0.0%", "10.0%", "20.0%", "30.0%", "40.0%"],
      "tickvals": [0, 0.1, 0.2, 0.3, 0.4],
      "categoryorder": "array",
      "categoryarray": ["0.0%", "10.0%", "20.0%", "30.0%", "40.0%"],
      "nticks": null,
      "ticks": "outside",
      "tickcolor": "rgba(0,0,0,1)",
      "ticklen": 4.64923204649232,
      "tickwidth": 0.66417600664176,
      "showticklabels": true,
      "tickfont": {
        "color": "rgba(0,0,0,1)",
        "family": "",
        "size": 15.9402241594022
      },
      "tickangle": -0,
      "showline": true,
      "linecolor": "rgba(0,0,0,1)",
      "linewidth": 0.66417600664176,
      "showgrid": false,
      "gridcolor": null,
      "gridwidth": 0,
      "zeroline": false,
      "anchor": "x",
      "title": {
        "text": "Percentage of tools",
        "font": {
          "color": "rgba(0,0,0,1)",
          "family": "",
          "size": 18.5969281859693
        }
      },
      "hoverformat": ".2f"
    },
    "shapes": [
      {
        "type": "rect",
        "fillcolor": null,
        "line": {
          "color": null,
          "width": 0,
          "linetype": []
        },
        "yref": "paper",
        "xref": "paper",
        "x0": 0,
        "x1": 1,
        "y0": 0,
        "y1": 1
      }
    ],
    "showlegend": false,
    "legend": {
      "bgcolor": null,
      "bordercolor": null,
      "borderwidth": 0,
      "font": {
        "color": "rgba(0,0,0,1)",
        "family": "",