{
  "data": [
    {
      "orientation": "v",
      "width": [0.95, 0.95, 0.95, 0.95, 0.949999999999999, 0.949999999999999, 0.949999999999999, 0.949999999999999, 0.949999999999999, 0.949999999999999, 0.949999999999999, 0.949999999999999, 0.949999999999999, 0.949999999999999, 0.949999999999999, 0.950000000000001, 0.950000000000003, 0.950000000000003, 0.950000000000003, 0.950000000000003, 0.950000000000003, 0.950000000000003, 0.950000000000003, 0.950000000000003, 0.950000000000003, 0.950000000000003, 0.950000000000003, 0.950000000000003, 0.950000000000003, 0.950000000000003, 0.950000000000003, 0.950000000000003],
      "base": [0, 0, 0, 0, 0, 0, 0, 0, 0, 0, 0, 0, 0, 0, 0, 0, 0, 0, 0, 0, 0, 0, 0, 0, 0, 0, 0, 0, 0, 0, 0, 0],
      "x": [1, 2, 3, 4, 5, 6, 7, 8, 9, 10, 11, 12, 13, 14, 15, 16, 17, 18, 19, 20, 21, 22, 23, 24, 25, 26, 27, 28, 29, 30, 31, 32],
      "y": [0.45841784989858, 0.275862068965517, 0.247464503042596, 0.160243407707911, 0.158215010141988, 0.129817444219067, 0.119675456389452, 0.119675456389452, 0.107505070993915, 0.103448275862069, 0.103448275862069, 0.0872210953346856, 0.0811359026369168, 0.077079107505071, 0.0750507099391481, 0.0730223123732252, 0.0709939148073022, 0.0588235294117647, 0.0567951318458418, 0.0547667342799189, 0.0425963488843813, 0.0344827586206897, 0.0283975659229209, 0.0202839756592292, 0.0202839756592292, 0.0141987829614604, 0.0121703853955375, 0.0101419878296146, 0.00811359026369168, 0.00608519269776876, 0.00608519269776876, 0.00405679513184584],
      "text": ["Category: Visualisation<br />Prop: 0.458417850<br />Count: 226<br />Percent: 45.8", "Category: Clustering<br />Prop: 0.275862069<br />Count: 136<br />Percent: 27.6", "Category: Dimensionality Reduction<br />Prop: 0.247464503<br />Count: 122<br />Percent: 24.7", "Category: Normalisation<br />Prop: 0.160243408<br />Count: 79<br />Percent: 16", "Category: Ordering<br />Prop: 0.158215010<br />Count: 78<br />Percent: 15.8", "Category: Differential Expression<br />Prop: 0.129817444<br />Count: 64<br />Percent: 13", "Category: Interactive<br />Prop: 0.119675456<br />Count: 59<br />Percent: 12", "Category: Quality Control<br />Prop: 0.119675456<br />Count: 59<br />Percent: 12", "Category: Gene Networks<br />Prop: 0.107505071<br />Count: 53<br />Percent: 10.8", "Category: Integration<br />Prop: 0.103448276<br />Count: 51<br />Percent: 10.3", "Category: Marker Genes<br />Prop: 0.103448276<br />Count: 51<br />Percent: 10.3", "Category: Simulation<br />Prop: 0.087221095<br />Count: 43<br />Percent: 8.7", "Category: Variable Genes<br />Prop: 0.081135903<br />Count: 40<br />Percent: 8.1", "Category: Classification<br />Prop: 0.077079108<br />Count: 38<br />Percent: 7.7", "Category: Imputation<br />Prop: 0.075050710<br />Count: 37<br />Percent: 7.5", "Category: Gene Filtering<br />Prop: 0.073022312<br />Count: 36<br />Percent: 7.3", "Category: Quantification<br />Prop: 0.070993915<br />Count: 35<br />Percent: 7.1", "Category: UMIs<br />Prop: 0.058823529<br />Count: 29<br />Percent: 5.9", "Category: Gene Sets<br />Prop: 0.056795132<br />Count: 28<br />Percent: 5.7", "Category: Expression Patterns<br />Prop: 0.054766734<br />Count: 27<br />Percent: 5.5", "Category: Alignment<br />Prop: 0.042596349<br />Count: 21<br />Percent: 4.3", "Category: Variants<br />Prop: 0.034482759<br />Count: 17<br />Percent: 3.4", "Category: Cell Cycle<br />Prop: 0.028397566<br />Count: 14<br />Percent: 2.8", "Category: Alternative Splicing<br />Prop: 0.020283976<br />Count: 10<br />Percent: 2", "Category: Immune<br />Prop: 0.020283976<br />Count: 10<br />Percent: 2", "Category: Rare Cells<br />Prop: 0.014198783<br />Count: 7<br />Percent: 1.4", "Category: Assembly<br />Prop: 0.012170385<br />Count: 6<br />Percent: 1.2", "Category: Allele Specific<br />Prop: 0.010141988<br />Count: 5<br />Percent: 1", "Category: Stem Cells<br />Prop: 0.008113590<br />Count: 4<br />Percent: 0.8", "Category: Modality<br />Prop: 0.006085193<br />Count: 3<br />Percent: 0.6", "Category: Transformation<br />Prop: 0.006085193<br />Count: 3<br />Percent: 0.6", "Category: Haplotypes<br />Prop: 0.004056795<br />Count: 2<br />Percent: 0.4"],
      "type": "bar",
      "marker": {
        "autocolorscale": false,
        "color": "rgba(122,82,199,1)",
        "line": {
          "width": 1.88976377952756,
          "color": "transparent"
        }
      },
      "showlegend": false,
      "xaxis": "x",
      "yaxis": "y",
      "hoverinfo": "text",
      "frame": null
    }
  ],
  "layout": {
    "margin": {
      "t": 0,
      "r": 10,
      "b": 0,
      "l": 55
    },
    "font": {
      "color": "rgba(0,0,0,1)",
      "family": "",
      "size": 18.5969281859693
    },
    "xaxis": {
      "domain": [0, 1],
      "automargin": true,
      "type": "linear",
      "autorange": false,
      "range": [0.4, 32.6],
      "tickmode": "array",
      "ticktext": ["Visualisation", "Clustering", "Dimensionality Reduction", "Normalisation", "Ordering", "Differential Expression", "Interactive", "Quality Control", "Gene Networks", "Integration", "Marker Genes", "Simulation", "Variable Genes", "Classification", "Imputation", "Gene Filtering", "Quantification", "UMIs", "Gene Sets", "Expression Patterns", "Alignment", "Variants", "Cell Cycle", "Alternative Splicing", "Immune", "Rare Cells", "Assembly", "Allele Specific", "Stem Cells", "Modality", "Transformation", "Haplotypes"],
      "tickvals": [1, 2, 3, 4, 5, 6, 7, 8, 9, 10, 11, 12, 13, 14, 15, 16, 17, 18, 19, 20, 21, 22, 23, 24, 25, 26, 27, 28, 29, 30, 31, 32],
      "categoryorder": "array",
      "categoryarray": ["Visualisation", "Clustering", "Dimensionality Reduction", "Normalisation", "Ordering", "Differential Expression", "Interactive", "Quality Control", "Gene Networks", "Integration", "Marker Genes", "Simulation", "Variable Genes", "Classification", "Imputation", "Gene Filtering", "Quantification", "UMIs", "Gene Sets", "Expression Patterns", "Alignment", "Variants", "Cell Cycle", "Alternative Splicing", "Immune", "Rare Cells", "Assembly", "Allele Specific", "Stem Cells", "Modality", "Transformation", "Haplotypes"],
      "nticks": null,
      "ticks": "outside",
      "tickcolor": "rgba(0,0,0,1)",
      "ticklen": 4.64923204649232,
      "tickwidth": 0.66417600664176,
      "showticklabels": true,
      "tickfont": {
        "color": "rgba(0,0,0,1)",
        "family": "",
        "size": 7
      },
      "tickangle": -60,
      "showline": true,
      "linecolor": "rgba(0,0,0,1)",
      "linewidth": 0.66417600664176,
      "showgrid": false,
      "gridcolor": null,
      "gridwidth": 0,
      "zeroline": false,
      "anchor": "y",
      "title": {
        "text": "",
        "font": {
          "color": null,
          "family": null,
          "size": 9
        }
      },
      "hoverformat": ".2f",
      "fixedrange": true
    },
    "yaxis": {
      "domain": [0, 1],
      "automargin": true,
      "type": "linear",
      "autorange": false,
      "range": [-0.022920892494929, 0.481338742393509],
      "tickmode": "array",
      "ticktext": ["0.0%", "10.0%", "20.0%", "30.0%", "40.0%"],
      "tickvals": [0, 0.1, 0.2, 0.3, 0.4],
      "categoryorder": "array",
      "categoryarray": ["0.0%", "10.0%", "20.0%", "30.0%", "40.0%"],
      "nticks": null,
      "ticks": "outside",
      "tickcolor": "rgba(0,0,0,1)",
      "ticklen": 4.64923204649232,
      "tickwidth": 0.66417600664176,
      "showticklabels": true,
      "tickfont": {
        "color": "rgba(0,0,0,1)",
        "family": "",
        "size": 7
      },
      "tickangle": -0,
      "showline": true,
      "linecolor": "rgba(0,0,0,1)",
      "linewidth": 0.66417600664176,
      "showgrid": false,
      "gridcolor": null,
      "gridwidth": 0,
      "zeroline": false,
      "anchor": "x",
      "title": {
        "text": "Percentage of tools",
        "font": {
          "color": "rgba(0,0,0,1)",
          "family": "",
          "size": 9
        }
      },
      "hoverformat": ".2f",