{
  "data": [
    {
      "orientation": "v",
      "width": [0.95, 0.95, 0.95, 0.95, 0.949999999999999, 0.949999999999999, 0.949999999999999, 0.949999999999999, 0.949999999999999, 0.949999999999999, 0.949999999999999, 0.949999999999999, 0.949999999999999, 0.949999999999999, 0.949999999999999, 0.950000000000001, 0.950000000000003, 0.950000000000003, 0.950000000000003, 0.950000000000003, 0.950000000000003, 0.950000000000003, 0.950000000000003, 0.950000000000003, 0.950000000000003, 0.950000000000003, 0.950000000000003, 0.950000000000003, 0.950000000000003, 0.950000000000003, 0.950000000000003, 0.950000000000003],
      "base": [0, 0, 0, 0, 0, 0, 0, 0, 0, 0, 0, 0, 0, 0, 0, 0, 0, 0, 0, 0, 0, 0, 0, 0, 0, 0, 0, 0, 0, 0, 0, 0],
      "x": [1, 2, 3, 4, 5, 6, 7, 8, 9, 10, 11, 12, 13, 14, 15, 16, 17, 18, 19, 20, 21, 22, 23, 24, 25, 26, 27, 28, 29, 30, 31, 32],
      "y": [0.455823293172691, 0.275100401606426, 0.244979919678715, 0.15863453815261, 0.156626506024096, 0.1285140562249, 0.118473895582329, 0.118473895582329, 0.108433734939759, 0.106425702811245, 0.106425702811245, 0.0903614457831325, 0.0803212851405622, 0.0783132530120482, 0.0742971887550201, 0.072289156626506, 0.070281124497992, 0.0602409638554217, 0.0582329317269076, 0.0542168674698795, 0.0421686746987952, 0.034136546184739, 0.0281124497991968, 0.0200803212851406, 0.0200803212851406, 0.0140562248995984, 0.0120481927710843, 0.0100401606425703, 0.00803212851405622, 0.00602409638554217, 0.00602409638554217, 0.00401606425702811],
      "text": ["Category: Visualisation<br />Prop: 0.455823293<br />Count: 227<br />Percent: 45.6", "Category: Clustering<br />Prop: 0.275100402<br />Count: 137<br />Percent: 27.5", "Category: Dimensionality Reduction<br />Prop: 0.244979920<br />Count: 122<br />Percent: 24.5", "Category: Normalisation<br />Prop: 0.158634538<br />Count: 79<br />Percent: 15.9", "Category: Ordering<br />Prop: 0.156626506<br />Count: 78<br />Percent: 15.7", "Category: Differential Expression<br />Prop: 0.128514056<br />Count: 64<br />Percent: 12.9", "Category: Interactive<br />Prop: 0.118473896<br />Count: 59<br />Percent: 11.8", "Category: Quality Control<br />Prop: 0.118473896<br />Count: 59<br />Percent: 11.8", "Category: Gene Networks<br />Prop: 0.108433735<br />Count: 54<br />Percent: 10.8", "Category: Integration<br />Prop: 0.106425703<br />Count: 53<br />Percent: 10.6", "Category: Marker Genes<br />Prop: 0.106425703<br />Count: 53<br />Percent: 10.6", "Category: Simulation<br />Prop: 0.090361446<br />Count: 45<br />Percent: 9", "Category: Variable Genes<br />Prop: 0.080321285<br />Count: 40<br />Percent: 8", "Category: Classification<br />Prop: 0.078313253<br />Count: 39<br />Percent: 7.8", "Category: Imputation<br />Prop: 0.074297189<br />Count: 37<br />Percent: 7.4", "Category: Gene Filtering<br />Prop: 0.072289157<br />Count: 36<br />Percent: 7.2", "Category: Quantification<br />Prop: 0.070281124<br />Count: 35<br />Percent: 7", "Category: Gene Sets<br />Prop: 0.060240964<br />Count: 30<br />Percent: 6", "Category: UMIs<br />Prop: 0.058232932<br />Count: 29<br />Percent: 5.8", "Category: Expression Patterns<br />Prop: 0.054216867<br />Count: 27<br />Percent: 5.4", "Category: Alignment<br />Prop: 0.042168675<br />Count: 21<br />Percent: 4.2", "Category: Variants<br />Prop: 0.034136546<br />Count: 17<br />Percent: 3.4", "Category: Cell Cycle<br />Prop: 0.028112450<br />Count: 14<br />Percent: 2.8", "Category: Alternative Splicing<br />Prop: 0.020080321<br />Count: 10<br />Percent: 2", "Category: Immune<br />Prop: 0.020080321<br />Count: 10<br />Percent: 2", "Category: Rare Cells<br />Prop: 0.014056225<br />Count: 7<br />Percent: 1.4", "Category: Assembly<br />Prop: 0.012048193<br />Count: 6<br />Percent: 1.2", "Category: Allele Specific<br />Prop: 0.010040161<br />Count: 5<br />Percent: 1", "Category: Stem Cells<br />Prop: 0.008032129<br />Count: 4<br />Percent: 0.8", "Category: Modality<br />Prop: 0.006024096<br />Count: 3<br />Percent: 0.6", "Category: Transformation<br />Prop: 0.006024096<br />Count: 3<br />Percent: 0.6", "Category: Haplotypes<br />Prop: 0.004016064<br />Count: 2<br />Percent: 0.4"],
      "type": "bar",
      "marker": {
        "autocolorscale": false,
        "color": "rgba(122,82,199,1)",
        "line": {
          "width": 1.88976377952756,
          "color": "transparent"
        }
      },
      "showlegend": false,
      "xaxis": "x",
      "yaxis": "y",
      "hoverinfo": "text",
      "frame": null
    }
  ],
  "layout": {
    "margin": {
      "t": 0,
      "r": 10,
      "b": 0,
      "l": 55
    },
    "font": {
      "color": "rgba(0,0,0,1)",
      "family": "",
      "size": 18.5969281859693
    },
    "xaxis": {
      "domain": [0, 1],
      "automargin": true,
      "type": "linear",
      "autorange": false,
      "range": [0.4, 32.6],
      "tickmode": "array",
      "ticktext": ["Visualisation", "Clustering", "Dimensionality Reduction", "Normalisation", "Ordering", "Differential Expression", "Interactive", "Quality Control", "Gene Networks", "Integration", "Marker Genes", "Simulation", "Variable Genes", "Classification", "Imputation", "Gene Filtering", "Quantification", "Gene Sets", "UMIs", "Expression Patterns", "Alignment", "Variants", "Cell Cycle", "Alternative Splicing", "Immune", "Rare Cells", "Assembly", "Allele Specific", "Stem Cells", "Modality", "Transformation", "Haplotypes"],
      "tickvals": [1, 2, 3, 4, 5, 6, 7, 8, 9, 10, 11, 12, 13, 14, 15, 16, 17, 18, 19, 20, 21, 22, 23, 24, 25, 26, 27, 28, 29, 30, 31, 32],
      "categoryorder": "array",
      "categoryarray": ["Visualisation", "Clustering", "Dimensionality Reduction", "Normalisation", "Ordering", "Differential Expression", "Interactive", "Quality Control", "Gene Networks", "Integration", "Marker Genes", "Simulation", "Variable Genes", "Classification", "Imputation", "Gene Filtering", "Quantification", "Gene Sets", "UMIs", "Expression Patterns", "Alignment", "Variants", "Cell Cycle", "Alternative Splicing", "Immune", "Rare Cells", "Assembly", "Allele Specific", "Stem Cells", "Modality", "Transformation", "Haplotypes"],
      "nticks": null,
      "ticks": "outside",
      "tickcolor": "rgba(0,0,0,1)",
      "ticklen": 4.64923204649232,
      "tickwidth": 0.66417600664176,
      "showticklabels": true,
      "tickfont": {
        "color": "rgba(0,0,0,1)",
        "family": "",
        "size": 7
      },
      "tickangle": -60,
      "showline": true,
      "linecolor": "rgba(0,0,0,1)",
      "linewidth": 0.66417600664176,
      "showgrid": false,
      "gridcolor": null,
      "gridwidth": 0,
      "zeroline": false,
      "anchor": "y",
      "title": {
        "text": "",
        "font": {
          "color": null,
          "family": null,
          "size": 9
        }
      },
      "hoverformat": ".2f",
      "fixedrange": true
    },
    "yaxis": {
      "domain": [0, 1],
      "automargin": true,
      "type": "linear",
      "autorange": false,
      "range": [-0.0227911646586345, 0.478614457831325],
      "tickmode": "array",
      "ticktext": ["0.0%", "10.0%", "20.0%", "30.0%", "40.0%"],
      "tickvals": [0, 0.1, 0.2, 0.3, 0.4],
      "categoryorder": "array",
      "categoryarray": ["0.0%", "10.0%", "20.0%", "30.0%", "40.0%"],
      "nticks": null,
      "ticks": "outside",
      "tickcolor": "rgba(0,0,0,1)",
      "ticklen": 4.64923204649232,
      "tickwidth": 0.66417600664176,
      "showticklabels": true,
      "tickfont": {
        "color": "rgba(0,0,0,1)",
        "family": "",
        "size": 7
      },
      "tickangle": -0,
      "showline": true,
      "linecolor": "rgba(0,0,0,1)",
      "linewidth": 0.66417600664176,
      "showgrid": false,
      "gridcolor": null,
      "gridwidth": 0,
      "zeroline": false,
      "anchor": "x",
      "title": {
        "text": "Percentage of tools",
        "font": {
          "color": "rgba(0,0,0,1)",
          "family": "",
          "size": 9
        }
      },
      "hoverformat": ".2f",