{
  "data": [
    {
      "orientation": "v",
      "width": [0.95, 0.95, 0.95, 0.95, 0.949999999999999, 0.949999999999999, 0.949999999999999, 0.949999999999999, 0.949999999999999, 0.949999999999999, 0.949999999999999, 0.949999999999999, 0.949999999999999, 0.949999999999999, 0.949999999999999, 0.950000000000001, 0.950000000000003, 0.950000000000003, 0.950000000000003, 0.950000000000003, 0.950000000000003, 0.950000000000003, 0.950000000000003, 0.950000000000003, 0.950000000000003, 0.950000000000003, 0.950000000000003, 0.950000000000003, 0.950000000000003, 0.950000000000003, 0.950000000000003, 0.950000000000003],
      "base": [0, 0, 0, 0, 0, 0, 0, 0, 0, 0, 0, 0, 0, 0, 0, 0, 0, 0, 0, 0, 0, 0, 0, 0, 0, 0, 0, 0, 0, 0, 0, 0],
      "x": [1, 2, 3, 4, 5, 6, 7, 8, 9, 10, 11, 12, 13, 14, 15, 16, 17, 18, 19, 20, 21, 22, 23, 24, 25, 26, 27, 28, 29, 30, 31, 32],
      "y": [0.458585858585859, 0.274747474747475, 0.246464646464646, 0.15959595959596, 0.157575757575758, 0.129292929292929, 0.121212121212121, 0.119191919191919, 0.107070707070707, 0.105050505050505, 0.103030303030303, 0.0868686868686869, 0.0808080808080808, 0.0787878787878788, 0.0747474747474747, 0.0727272727272727, 0.0707070707070707, 0.0585858585858586, 0.0585858585858586, 0.0565656565656566, 0.0424242424242424, 0.0343434343434343, 0.0282828282828283, 0.0202020202020202, 0.0202020202020202, 0.0141414141414141, 0.0121212121212121, 0.0101010101010101, 0.00808080808080808, 0.00606060606060606, 0.00606060606060606, 0.00404040404040404],
      "text": ["Category: Visualisation<br />Prop: 0.458585859<br />Count: 227<br />Percent: 45.9", "Category: Clustering<br />Prop: 0.274747475<br />Count: 136<br />Percent: 27.5", "Category: Dimensionality Reduction<br />Prop: 0.246464646<br />Count: 122<br />Percent: 24.6", "Category: Normalisation<br />Prop: 0.159595960<br />Count: 79<br />Percent: 16", "Category: Ordering<br />Prop: 0.157575758<br />Count: 78<br />Percent: 15.8", "Category: Differential Expression<br />Prop: 0.129292929<br />Count: 64<br />Percent: 12.9", "Category: Quality Control<br />Prop: 0.121212121<br />Count: 60<br />Percent: 12.1", "Category: Interactive<br />Prop: 0.119191919<br />Count: 59<br />Percent: 11.9", "Category: Gene Networks<br />Prop: 0.107070707<br />Count: 53<br />Percent: 10.7", "Category: Integration<br />Prop: 0.105050505<br />Count: 52<br />Percent: 10.5", "Category: Marker Genes<br />Prop: 0.103030303<br />Count: 51<br />Percent: 10.3", "Category: Simulation<br />Prop: 0.086868687<br />Count: 43<br />Percent: 8.7", "Category: Variable Genes<br />Prop: 0.080808081<br />Count: 40<br />Percent: 8.1", "Category: Classification<br />Prop: 0.078787879<br />Count: 39<br />Percent: 7.9", "Category: Imputation<br />Prop: 0.074747475<br />Count: 37<br />Percent: 7.5", "Category: Gene Filtering<br />Prop: 0.072727273<br />Count: 36<br />Percent: 7.3", "Category: Quantification<br />Prop: 0.070707071<br />Count: 35<br />Percent: 7.1", "Category: Expression Patterns<br />Prop: 0.058585859<br />Count: 29<br />Percent: 5.9", "Category: UMIs<br />Prop: 0.058585859<br />Count: 29<br />Percent: 5.9", "Category: Gene Sets<br />Prop: 0.056565657<br />Count: 28<br />Percent: 5.7", "Category: Alignment<br />Prop: 0.042424242<br />Count: 21<br />Percent: 4.2", "Category: Variants<br />Prop: 0.034343434<br />Count: 17<br />Percent: 3.4", "Category: Cell Cycle<br />Prop: 0.028282828<br />Count: 14<br />Percent: 2.8", "Category: Alternative Splicing<br />Prop: 0.020202020<br />Count: 10<br />Percent: 2", "Category: Immune<br />Prop: 0.020202020<br />Count: 10<br />Percent: 2", "Category: Rare Cells<br />Prop: 0.014141414<br />Count: 7<br />Percent: 1.4", "Category: Assembly<br />Prop: 0.012121212<br />Count: 6<br />Percent: 1.2", "Category: Allele Specific<br />Prop: 0.010101010<br />Count: 5<br />Percent: 1", "Category: Stem Cells<br />Prop: 0.008080808<br />Count: 4<br />Percent: 0.8", "Category: Modality<br />Prop: 0.006060606<br />Count: 3<br />Percent: 0.6", "Category: Transformation<br />Prop: 0.006060606<br />Count: 3<br />Percent: 0.6", "Category: Haplotypes<br />Prop: 0.004040404<br />Count: 2<br />Percent: 0.4"],
      "type": "bar",
      "marker": {
        "autocolorscale": false,
        "color": "rgba(122,82,199,1)",
        "line": {
          "width": 1.88976377952756,
          "color": "transparent"
        }
      },
      "showlegend": false,
      "xaxis": "x",
      "yaxis": "y",
      "hoverinfo": "text",
      "frame": null
    }
  ],
  "layout": {
    "margin": {
      "t": 0,
      "r": 10,
      "b": 0,
      "l": 55
    },
    "font": {
      "color": "rgba(0,0,0,1)",
      "family": "",
      "size": 18.5969281859693
    },
    "xaxis": {
      "domain": [0, 1],
      "automargin": true,
      "type": "linear",
      "autorange": false,
      "range": [0.4, 32.6],
      "tickmode": "array",
      "ticktext": ["Visualisation", "Clustering", "Dimensionality Reduction", "Normalisation", "Ordering", "Differential Expression", "Quality Control", "Interactive", "Gene Networks", "Integration", "Marker Genes", "Simulation", "Variable Genes", "Classification", "Imputation", "Gene Filtering", "Quantification", "Expression Patterns", "UMIs", "Gene Sets", "Alignment", "Variants", "Cell Cycle", "Alternative Splicing", "Immune", "Rare Cells", "Assembly", "Allele Specific", "Stem Cells", "Modality", "Transformation", "Haplotypes"],
      "tickvals": [1, 2, 3, 4, 5, 6, 7, 8, 9, 10, 11, 12, 13, 14, 15, 16, 17, 18, 19, 20, 21, 22, 23, 24, 25, 26, 27, 28, 29, 30, 31, 32],
      "categoryorder": "array",
      "categoryarray": ["Visualisation", "Clustering", "Dimensionality Reduction", "Normalisation", "Ordering", "Differential Expression", "Quality Control", "Interactive", "Gene Networks", "Integration", "Marker Genes", "Simulation", "Variable Genes", "Classification", "Imputation", "Gene Filtering", "Quantification", "Expression Patterns", "UMIs", "Gene Sets", "Alignment", "Variants", "Cell Cycle", "Alternative Splicing", "Immune", "Rare Cells", "Assembly", "Allele Specific", "Stem Cells", "Modality", "Transformation", "Haplotypes"],
      "nticks": null,
      "ticks": "outside",
      "tickcolor": "rgba(0,0,0,1)",
      "ticklen": 4.64923204649232,
      "tickwidth": 0.66417600664176,
      "showticklabels": true,
      "tickfont": {
        "color": "rgba(0,0,0,1)",
        "family": "",
        "size": 7
      },
      "tickangle": -60,
      "showline": true,
      "linecolor": "rgba(0,0,0,1)",
      "linewidth": 0.66417600664176,
      "showgrid": false,
      "gridcolor": null,
      "gridwidth": 0,
      "zeroline": false,
      "anchor": "y",
      "title": {
        "text": "",
        "font": {
          "color": null,
          "family": null,
          "size": 9
        }
      },
      "hoverformat": ".2f",
      "fixedrange": true
    },
    "yaxis": {
      "domain": [0, 1],
      "automargin": true,
      "type": "linear",
      "autorange": false,
      "range": [-0.0229292929292929, 0.481515151515152],
      "tickmode": "array",
      "ticktext": ["0.0%", "10.0%", "20.0%", "30.0%", "40.0%"],
      "tickvals": [0, 0.1, 0.2, 0.3, 0.4],
      "categoryorder": "array",
      "categoryarray": ["0.0%", "10.0%", "20.0%", "30.0%", "40.0%"],
      "nticks": null,
      "ticks": "outside",
      "tickcolor": "rgba(0,0,0,1)",
      "ticklen": 4.64923204649232,
      "tickwidth": 0.66417600664176,
      "showticklabels": true,
      "tickfont": {
        "color": "rgba(0,0,0,1)",
        "family": "",
        "size": 7
      },
      "tickangle": -0,
      "showline": true,
      "linecolor": "rgba(0,0,0,1)",
      "linewidth": 0.66417600664176,
      "showgrid": false,
      "gridcolor": null,
      "gridwidth": 0,
      "zeroline": false,
      "anchor": "x",
      "title": {
        "text": "Percentage of tools",
        "font": {
          "color": "rgba(0,0,0,1)",
          "family": "",
          "size": 9
        }
      },
      "hoverformat": ".2f",