{
  "data": [
    {
      "orientation": "v",
      "width": [0.95, 0.95, 0.95, 0.95, 0.949999999999999, 0.949999999999999, 0.949999999999999, 0.949999999999999, 0.949999999999999, 0.949999999999999, 0.949999999999999, 0.949999999999999, 0.949999999999999, 0.949999999999999, 0.949999999999999, 0.950000000000001, 0.950000000000003, 0.950000000000003, 0.950000000000003, 0.950000000000003, 0.950000000000003, 0.950000000000003, 0.950000000000003, 0.950000000000003, 0.950000000000003, 0.950000000000003, 0.950000000000003, 0.950000000000003, 0.950000000000003, 0.950000000000003, 0.950000000000003, 0.950000000000003],
      "base": [0, 0, 0, 0, 0, 0, 0, 0, 0, 0, 0, 0, 0, 0, 0, 0, 0, 0, 0, 0, 0, 0, 0, 0, 0, 0, 0, 0, 0, 0, 0, 0],
      "x": [1, 2, 3, 4, 5, 6, 7, 8, 9, 10, 11, 12, 13, 14, 15, 16, 17, 18, 19, 20, 21, 22, 23, 24, 25, 26, 27, 28, 29, 30, 31, 32],
      "y": [0.457661290322581, 0.274193548387097, 0.245967741935484, 0.159274193548387, 0.157258064516129, 0.129032258064516, 0.118951612903226, 0.118951612903226, 0.108870967741935, 0.106854838709677, 0.104838709677419, 0.0887096774193548, 0.0806451612903226, 0.0786290322580645, 0.0745967741935484, 0.0725806451612903, 0.0705645161290323, 0.0604838709677419, 0.0584677419354839, 0.0544354838709677, 0.0423387096774194, 0.0342741935483871, 0.0282258064516129, 0.0201612903225806, 0.0201612903225806, 0.0141129032258065, 0.0120967741935484, 0.0100806451612903, 0.00806451612903226, 0.00604838709677419, 0.00604838709677419, 0.00403225806451613],
      "text": ["Category: Visualisation<br />Prop: 0.457661290<br />Count: 227<br />Percent: 45.8", "Category: Clustering<br />Prop: 0.274193548<br />Count: 136<br />Percent: 27.4", "Category: Dimensionality Reduction<br />Prop: 0.245967742<br />Count: 122<br />Percent: 24.6", "Category: Normalisation<br />Prop: 0.159274194<br />Count: 79<br />Percent: 15.9", "Category: Ordering<br />Prop: 0.157258065<br />Count: 78<br />Percent: 15.7", "Category: Differential Expression<br />Prop: 0.129032258<br />Count: 64<br />Percent: 12.9", "Category: Interactive<br />Prop: 0.118951613<br />Count: 59<br />Percent: 11.9", "Category: Quality Control<br />Prop: 0.118951613<br />Count: 59<br />Percent: 11.9", "Category: Gene Networks<br />Prop: 0.108870968<br />Count: 54<br />Percent: 10.9", "Category: Marker Genes<br />Prop: 0.106854839<br />Count: 53<br />Percent: 10.7", "Category: Integration<br />Prop: 0.104838710<br />Count: 52<br />Percent: 10.5", "Category: Simulation<br />Prop: 0.088709677<br />Count: 44<br />Percent: 8.9", "Category: Variable Genes<br />Prop: 0.080645161<br />Count: 40<br />Percent: 8.1", "Category: Classification<br />Prop: 0.078629032<br />Count: 39<br />Percent: 7.9", "Category: Imputation<br />Prop: 0.074596774<br />Count: 37<br />Percent: 7.5", "Category: Gene Filtering<br />Prop: 0.072580645<br />Count: 36<br />Percent: 7.3", "Category: Quantification<br />Prop: 0.070564516<br />Count: 35<br />Percent: 7.1", "Category: Gene Sets<br />Prop: 0.060483871<br />Count: 30<br />Percent: 6", "Category: UMIs<br />Prop: 0.058467742<br />Count: 29<br />Percent: 5.8", "Category: Expression Patterns<br />Prop: 0.054435484<br />Count: 27<br />Percent: 5.4", "Category: Alignment<br />Prop: 0.042338710<br />Count: 21<br />Percent: 4.2", "Category: Variants<br />Prop: 0.034274194<br />Count: 17<br />Percent: 3.4", "Category: Cell Cycle<br />Prop: 0.028225806<br />Count: 14<br />Percent: 2.8", "Category: Alternative Splicing<br />Prop: 0.020161290<br />Count: 10<br />Percent: 2", "Category: Immune<br />Prop: 0.020161290<br />Count: 10<br />Percent: 2", "Category: Rare Cells<br />Prop: 0.014112903<br />Count: 7<br />Percent: 1.4", "Category: Assembly<br />Prop: 0.012096774<br />Count: 6<br />Percent: 1.2", "Category: Allele Specific<br />Prop: 0.010080645<br />Count: 5<br />Percent: 1", "Category: Stem Cells<br />Prop: 0.008064516<br />Count: 4<br />Percent: 0.8", "Category: Modality<br />Prop: 0.006048387<br />Count: 3<br />Percent: 0.6", "Category: Transformation<br />Prop: 0.006048387<br />Count: 3<br />Percent: 0.6", "Category: Haplotypes<br />Prop: 0.004032258<br />Count: 2<br />Percent: 0.4"],
      "type": "bar",
      "marker": {
        "autocolorscale": false,
        "color": "rgba(122,82,199,1)",
        "line": {
          "width": 1.88976377952756,
          "color": "transparent"
        }
      },
      "showlegend": false,
      "xaxis": "x",
      "yaxis": "y",
      "hoverinfo": "text",
      "frame": null
    }
  ],
  "layout": {
    "margin": {
      "t": 0,
      "r": 10,
      "b": 0,
      "l": 55
    },
    "font": {
      "color": "rgba(0,0,0,1)",
      "family": "",
      "size": 18.5969281859693
    },
    "xaxis": {
      "domain": [0, 1],
      "automargin": true,
      "type": "linear",
      "autorange": false,
      "range": [0.4, 32.6],
      "tickmode": "array",
      "ticktext": ["Visualisation", "Clustering", "Dimensionality Reduction", "Normalisation", "Ordering", "Differential Expression", "Interactive", "Quality Control", "Gene Networks", "Marker Genes", "Integration", "Simulation", "Variable Genes", "Classification", "Imputation", "Gene Filtering", "Quantification", "Gene Sets", "UMIs", "Expression Patterns", "Alignment", "Variants", "Cell Cycle", "Alternative Splicing", "Immune", "Rare Cells", "Assembly", "Allele Specific", "Stem Cells", "Modality", "Transformation", "Haplotypes"],
      "tickvals": [1, 2, 3, 4, 5, 6, 7, 8, 9, 10, 11, 12, 13, 14, 15, 16, 17, 18, 19, 20, 21, 22, 23, 24, 25, 26, 27, 28, 29, 30, 31, 32],
      "categoryorder": "array",
      "categoryarray": ["Visualisation", "Clustering", "Dimensionality Reduction", "Normalisation", "Ordering", "Differential Expression", "Interactive", "Quality Control", "Gene Networks", "Marker Genes", "Integration", "Simulation", "Variable Genes", "Classification", "Imputation", "Gene Filtering", "Quantification", "Gene Sets", "UMIs", "Expression Patterns", "Alignment", "Variants", "Cell Cycle", "Alternative Splicing", "Immune", "Rare Cells", "Assembly", "Allele Specific", "Stem Cells", "Modality", "Transformation", "Haplotypes"],
      "nticks": null,
      "ticks": "outside",
      "tickcolor": "rgba(0,0,0,1)",
      "ticklen": 4.64923204649232,
      "tickwidth": 0.66417600664176,
      "showticklabels": true,
      "tickfont": {
        "color": "rgba(0,0,0,1)",
        "family": "",
        "size": 7
      },
      "tickangle": -60,
      "showline": true,
      "linecolor": "rgba(0,0,0,1)",
      "linewidth": 0.66417600664176,
      "showgrid": false,
      "gridcolor": null,
      "gridwidth": 0,
      "zeroline": false,
      "anchor": "y",
      "title": {
        "text": "",
        "font": {
          "color": null,
          "family": null,
          "size": 9
        }
      },
      "hoverformat": ".2f",
      "fixedrange": true
    },
    "yaxis": {
      "domain": [0, 1],
      "automargin": true,
      "type": "linear",
      "autorange": false,
      "range": [-0.022883064516129, 0.48054435483871],
      "tickmode": "array",
      "ticktext": ["0.0%", "10.0%", "20.0%", "30.0%", "40.0%"],
      "tickvals": [0, 0.1, 0.2, 0.3, 0.4],
      "categoryorder": "array",
      "categoryarray": ["0.0%", "10.0%", "20.0%", "30.0%", "40.0%"],
      "nticks": null,
      "ticks": "outside",
      "tickcolor": "rgba(0,0,0,1)",
      "ticklen": 4.64923204649232,
      "tickwidth": 0.66417600664176,
      "showticklabels": true,
      "tickfont": {
        "color": "rgba(0,0,0,1)",
        "family": "",
        "size": 7
      },
      "tickangle": -0,
      "showline": true,
      "linecolor": "rgba(0,0,0,1)",
      "linewidth": 0.66417600664176,
      "showgrid": false,
      "gridcolor": null,
      "gridwidth": 0,
      "zeroline": false,
      "anchor": "x",
      "title": {
        "text": "Percentage of tools",
        "font": {
          "color": "rgba(0,0,0,1)",
          "family": "",
          "size": 9
        }
      },
      "hoverformat": ".2f",